locate,symbol,prints,unpriced,min_tick,max_tick,shares,vwap_micro
7653,NCEW,4,0,150000,150000,7,150000000000
9317,RAVI,1,0,753700,753700,90,753700000000
9525,RITR,1,0,4877,4877,100,4877000000
2845,DDFY,1,0,210000,210000,1,210000000000
4067,FGRU,1,0,231700,231700,3,231700000000
5730,IMTB,7,0,428700,428700,500,428700000000
9777,SABSW,2,0,196,196,3000,196000000
11533,UPW,1,0,227200,227200,15,227200000000
6119,JETU,1,0,244000,244000,46,244000000000
8976,PSEC-A,1,0,167200,167200,1,167200000000
8152,ODHY,1,0,101500,101500,2,101500000000
6668,LGHT,1,0,80900,80900,2,80900000000
5404,HYGH,1,0,860000,860000,139,860000000000
7435,MSST,2,0,417400,417400,3,417400000000
4264,FNGO,1,0,1332000,1332000,60,1332000000000
11763,VGHY,1,0,745000,745000,4,745000000000
5534,IBX,1,0,192200,192200,50,192200000000
8892,PRENW,1,0,178,178,474,178000000
2238,CLIP,2,0,1002300,1002300,1596,1002300000000
5056,GYLD,1,0,138900,138900,1,138900000000
8091,NYYY,1,0,487400,487400,25,487400000000
2507,CRAC,1,0,100800,100800,30,100800000000
7241,MLCIL,1,0,233700,233700,1,233700000000
5610,IFBD,1,0,9200,9200,1,9200000000
7029,MCHX,1,0,16200,16200,511,16200000000
5250,HNNAZ,1,0,250900,250900,2,250900000000
6917,MACI,1,0,108500,108500,862,108500000000
6639,LFAC,4,0,100000,100000,690,100000000000
6447,KPLTW,1,0,18,18,500,18000000
4576,GDHG,1,0,17500,17500,2,17500000000
9953,SDHI,2,0,103900,103900,1380,103900000000
2274,CLWT,1,0,12000,12000,2,12000000000
8381,OXLCP,1,0,249400,249400,3,249400000000
6851,LTCC,1,0,139600,139600,100,139600000000
6794,LPBB,1,0,106800,106800,2,106800000000
3068,DMII,1,0,100300,100300,900,100300000000
7080,MEGL,1,0,11000,11000,108,11000000000
5740,INAC,1,0,102400,102400,862,102400000000
4235,FMFC,1,0,4085,4085,100,4085000000
3815,EXOZ,1,0,95000,95000,34,95000000000
5236,HLXC,1,0,102000,102000,5,102000000000
8949,PSA-K,1,0,187100,187100,90,187100000000
5042,GWX,1,0,457600,457600,100,457600000000
3506,EMET,1,0,439900,439900,1,439900000000
8872,PQAP,1,0,317100,317100,26,317100000000
8190,OIMAU,1,0,101400,101400,100,101400000000
4052,FGDL,3,0,605100,605500,300,605333333333
9793,SAIH,2,0,115100,115100,2,115100000000
2762,DABS,1,0,503700,503700,100,503700000000
8273,OPHC,3,0,54900,55000,202,54999009900
3983,FEBW,1,0,352000,352000,100,352000000000
2422,COPL,1,0,103900,103900,1,103900000000
7975,NUEM,3,0,406600,406700,200,406650000000
487,AMAX,2,0,80000,80000,37,80000000000
5143,HECO,1,0,585400,585400,1,585400000000
7379,MRT,1,0,20400,20400,4,20400000000
1994,CCTG,4,0,4699,4800,273,4788428571
2519,CRBD,4,0,231300,231300,300,231300000000
9147,QETA,5,0,116400,117700,206,117674757281
8111,OBA,1,0,102300,102300,1,102300000000
8377,OXLCL,1,0,244700,244700,20,244700000000
7920,NSA-B,1,0,287500,287500,19,287500000000
3136,DRMAW,1,0,139,139,29,139000000
6582,LCCCU,1,0,104400,104400,4,104400000000
3297,EAOK,1,0,278600,278600,14,278600000000
457,ALOVU,1,0,100300,100300,3,100300000000
6832,LRNZ,1,0,504900,504900,30,504900000000
6493,KTH,1,0,281300,281300,1,281300000000
5987,IVSI,1,0,277000,277000,18,277000000000
3148,DSAC,1,0,99500,99500,3,99500000000
3999,FEMR,1,0,400000,400000,1,400000000000
12135,WLIIU,1,0,101500,101500,1,101500000000
2626,CTAAR,4,0,2100,2100,2495,2100000000
6454,KRAQU,1,0,100800,100800,10,100800000000
6073,JATT,2,0,105100,105100,45,105100000000
6368,KIQQ,1,0,258100,258100,1,258100000000
6976,MAYU,7,0,338700,338700,18,338700000000
12315,XHG,6,0,9900,10000,13,9953846153
7792,NIVFW,3,0,234,234,3,234000000
9681,RSSL,1,0,1085700,1085700,38,1085700000000
6444,KPET=,1,0,100100,100100,6,100100000000
6653,LFSC,2,0,371000,371200,50,371120000000
8382,OXLCZ,4,0,247300,247300,8,247300000000
4299,FOXXW,3,0,870,900,840,875000000
8947,PSA-I,1,0,192100,192100,55,192100000000
6138,JHDV,1,0,452500,452500,48,452500000000
3159,DSMC,1,0,382000,382000,10,382000000000
9139,QDF,6,0,874800,875000,604,874915894039
3546,ENHU,2,0,273700,273700,2001,273700000000
4552,GCAD,6,0,507400,507400,876,507400000000
3043,DLNG-A,1,0,261000,261000,1,261000000000
2665,CUB,2,0,108000,108000,108,108000000000
8804,PMTR,7,0,102900,103400,5809,102901067309
4777,GLXG,6,0,8000,8350,587,8224446337
4018,FEUS,2,0,800900,800900,29,800900000000
7160,MGRB,1,0,168800,168800,100,168800000000
7234,MLAAU,1,0,102000,102000,700,102000000000
9276,QVMS,1,0,313700,313700,3,313700000000
7985,NULV,1,0,495700,495700,26,495700000000
7479,MTUL,1,0,526100,526100,59,526100000000
6262,JVAL,3,0,545400,545500,91,545410989010
6035,IYLD,1,0,220800,220800,5,220800000000
2941,DFSCW,1,0,280,280,10000,280000000
6010,IWMW,1,0,379000,379000,6,379000000000
4221,FMAG,1,0,360000,360000,1,360000000000
3609,EQAL,5,0,568500,568700,220,568600000000
2061,CETY,37,0,7334,7700,1760,7462931250
8680,PHXE-,6,0,239000,239100,6,239083333333
9176,QLVD,1,0,327800,327800,1,327800000000
7530,MWG,3,0,13200,13200,23,13200000000
3014,DIVN,1,0,284400,284400,100,284400000000
6975,MAYT,1,0,385400,385400,100,385400000000
5105,HCAC,1,0,100000,100000,13,100000000000
3325,ECF,11,0,127600,128000,827,127971463119
6053,JACS^,3,0,1500,1500,300,1500000000
687,ARCIU,1,0,100600,100600,4,100600000000
9673,RSPM,2,0,383600,383900,15,383620000000
3924,FCRS+,1,0,7559,7559,100,7559000000
9929,SCPQU,1,0,100600,100600,39,100600000000
5847,IPCX,27,0,103000,103100,857,103000233372
3870,FB,9,0,444300,445800,900,445411111111
4526,GAPR,1,0,412700,412700,100,412700000000
9450,RFAMU,1,0,99600,99600,21,99600000000
5782,INLX,8,0,67000,68900,338,67025147928
5994,IVVM,1,0,365800,365800,2,365800000000
6337,KEY-K,6,0,212500,212500,340,212500000000
4055,FGIIU,2,0,99700,99700,13,99700000000
6584,LCDS,1,0,705400,705400,28,705400000000
4417,FTMU,1,0,77800,77800,3,77800000000
4357,FSHP,2,0,110500,110900,500,110899200000
10156,SIZE,11,0,1696600,1699300,500,1697980000000
8482,PBJ,1,0,480500,480500,29,480500000000
8241,ONEO,1,0,1441600,1441600,1,1441600000000
5113,HCIC,1,0,98900,98900,25,98900000000
9448,RFAM,2,0,98600,98700,31,98612903225
4225,FMAY,20,0,555600,556200,4760,556110504201
3020,DJAN,2,0,450800,450800,100,450800000000
3180,DTF,1,0,114000,114000,48,114000000000
4078,FHN-E,4,0,244900,245800,37,244929729729
6814,LQDH,1,0,932100,932100,13,932100000000
12640,ZTWO,10,0,504400,504400,53,504400000000
5483,IBHK,3,0,255100,255100,200,255100000000
3349,EDGF,2,0,247600,247600,600,247600000000
4298,FOXX,3,0,45000,45000,43,45000000000
5287,HPF,4,0,158400,158500,5,158440000000
5502,IBMO,2,0,256400,256400,600,256400000000
6984,MBAVW,3,0,3500,3500,84,3500000000
686,ARCI,1,0,99500,99500,16,99500000000
10959,TGE,1,0,9900,9900,6,9900000000
11352,TWLV,3,0,99700,100000,1031,99999612027
4861,GPAC,19,0,99600,100100,1487,99944922663
5952,ITHA,2,0,99800,99800,860,99800000000
8603,PETZ,6,0,9600,9600,147,9600000000
3775,EVX,3,0,391000,391600,7,391357142857
3441,EICA,1,0,249100,249100,1,249100000000
2662,CTW,5,0,29100,29100,200,29100000000
9124,QCAP,1,0,246900,246900,23,246900000000
9861,SCAG,3,0,7250,7300,254,7253937007
6827,LRGG,4,0,281200,281500,116,281484482758
6041,IYY,9,0,1792700,1795400,752,1793200930851
4241,FMQQ,3,0,111700,111700,404,111700000000
3723,EUO,1,0,294600,294600,400,294600000000
9106,QB,1,0,463800,463800,100,463800000000
6671,LGL,4,0,70000,70000,142,70000000000
4989,GTEN,1,0,103700,103700,8,103700000000
10413,SPD,1,0,410700,410700,1000,410700000000
10057,SGLC,3,0,428200,428200,102,428200000000
6672,LGLV,2,0,1763900,1766200,200,1765050000000
8582,PEB-G,4,0,197400,198500,975,198140512820
5432,IACOU,1,0,99900,99900,92,99900000000
2514,CRANR,1,0,2200,2200,900,2200000000
3663,ESMV,1,0,293500,293500,1,293500000000
4931,GRPM,1,0,1240700,1240700,3,1240700000000
6309,KCHV,3,0,103200,103200,17,103200000000
5102,HBTA,1,0,320600,320600,100,320600000000
3019,DIVZ,1,0,376300,376300,73,376300000000
3065,DMAY,2,0,467600,467600,600,467600000000
8104,OAK-B,1,0,206000,206000,79,206000000000
8953,PSA-O,1,0,151800,151800,39,151800000000
2811,DBRG-H,1,0,160700,160700,4,160700000000
2298,CMII,1,0,99000,99000,11,99000000000
7008,MBVI,1,0,101300,101300,3,101300000000
4294,FOWF,2,0,326100,326100,106,326100000000
9956,SDHY,2,0,157800,158200,101,157803960396
4381,FTAG,1,0,297700,297700,1,297700000000
6278,KAPA,5,0,4900,4900,100,4900000000
4886,GPUS-D,3,0,197400,197400,100,197400000000
5128,HCXY,1,0,248000,248000,91,248000000000
3994,FELV,1,0,382600,382600,100,382600000000
3673,ESSC,1,0,289800,289800,37,289800000000
3447,EINC,3,0,1231800,1255700,13,1249376923076
4699,GINN,1,0,765000,765000,1,765000000000
4199,FLTB,6,0,501300,501400,270,501362592592
9185,QMMY,1,0,260500,260500,100,260500000000
7986,NUMG,10,0,452800,453900,203,453422660098
2602,CSIO,1,0,286600,286600,14,286600000000
6120,JF,6,0,10000,10000,383,10000000000
3596,EPR-E,2,0,327100,327900,97,327891752577
4102,FINT,1,0,352700,352700,100,352700000000
5744,INBKZ,2,0,246500,247000,189,246989417989
6142,JHI,3,0,130800,130900,1378,130863715529
4544,GBIL,2,0,1000400,1000400,2739,1000400000000
11610,USSH,1,0,503700,503700,100,503700000000
7738,NFLP,1,0,228300,228300,2,228300000000
9772,SAAQU,3,0,104500,105200,802,105068578553
8658,PGRO,2,0,477300,477500,221,477433031674
2983,DHS,2,0,1106300,1106800,143,1106625174825
3613,EQH-C,1,0,161600,161600,100,161600000000
7549,MYCO,1,0,242700,242700,180,242700000000
10109,SHYL,6,0,441800,442500,400,442225000000
6099,JDOC,2,0,554400,554500,507,554498619329
951,AVUQ,5,0,657200,659300,1103,659058567543
11224,TRTN-A,1,0,260000,260000,100,260000000000
8475,PBFB,1,0,316100,316100,100,316100000000
4995,GTERW,11,0,900,948,126095,900075340
5702,IMAR,9,0,298100,298300,1600,298218750000
11340,TVE,3,0,234000,234000,300,234000000000
4050,FGBIP,10,0,199100,201500,671,199878539493
2752,CZA,1,0,1149900,1149900,39,1149900000000
5170,HFBL,2,0,197400,202400,14,198471428571
2855,DDT,2,0,261500,262300,100,262292000000
6300,KBWP,1,0,1188000,1188000,5,1188000000000
5295,HQGO,1,0,641300,641300,1,641300000000
7617,NBB,12,0,156000,156600,845,156315266272
4841,GOODN,1,0,222700,222700,100,222700000000
7826,NMI,4,0,108000,108600,69,108391304347
9237,QSIAW,1,0,463,463,100,463000000
5371,HVAC,1,0,405800,405800,17,405800000000
9752,RYDE,18,0,9800,9800,610,9800000000
1754,BUL,1,0,572400,572400,17,572400000000
5178,HFRO-A,6,0,165500,165800,515,165648543689
8657,PGRI,1,0,265700,265700,500,265700000000
8389,OYSE,1,0,102400,102400,574,102400000000
8245,ONEY,1,0,1241500,1241500,97,1241500000000
2934,DFNL,2,0,456500,456500,101,456500000000
10123,SIHY,10,0,452000,452000,500,452000000000
9761,RZB,1,0,252600,252600,3,252600000000
3528,EMPB,1,0,320300,320300,715,320300000000
4641,GFAIW,1,0,500,500,121,500000000
5314,HSCS,5,0,17900,18000,135,17955555555
8380,OXLCO,1,0,238500,238500,1,238500000000
3614,EQIN,1,0,496700,496700,44,496700000000
6840,LSF,6,0,31000,31000,1010,31000000000
3393,EFC-C,1,0,254300,254300,1,254300000000
3282,DYOR,3,0,100200,100400,864,100399768518
9906,SCII,2,0,100100,100100,2,100100000000
522,AMPGR,1,0,600,600,51,600000000
10094,SHO-I,3,0,208000,208000,400,208000000000
8226,ONBPO,6,0,247700,247900,334,247866766467
9417,REMC,1,0,211600,211600,64,211600000000
5928,ISRA,1,0,670000,670000,750,670000000000
3309,EBI,2,0,630800,630900,120,630801666666
9689,RTACU,3,0,107100,107700,1232,107627597402
4148,FLCG,1,0,344800,344800,470,344800000000
3690,ETHO,2,0,727100,727100,20,727100000000
4366,FSMB,1,0,199400,199400,100,199400000000
7291,MNDO,72,0,9200,9300,3541,9200296526
4281,FOF,4,0,137400,137500,455,137462857142
4043,FFOG,2,0,499300,501900,130,499900000000
7120,MFAO,7,0,251200,251200,2500,251200000000
5127,HCWC,1,0,2710,2710,1,2710000000
7909,NRP,5,0,1067300,1068600,39,1067807692307
1794,BWIV=,1,0,101300,101300,100,101300000000
12067,WENC,2,0,98900,98900,200,98900000000
2052,CEPS,3,0,102000,102300,221,102028506787
9927,SCOW,1,0,199800,199800,33,199800000000
2515,CRANU,11,0,102200,102200,930,102200000000
2666,CUBB,1,0,227000,227000,54,227000000000
9355,RCS,5,0,54000,54200,349,54120343839
12139,WLTG,1,0,373800,373800,1100,373800000000
10131,SIM,12,0,308600,309200,32,308712500000
12023,WBS-G,2,0,241900,242000,101,241900990099
4482,FXE,4,0,1072200,1072300,328,1072292987804
3207,DULL,1,0,549600,549600,1,549600000000
9405,REGCP,5,0,233000,233000,100,233000000000
7050,MDBH,1,0,33800,33800,1,33800000000
7557,MYHE,1,0,247900,247900,403,247900000000
7886,NPFE,2,0,262200,262600,692,262489017341
3214,DUSA,1,0,560300,560300,11,560300000000
6620,LEGO,1,0,98900,98900,12,98900000000
6255,JUNS,26,0,3334,3380,672,3377803571
6522,KYC,1,0,237500,237500,2,237500000000
432,ALISR,2,0,5600,5602,145,5601268965
2812,DBRG-I,2,0,160400,161000,140,160571428571
2185,CICC,1,0,249200,249200,100,249200000000
9657,RSHO,2,0,565400,566000,2,565700000000
4589,GDTC,39,0,9901,11700,8792,10900845655
1582,BPRO,2,0,225600,225600,117,225600000000
11855,VNO-O,5,0,151300,151400,212,151398584905
3435,EHI,4,0,59900,60000,277,59972202166
6144,JHLN,6,0,247600,247900,1800,247794444444
3535,EMTY,1,0,126300,126300,1,126300000000
849,ATMP,2,0,361400,361700,54,361677777777
4057,FGIWW,1,0,401,401,2331,401000000
2757,CZWI,50,0,205400,207400,1447,206243331029
8646,PGAC,5,0,105200,105300,268,105255970149
6336,KEY-J,6,0,212800,213700,353,213272521246
1508,BNCWW,13,0,153,224,16541,194714346
3286,DZZ,2,0,20700,21200,104,20719230769
6955,MARZ,1,0,364000,364000,90,364000000000
8269,OPER,2,0,1002100,1002100,145,1002100000000
9541,RKTL,3,0,103800,107400,122,104322950819
6279,KAPR,11,0,383900,384200,5155,383900543161
88,ACAA,6,0,99300,99300,700,99300000000
9462,RFM,2,0,145800,145800,338,145800000000
5159,HEQ,4,0,113500,113500,500,113500000000
6709,LIQT,6,0,20500,21000,559,20714669051
6895,LXP-C,1,0,465500,465500,100,465500000000
6836,LSBK,10,0,157300,157900,113,157532743362
789,ASPC,1,0,111100,111100,1,111100000000
11062,TLTX,1,0,225600,225600,15,225600000000
9309,RANG,1,0,106100,106100,67,106100000000
10093,SHO-H,2,0,214700,214700,101,214700000000
7894,NPWR+,1,0,3400,3400,780,3400000000
8346,OTH,2,0,25800,26300,44,25822727272
132,ACP-A,2,0,198600,199000,200,198800000000
3725,EURKR,1,0,3200,3200,1,3200000000
8385,OXSQG,1,0,241900,241900,100,241900000000
5097,HBNB,13,0,59700,60500,433,60296304849
4238,FMN,1,0,111800,111800,100,111800000000
115,ACII,2,0,256800,256800,24,256800000000
2492,CPSN,1,0,275100,275100,36,275100000000
3537,EMXF,2,0,543500,544300,746,544192761394
3533,EMSF,1,0,384000,384000,20,384000000000
6920,MADE,1,0,368000,368000,100,368000000000
4119,FIVA,4,0,370500,370800,421,370692399049
9865,SCCD,1,0,247400,247400,100,247400000000
6205,JPIN,10,0,732200,733000,80,732682500000
2487,CPSF,8,0,260900,260900,1400,260900000000
4578,GDL,7,0,84600,84600,27,84600000000
8099,OACCW,4,0,8400,8400,400,8400000000
3703,ETRL,3,0,138800,142700,231,140810822510
2782,DAT,1,0,398700,398700,5,398700000000
8401,PAACW,2,0,3300,3300,4100,3300000000
8277,OPP-A,1,0,166200,166200,100,166200000000
2969,DGS,1,0,634700,634700,17,634700000000
9770,SAA,1,0,311700,311700,1,311700000000
7859,NOEM,5,0,104200,104400,926,104331749460
7237,MLAC,53,0,105900,106000,18336,105900190881
844,ATLCP,5,0,238600,240000,110,239943636363
9811,SAT,1,0,248500,248500,66,248500000000
2732,CXAIW,5,0,340,380,1320,356484848
10030,SFB,11,0,200000,200700,285,200219298245
4161,FLG-A,6,0,232500,233000,554,232827797833
7764,NHICW,25,0,6587,7500,3599,7151240066
2735,CXH,2,0,79100,79100,120,79100000000
8047,NWAX=,1,0,103500,103500,64,103500000000
2120,CGV,16,0,164400,165400,3142,164813239974
7685,NE+A,1,0,295000,295000,46,295000000000
9690,RTACW,15,0,8300,9200,4456,8971678635
8399,PAAC,2,0,99100,99100,1500,99100000000
10082,SHFSW,3,0,270,270,1196,270000000
8906,PRIF-L,1,0,246000,246000,1,246000000000
5927,ISPY,5,0,478000,480200,129,479979844961
6494,KTN,1,0,260600,260600,80,260600000000
8636,PFOE,2,0,228900,229300,149,229031543624
3219,DUTY,2,0,249700,250700,115,250569565217
6638,LEXX,16,0,5921,6001,2936,5965769414
6202,JPHY,2,0,502500,502500,2,502500000000
9781,SACH,5,0,10300,10400,302,10366225165
8519,PCG-A,5,0,225000,226100,205,226040000000
4070,FGSN,1,0,220000,220000,1,220000000000
4876,GPMT-A,4,0,197500,197600,100,197502000000
9715,RVP,7,0,6400,6752,216,6625486111
9045,PTORU,1,0,99700,99700,200,99700000000
929,AVMV,13,0,776100,777200,1642,776642752740
3173,DTAN,1,0,318900,318900,6,318900000000
10579,SSSSL,2,0,250700,250700,79,250700000000
9675,RSPR,3,0,351000,351000,109,351000000000
7035,MCR,4,0,59600,60000,286,59709090909
5565,IDE,1,0,138100,138100,100,138100000000
4054,FGII,1,0,99000,99000,44,99000000000
2800,DBEU,1,0,503800,503800,41,503800000000
7393,MS-P,7,0,252100,252300,595,252133613445
8887,PRCS,4,0,275800,276600,400,276100000000
2606,CSMD,9,0,328800,329400,912,329048903508
6977,MAYW,1,0,345700,345700,100,345700000000
10910,TEKY,2,0,443000,443000,100,443000000000
3240,DVXK,2,0,356000,359500,200,357750000000
3496,EMC,1,0,358100,358100,1,358100000000
9337,RC-C,1,0,128500,128500,28,128500000000
10704,SVCC,1,0,105100,105100,1,105100000000
431,ALIS,1,0,100500,100500,1000,100500000000
5594,IEAGU,1,0,102900,102900,14,102900000000
2423,COPL+,1,0,2000,2000,72,2000000000
8987,PSHG,8,0,17200,17400,465,17261505376
3130,DRIO,27,0,83000,84000,772,83056865284
3408,EFT,3,0,108900,109300,379,109194459102
2786,DAVEW,2,0,5400,5400,209,5400000000
2926,DFIP,6,0,419100,419400,496,419260483870
3676,ESUM,3,0,286600,287600,150,286833333333
7014,MCAHU,1,0,100500,100500,100,100500000000
5615,IFLN,35,0,181300,181700,2843,181329159338
4515,GAINI,6,0,254300,255500,140,254865714285
8700,PINK,4,0,364600,365900,175,365157142857
8734,PLDR,1,0,382300,382300,300,382300000000
7209,MITP,3,0,251500,251500,500,251500000000
9997,SEIX,2,0,233400,233400,100,233400000000
2465,CPII,1,0,195100,195100,10,195100000000
3470,ELLA,4,0,256500,256500,200,256500000000
8945,PSA-G,3,0,202200,202200,100,202200000000
9444,RF-F,8,0,256400,256900,400,256873750000
2090,CGCTW,1,0,11400,11400,533,11400000000
3961,FDRR,1,0,648800,648800,20,648800000000
9038,PTMC,2,0,391200,392300,38,391634210526
5794,INQQ,1,0,120500,120500,100,120500000000
8900,PRH,4,0,232900,233100,700,232942857142
9980,SECR,3,0,252700,252900,300,252833333333
8345,OTGL,1,0,105000,105000,47,105000000000
2459,CPBI,3,0,175600,176500,20,175645000000
9360,RDACR,3,0,1700,1700,352,1700000000
4200,FLTR,15,0,255300,255500,18456,255307076289
7540,MYCF,1,0,250300,250300,42,250300000000
8705,PIT,55,0,771200,775800,4187,772032481490
10885,TDTT,6,0,242800,242800,115,242800000000
612,APAC,6,0,101000,101000,5600,101000000000
4097,FIGX,8,0,102000,102200,5104,102000156739
4506,GAB-H,11,0,201700,202100,4000,201710000000
2531,CRD.A,66,0,99200,100200,2045,99706210268
6669,LGI,3,0,175700,175800,109,175708256880
5372,HVII,2,0,104200,104300,503,104200596421
9959,SDMF,2,0,259700,260000,770,259700389610
7677,NDIV,5,0,357000,357000,650,357000000000
4981,GSUS,4,0,1019600,1025200,304,1023381578947
3742,EVGN,4,0,7100,7500,720,7405590277
9272,QUSA,2,0,186900,187000,400,186950000000
9796,SAJ,1,0,252800,252800,40,252800000000
5918,ISD,8,0,130000,130400,1900,130273684210
2474,CPNS,4,0,279300,279400,433,279369284064
6263,JWEL,5,0,23000,24300,22,23300000000
4864,GPAT,21,0,108000,108300,308,108018831168
1941,CBTO,3,0,201500,202000,300,201800000000
10232,SLXNW,1,0,120,120,100,120000000
3890,FBT,5,0,2074800,2078500,253,2077685375494
11381,TY,4,0,345800,347000,244,346175000000
8353,OUSM,3,0,456000,456600,17,456458823529
8819,PNI,2,0,69000,69000,200,69000000000
3181,DTG,1,0,167500,167500,100,167500000000
9107,QBER,1,0,238000,238000,100,238000000000
9460,RFL,12,0,13000,13100,198,13059090909
4507,GAB-K,4,0,202600,204200,400,203050000000
7507,MUSQ,1,0,261000,261000,32,261000000000
5187,HGLB,14,0,78700,80100,628,79212738853
3704,ETS,12,0,5092,5150,325,5107172307
4880,GPRF,2,0,500400,503200,26,503092307692
6411,KNGZ,1,0,387600,387600,121,387600000000
4591,GDV-H,7,0,219500,223000,858,221975291375
4170,FLJH,1,0,438100,438100,300,438100000000
6596,LCTU,6,0,788200,790000,504,789462301587
8102,OAIM,12,0,458000,462400,369,460076693766
3981,FEBT,1,0,406600,406600,260,406600000000
3369,EEA,2,0,105600,105600,200,105600000000
3353,EDGU,4,0,308500,308600,660,308518181818
8607,PEX,1,0,217600,217600,14,217600000000
3319,ECBK,81,0,175700,180500,1541,177537702790
6254,JUNP,1,0,317000,317000,500,317000000000
3476,ELOG,3,0,8000,8722,511,8614540117
5284,HPAIW,1,0,602,602,100,602000000
10077,SHE,1,0,1498100,1498100,1,1498100000000
5377,HVMCW,1,0,3500,3500,100,3500000000
5627,IGACU,1,0,102200,102200,100,102200000000
2473,CPNQ,1,0,272300,272300,200,272300000000
6953,MARU,1,0,295400,295400,200,295400000000
12259,XBAP,1,0,414400,414400,100,414400000000
8559,PDC,8,0,71500,72900,212,71888679245
9019,PSWD,1,0,359200,359200,2,359200000000
6344,KFIIR,7,0,1400,1400,700,1400000000
5669,IIM,12,0,120900,121100,669,121073094170
10028,SF-C,3,0,231500,232300,4,231975000000
9900,SCHW-D,4,0,244700,244900,703,244871123755
7813,NLY-G,4,0,250900,251500,285,251154736842
9742,RXI,1,0,1961300,1961300,13,1961300000000
8662,PGZ,7,0,97600,97600,600,97600000000
1694,BTBDW,1,0,550,550,20,550000000
5379,HVT.A,2,0,222800,222800,2,222800000000
3959,FDNI,2,0,272000,272000,26,272000000000
7224,MKLY,5,0,101200,101200,3700,101200000000
8191,OIMAW,56,0,5170,7210,8487,6123494756
4141,FLBL,3,0,230600,230600,700,230600000000
3731,EVAC,8,0,101400,101500,3933,101408466819
5401,HYFM,12,0,10000,10200,1223,10086508585
12415,XRN-A,1,0,237000,237000,100,237000000000
9161,QHY,1,0,457500,457500,38,457500000000
9494,RIET,2,0,94100,94400,108,94377777777
4314,FPXE,1,0,340800,340800,3,340800000000
4318,FRA,16,0,110600,111100,3075,110753430894
9442,RF-C,7,0,243800,244700,278,244207913669
10741,SXTPW,1,0,401,401,300,401000000
468,ALTG-A,1,0,250500,250500,87,250500000000
2404,COLO,3,0,359500,360000,1726,359565469293
8005,NVBU,4,0,307500,307500,700,307500000000
4891,GQRE,1,0,632200,632200,1,632200000000
6349,KG,15,0,107900,114000,106,111071698113
4313,FPX,1,0,1855900,1855900,67,1855900000000
7048,MDAIW,86,0,8000,8600,9134,8395149003
9934,SCUS,2,0,251600,251600,200,251600000000
3376,EEMO,1,0,217000,217000,80,217000000000
9066,PW-A,1,0,84500,84500,5,84500000000
4688,GIGB,4,0,454300,454400,414,454397584541
3273,DYFI,1,0,227100,227100,100,227100000000
3429,EGUS,6,0,578100,578500,528,578291666666
8974,PSDM,2,0,510100,510300,102,510296078431
7988,NUMV,6,0,412600,413000,6,412750000000
10152,SIXO,1,0,354800,354800,10,354800000000
980,AXR,17,0,243800,247000,3275,243870473282
9357,RCTR,1,0,353400,353400,1,353400000000
8343,OTGAU,2,0,102600,102600,200,102600000000
4416,FTMS,8,0,98900,99100,18100,99035911602
5400,HYFI,3,0,372000,372200,46,372195652173
4625,GENT,1,0,102400,102400,86,102400000000
9015,PSTP,3,0,364300,364300,600,364300000000
10015,SEPZ,1,0,452200,452200,100,452200000000
2989,DIAL,3,0,180200,180200,2200,180200000000
8375,OXLCG,7,0,252500,253900,144,253602777777
2464,CPHY,2,0,510400,510400,100,510400000000
8635,PFO,3,0,90800,90800,110,90800000000
3384,EEX,23,0,49900,50000,8480,49938372641
3272,DYAI,15,0,7005,7293,1079,7161839666
6603,LDP,22,0,202700,203900,1358,203364506627
4711,GJAN,2,0,446000,446100,200,446050000000
7739,NFLT,11,0,228700,229100,1530,228897385620
9234,QSEAR,5,0,1864,2200,465,2131354838
2891,DEMZ,1,0,441000,441000,39,441000000000
4330,FRMEP,1,0,251900,251900,3,251900000000
6018,IWX,32,0,1014200,1016200,3340,1015088502994
10069,SGVT,6,0,1006400,1006400,1746,1006400000000
6490,KTCC,16,0,31900,32600,297,32321212121
2842,DDFN,7,0,198600,199000,456,198719517543
10601,STEW,21,0,176200,176500,818,176298288508
10899,TEC,1,0,316500,316500,55,316500000000
626,APIE,8,0,374100,375300,600,374516666666
8392,OZ,4,0,495100,507400,9,504444444444
4947,GSC,1,0,598100,598100,19,598100000000
4605,GECCO,1,0,251700,251700,206,251700000000
7472,MTNB,2,0,5600,5600,10,5600000000
8449,PAUG,1,0,450700,450700,49,450700000000
6760,LNZAW,4,0,141,148,8537,147836007
10403,SPBU,1,0,300600,300600,100,300600000000
8439,PAPR,2,0,418200,418600,200,418400000000
6215,JPME,1,0,1189000,1189000,7,1189000000000
3773,EVUS,11,0,343600,344300,1377,343893681917
11518,UPAR,1,0,164500,164500,100,164500000000
1245,BETRW,29,0,1700,2020,76528,1803493257
3874,FBGL,1,0,5500,5500,1,5500000000
4127,FIXT,4,0,373300,373400,400,373350000000
8778,PMAY,3,0,409500,410000,1813,409972421400
7641,NBRGR,1,0,1999,1999,31,1999000000
5639,IGIC,67,0,248600,250600,2840,249545528169
4761,GLOW,2,0,330700,331000,101,330997029702
5296,HQH,4,0,199200,199700,157,199477070063
9789,SAGU=,3,0,100100,100400,187,100101604278
9265,QUIZ,5,0,284700,285300,44,284970454545
6818,LQDW,1,0,237300,237300,12,237300000000
4979,GSUI,2,0,160000,160000,355,160000000000
11797,VIOG,3,0,1365600,1365600,234,1365600000000
147,ACV,1,0,269000,269000,100,269000000000
1133,BCARU,2,0,115000,115000,52,115000000000
7622,NBDS,6,0,375200,376800,456,376315131578
8971,PSCU,2,0,635000,635800,102,635015686274
11976,VWAVW,5,0,9400,9900,203,9615763546
10928,TEQI,1,0,489100,489100,20,489100000000
6003,IWFG,1,0,540600,540600,172,540600000000
8489,PBMWW,5,0,204,224,1350,220444444
3269,DXUV,3,0,644100,647000,400,645975000000
5769,INFO,3,0,266800,267900,245,267557959183
6077,JBDI,20,0,5750,6101,1368,5858593567
6250,JULU,3,0,317500,318500,228,317844736842
5705,IMCB,3,0,901000,902600,171,902169590643
9228,QRFT,1,0,687000,687000,3,687000000000
8878,PQUS,1,0,273600,273600,3,273600000000
6966,MAUG,1,0,322600,322600,2,322600000000
8221,OMFS,2,0,497500,497500,990,497500000000
7579,MYY,3,0,160400,160600,107,160429906542
6397,KMID,1,0,242400,242400,13,242400000000
5821,INVN,3,0,202000,203100,451,202064523281
2961,DGLO,1,0,228500,228500,1,228500000000
3455,EJUL,3,0,308900,308900,281,308900000000
3234,DVUT,1,0,264100,264100,1,264100000000
12022,WBS-F,6,0,212400,213100,231,212799567099
6499,KTWO,3,0,99200,99900,172,99606976744
9879,SCEC,1,0,248100,248100,100,248100000000
9222,QQWZ,3,0,284100,284500,256,284287500000
6625,LEGT+,7,0,6800,6800,1000,6800000000
11041,TLF,3,0,23500,23700,6,23533333333
768,ASEA,5,0,197800,198100,221,197935746606
4098,FIGXU,1,0,107000,107000,30,107000000000
2376,COE,46,0,250000,285800,1731,260959098786
7620,NBCM,6,0,300000,300500,400,300375000000
5493,IBIJ,1,0,261200,261200,100,261200000000
7254,MLPD,2,0,255700,255700,24,255700000000
9063,PVL,6,0,19300,19500,519,19396339113
3158,DSM,3,0,60400,60500,563,60443161634
5471,IBG,20,0,8200,8400,9182,8339337834
9911,SCKT,7,0,8600,8700,250,8640000000
5200,HIGH,1,0,216400,216400,100,216400000000
1486,BML-H,9,0,191500,193100,1859,191840505648
5161,HEQT,4,0,331900,332200,298,332070805369
7866,NOMA,4,0,32700,33300,100,33127000000
7233,MLAA,2,0,100000,100100,116,100099137931
4941,GS-A,4,0,195600,195800,322,195675776397
4942,GS-C,1,0,197400,197400,21,197400000000
9876,SCE-L,5,0,177200,178300,260,177819615384
3527,EMP,4,0,207000,207600,123,207536585365
6789,LOWV,2,0,804600,804900,285,804691578947
5348,HTZWW,43,0,26000,27000,53502,26126027064
9667,RSPC,1,0,375200,375200,1,375200000000
2944,DFSI,1,0,443700,443700,10,443700000000
9021,PTA,7,0,192600,193000,163,192733128834
6220,JPSV,1,0,626200,626200,1,626200000000
9674,RSPN,4,0,596200,597500,117,596409401709
6209,JPM-D,12,0,241400,241900,4707,241751136605
9841,SBIL,3,0,1002000,1002200,701,1002128388017
7662,NCPB,4,0,246900,247400,345,247197101449
2899,DEW,1,0,676100,676100,100,676100000000
4306,FPF,4,0,181100,182100,382,181433507853
8685,PICB,2,0,231900,232100,172,232016279069
6167,JLS,8,0,183100,184000,518,183131274131
12461,XUSP,1,0,521400,521400,100,521400000000
2188,CIF,3,0,16100,16200,373,16180428954
245,AFIF,5,0,93700,93700,700,93700000000
4042,FFND,2,0,313900,314000,303,313970297029
1319,BHR-B,37,0,150400,154100,424,150588679245
4760,GLOP-C,1,0,257700,257700,39,257700000000
7782,NINE,11,0,104200,104700,700,104400000000
4462,FVAL,10,0,776900,778400,1188,777831228956
5133,HDGE,5,0,175000,175700,755,175050198675
5346,HTUS,7,0,434200,434900,731,434569630642
10150,SIXJ,1,0,359200,359200,120,359200000000
4555,GCC,8,0,256100,256100,303,256100000000
7603,NANR,6,0,827300,827500,500,827340000000
5915,ISCF,2,0,444000,444200,160,444125000000
6555,LARK,20,0,271000,273300,298,272635234899
4244,FMSTW,1,0,7107,7107,100,7107000000
10068,SGU,19,0,127400,128200,331,127563746223
5490,IBIG,3,0,263800,263900,319,263837304075
2049,CEPF,27,0,103100,103400,2916,103179629629
1509,BNCWZ,4,0,1860,2000,650,1903076923
11782,VHI,2,0,134900,137000,3,135600000000
8230,ONCHU,4,0,103000,103000,103,103000000000
8713,PJP,1,0,1058000,1058000,2,1058000000000
6163,JL,6,0,63500,64900,440,64040909090
6608,LDRX,11,0,356500,357900,1850,357124540540
415,ALDF,2,0,106500,106500,3,106500000000
3392,EFC-B,15,0,247100,247600,184,247597282608
3022,DJD,2,0,607800,608500,30,608476666666
7627,NBH,11,0,102800,102900,1927,102868033212
8452,PAVS,15,0,11200,11400,1635,11258042813
4974,GSRFR,33,0,20500,23000,3130,22899520766
3004,DISO,2,0,97800,98700,2,98250000000
12497,YDES,4,0,51500,51800,15,51520000000
2224,CLBR=,15,0,101900,101900,4200,101900000000
1845,CAFG,3,0,307500,308600,28,308085714285
9822,SAY,2,0,250600,250900,149,250801342281
2015,CDR-B,2,0,198900,200400,2,199650000000
11675,VALQ,3,0,665300,666100,400,665825000000
1402,BKGI,10,0,449600,450200,1177,449996431605
8406,PABU,8,0,761800,765700,168,762136904761
2878,DECU,1,0,290900,290900,99,290900000000
4609,GEGGL,6,0,246000,246000,3000,246000000000
3585,EPHE,6,0,246900,247100,600,246933333333
1359,BIPI,2,0,164400,164900,22,164513636363
6360,KIDZW,4,0,138,138,2900,138000000
9672,RSPH,9,0,301700,302600,755,301996026490
11194,TRGS,1,0,98800,98800,1,98800000000
921,AVK,22,0,125000,126000,3978,125641176470
6124,JFLX,5,0,498400,498500,338,498439644970
2952,DFVX,3,0,808100,808100,161,808100000000
8516,PCF,5,0,56500,56800,127,56563779527
8182,OIA,12,0,60300,60600,1362,60424375917
5789,INN-F,1,0,170900,170900,1,170900000000
9691,RTAI,1,0,210800,210800,30,210800000000
3630,ERH,7,0,117200,118300,704,117671590909
4724,GL-D,6,0,157600,157800,600,157716666666
3072,DMO,6,0,111200,111300,410,111275609756
6094,JCPI,2,0,483400,483400,200,483400000000
8365,OVT,1,0,219600,219600,2,219600000000
4666,GGT-G,2,0,204400,204400,200,204400000000
11095,TMSL,8,0,403400,404000,875,403740000000
6845,LSTA,26,0,31600,32200,3047,32168395142
9404,REGCO,6,0,223900,225000,296,224173986486
6365,KIM-N,5,0,591500,596900,304,596713486842
9832,SBCWW,8,0,1700,2175,5312,2158904367
5167,HEWJ,2,0,610600,610800,12,610666666666
9855,SBXD,2,0,107800,107900,5,107880000000
3577,EP,34,0,26200,27400,1266,26657582938
7541,MYCG,1,0,249400,249400,59,249400000000
3347,EDF,17,0,52100,52600,1853,52428062601
10380,SOS,4,0,11100,11500,760,11111052631
107,ACGR,1,0,698200,698200,3,698200000000
9756,RYM,17,0,281800,290100,477,288037106918
6922,MAGC,5,0,200000,200600,401,200449625935
3169,DSX-B,1,0,270500,270500,100,270500000000
8515,PCEF,34,0,199500,199800,3761,199695160861
8243,ONEV,2,0,1369800,1372500,41,1372302439024
11540,URE,5,0,663000,666700,241,665644813278
5426,HYUP,6,0,415200,415600,171,415518128654
6098,JDIV,1,0,553300,553300,26,553300000000
6604,LDRC,7,0,250800,251100,1500,250860000000
7265,MMCA,5,0,215300,215400,400,215325000000
4520,GAM-B,9,0,249000,249500,298,249224832214
9371,RDIB,1,0,94600,94600,2,94600000000
3587,EPIN,2,0,260000,260000,400,260000000000
8106,OAKI,5,0,247800,248200,476,248098109243
11864,VOC,18,0,31800,32800,1786,32454479283
6656,LFT-A,1,0,194000,194000,1,194000000000
7373,MRNOW,8,0,383,520,4211,411232486
4435,FTWO,5,0,445300,446400,65,445955384615
7737,NFJ,6,0,144600,145300,1036,145157142857
6579,LCAP,6,0,327600,328300,456,327798026315
9921,SCNI,11,0,5200,5501,4292,5377560111
10253,SMDD,1,0,92300,92300,100,92300000000
7132,MFM,26,0,53900,54300,2042,54017874632
10101,SHRT,19,0,64500,64500,1248,64500000000
2101,CGHY,1,0,253000,253000,100,253000000000
9103,QALT,8,0,259600,259800,130,259693076923
5665,IIGD,1,0,244800,244800,100,244800000000
3420,EGGS,6,0,395100,397100,600,396533333333
2512,CRAK,30,0,491500,492500,1536,492267838541
2804,DBJP,1,0,1096000,1096000,500,1096000000000
11334,TVACW,1,0,5500,5500,100,5500000000
1061,BASV,5,0,285100,285900,400,285525000000
6746,LMUB,8,0,498800,499000,699,498828612303
6402,KMRK,6,0,25000,26100,1116,25324820788
5373,HVIIR,12,0,4599,4600,610,4599508196
1576,BPH,3,0,694000,694000,500,694000000000
1618,BRLN,1,0,508900,508900,82,508900000000
3542,ENGNW,4,0,2306,2800,580,2714827586
9837,SBFMW,1,0,864,864,1000,864000000
7501,MUNX,1,0,247900,247900,200,247900000000
7563,MYMI,1,0,245500,245500,81,245500000000
5329,HTAX,2,0,242400,242500,400,242450000000
4183,FLNT,13,0,28000,28800,648,28342438271
11493,UMI,2,0,610400,613100,120,611210000000
1220,BEGS,1,0,199400,199400,100,199400000000
8107,OAKM,26,0,275900,276600,3010,276439102990
8578,PDYNW,3,0,517,526,400,520750000
4147,FLCE,3,0,304400,304500,291,304465635738
10029,SF-D,5,0,167300,167600,150,167360000000
6435,KORE,15,0,91800,91900,399,91836090225
4420,FTNY,14,0,78000,78100,5723,78039070417
3419,EGGQ,3,0,554000,558500,112,558031250000
3164,DSTX,1,0,336300,336300,100,336300000000
5052,GXPS,19,0,274000,275100,1352,274395340236
3971,FDV,13,0,307200,307600,2011,307461263053
3741,EVG,5,0,106800,107300,498,107161445783
4093,FIGB,12,0,425600,425900,978,425759100204
9743,RXL,3,0,444400,447300,201,447285572139
10031,SFBC,49,0,415500,421700,208,418698076923
5461,IBDS,6,0,241800,241800,387,241800000000
9088,PYPU,3,0,248300,250400,99,250359595959
2223,CLBR+,2,0,7395,8000,200,7697500000
10137,SINT,27,0,20000,23000,628,22145222929
8581,PEB-F,13,0,196100,197500,1302,197405683563
9944,SDCI,4,0,288300,288800,2210,288697420814
5459,IBD,1,0,237700,237700,1,237700000000
8948,PSA-J,5,0,183000,183500,254,183218110236
4602,GECCG,4,0,250500,251500,202,251341584158
6315,KDEC,7,0,273100,273500,4256,273471804511
8932,PRTC,7,0,174600,177800,123,175882926829
9619,ROMA,9,0,81000,82300,685,81599416058
4101,FINS,5,0,127100,127500,215,127440465116
5935,ISVL,1,0,512900,512900,40,512900000000
6157,JILL,80,0,118400,121100,1477,119809817197
5854,IPFXU,1,0,101400,101400,100,101400000000
9467,RGCO,113,0,220100,228200,1573,222198029243
11741,VERS,1,0,739400,739400,5,739400000000
1468,BLW,25,0,123900,125100,1974,124393313069
7289,MNA,6,0,363600,363600,80,363600000000
7853,NOAH,33,0,103100,104400,1217,103639523418
9167,QJUN,3,0,335800,336000,600,335866666666
5622,IFV,5,0,273600,274000,1000,273700000000
9880,SCEP,32,0,249200,249900,2090,249596124401
3275,DYLG,1,0,268500,268500,1,268500000000
4278,FNY,2,0,1008700,1010100,47,1008729787234
11701,VCEB,4,0,622500,622600,16,622512500000
6804,LPRE,4,0,280200,280900,1045,280584497607
12314,XHE,3,0,776000,778600,58,778151724137
2041,CELU,13,0,8000,8200,2415,8000627743
4079,FHN-F,12,0,176000,178200,1100,176981818181
4829,GOAI,27,0,35100,35800,860,35358837209
5504,IBMQ,1,0,254400,254400,17,254400000000
2217,CKX,1,0,105200,105200,1,105200000000
12490,YCL,6,0,182500,182600,690,182585507246
3658,ESLAW,2,0,1100,1100,88,1100000000
4100,FIIG,96,0,205600,206400,21691,205902378866
5421,HYSA,3,0,148600,148600,300,148600000000
3300,EAPR,5,0,324100,324900,500,324260000000
11379,TXXI,3,0,501100,502300,160,501887500000
9354,RCON,7,0,6400,7400,590,6480496610
2725,CWS,2,0,669200,669500,200,669350000000
6691,LIDRW,1,0,317,317,50,317000000
7152,MGMT,1,0,468900,468900,100,468900000000
3749,EVLN,31,0,489000,489500,3776,489255561440
5324,HSPTU,1,0,97000,97000,1,97000000000
7508,MUST,1,0,204100,204100,800,204100000000
8541,PCPI,1,0,506400,506400,100,506400000000
6237,JSPRW,3,0,134,134,1038,134000000
3444,EIIA,1,0,251800,251800,100,251800000000
6609,LDSF,2,0,189100,189100,1200,189100000000
9695,RTRE,1,0,247400,247400,100,247400000000
7163,MGRE,7,0,240000,240100,367,240038147138
8807,PMTS,314,0,162300,168900,14094,166699900666
7022,MCGAW,55,0,3500,3500,3301,3500000000
4920,GRNI,4,0,209000,209800,306,209524836601
2181,CIA,388,0,51600,53300,9790,52342951991
11100,TMUSI,37,0,220100,220300,1545,220228802588
827,ATFV,1,0,387500,387500,25,387500000000
1744,BUFP,8,0,316600,317500,1015,317379802955
3471,ELLO,15,0,224000,228800,528,226167045454
4720,GK,2,0,287500,287500,200,287500000000
642,APOS,9,0,259100,260200,708,259423163841
3941,FDEM,15,0,356000,357000,909,356770077007
6332,KEQU,11,0,381600,385500,23,384504347826
7275,MMLP,21,0,27000,27300,3798,27239494470
2991,DIEM,2,0,407600,407600,80,407600000000
1432,BLCV,1,0,388800,388800,5,388800000000
2491,CPSM,1,0,291300,291300,20,291300000000
6982,MBAV,7,0,107800,108200,480,107835416666
6191,JOET,4,0,429900,430000,301,429966445182
7214,MITT-C,4,0,254000,254200,175,254196571428
4811,GNL-E,1,0,231200,231200,100,231200000000
3597,EPR-G,2,0,205500,205500,200,205500000000
2709,CVU,24,0,36000,36800,1179,36293808312
5238,HMAY,1,0,252000,252000,1200,252000000000
9685,RSSY,1,0,251300,251300,328,251300000000
8871,PPTY,1,0,320900,320900,2,320900000000
11538,URAN,2,0,431500,431500,21,431500000000
10064,SGRP,17,0,6750,6800,580,6755000000
3892,FBUF,15,0,319800,321300,1669,320001917315
1040,BAMB,3,0,259500,259500,300,259500000000
7447,MSW,9,0,17500,19000,9772,18938845681
3678,ET-I,8,0,115500,116100,753,115827357237
7551,MYFW,132,0,278900,286300,2969,280742943752
4492,FXP,2,0,198400,198400,160,198400000000
5553,ICPY,2,0,121000,121200,110,121018181818
9188,QMY,1,0,256200,256200,100,256200000000
10229,SLVX,1,0,186000,186000,1,186000000000
9659,RSIT,2,0,204400,204700,200,204550000000
3285,DYTA,7,0,306600,307300,578,307104844290
7689,NECB,110,0,230600,233400,3425,231935328467
3495,EMBX,13,0,509300,510000,267,509541573033
5179,HFRO-B,3,0,163500,164400,1158,163620898100
8262,OPBK,220,0,136200,138200,3301,136644198727
2386,COHN,32,0,116700,122700,944,120106355932
5582,IDUB,3,0,268800,269000,440,268936363636
3403,EFR,9,0,103600,104200,941,103970350690
3379,EEMX,1,0,510000,510000,20,510000000000
9740,RWX,15,0,271100,272400,1503,271610445775
5481,IBHI,1,0,233200,233200,100,233200000000
7273,MMKT,5,0,1002000,1002000,170,1002000000000
2034,CEFS,10,0,249600,251200,1031,250761202715
8276,OPP,3,0,76500,76600,552,76581884057
5942,ITDC,6,0,358700,359700,711,358857524613
7117,MFA-B,14,0,207000,208200,1015,207971822660
9697,RTXG,14,0,184900,190100,750,187666800000
6460,KREF-A,1,0,180000,180000,100,180000000000
3100,DOL,7,0,724500,725900,3060,725872549019
5673,IIPR-A,6,0,237000,237800,619,237362681744
3923,FCRS,12,0,102200,102400,2900,102251724137
9645,RREVU,17,0,99700,100000,11229,99971172855
9498,RIGS,2,0,227400,227400,200,227400000000
2601,CSHRW,8,0,12800,14600,57,13866666666
5440,IAK,12,0,1301000,1318900,874,1317703890160
3118,DRAI,6,0,352000,352600,699,352149356223
10260,SMHI,125,0,70600,71700,3752,71077372068
7931,NSYS,66,0,113300,126400,7674,119904573885
4582,GDO,5,0,107800,108400,148,108193243243
11339,TVC,2,0,239400,240100,200,239750000000
9394,REBN,27,0,20500,21200,1988,20967555331
5393,HYBL,22,0,280200,280400,933,280259056806
9810,SASS,5,0,238700,239400,5000,239002000000
12236,WVVI,3,0,28000,28000,108,28000000000
1963,CCFE,2,0,261800,263000,2,262400000000
10621,STNC,2,0,351000,352500,101,352485148514
7218,MKAM,1,0,317600,317600,9,317600000000
3915,FCNCN,24,0,251500,252700,1041,252446205571
9782,SACH-A,1,0,181000,181000,1,181000000000
8707,PJAN,6,0,489900,490300,452,490072566371
2973,DGZ,21,0,56000,56600,1023,56354545454
2754,CZFS,95,0,631000,638100,920,631719782608
1391,BK-K,10,0,255700,256200,722,256027562326
5623,IG,1,0,204400,204400,19,204400000000
5003,GTN.A,2,0,104900,105000,11,104909090909
4350,FSCS,2,0,351500,351500,100,351500000000
6285,KBA,8,0,336200,336900,519,336768400770
5747,INCE,3,0,664700,665400,201,664852736318
1462,BLUI,1,0,256900,256900,100,256900000000
344,AIHS,1,0,11700,11700,1,11700000000
12597,ZIONP,6,0,190700,191400,338,190970414201
6145,JHMB,2,0,218000,218000,58,218000000000
7162,MGRD,3,0,151100,151900,262,151445801526
7159,MGR,5,0,205400,206200,226,205765486725
5762,INDS,1,0,388300,388300,1,388300000000
12073,WEPN,1,0,441100,441100,1,441100000000
4842,GOODO,8,0,201500,203800,768,202641015625
3252,DWSH,22,0,67000,67300,1811,67128216454
8514,PCEB,9,0,247500,247700,618,247634951456
2881,DEED,2,0,212400,212700,114,212663157894
4385,FTBD,1,0,488700,488700,100,488700000000
7743,NFLY,2,0,95500,95600,101,95599009900
10272,SMMU,22,0,502200,503000,5726,502621935033
7954,NTSD,2,0,445500,445600,824,445510315533
11164,TPIF,15,0,369700,370700,610,370257377049
9080,PXJ,2,0,448900,450500,2,449700000000
2062,CEV,1,0,101700,101700,217,101700000000
7099,MET-A,9,0,222500,223200,1200,222958333333
4968,GSL-B,3,0,270000,270000,100,270000000000
4808,GNL-A,3,0,227700,227800,214,227746728971
4449,FUMB,1,0,200500,200500,100,200500000000
3258,DX-C,4,0,259800,259800,171,259800000000
5036,GWAV,7,0,35800,36400,17,36023529411
2609,CSPI,54,0,92300,95500,1521,93653977646
7106,METCZ,4,0,253000,253800,322,253765838509
9591,RNR-G,21,0,153300,153600,1020,153471960784
4547,GBR,5,0,7700,7700,300,7700000000
10027,SF-B,6,0,238100,238100,400,238100000000
7220,MKC.V,9,0,460300,461200,1101,461199182561
3767,EVSM,7,0,501100,501300,482,501258506224
10107,SHYD,7,0,225500,225900,739,225629364005
6058,JAJL,1,0,296700,296700,100,296700000000
4719,GJUN,1,0,409000,409000,200,409000000000
2591,CSBR,34,0,62000,62700,156,62073076923
9522,RITM-D,17,0,248300,248800,1070,248522990654
4470,FVR,107,0,173200,174400,2262,173863616268
6676,LGOV,6,0,211400,211700,784,211435076530
3361,EDRY,13,0,215000,217000,645,216602170542
10149,SIXH,1,0,417500,417500,1,417500000000
5749,INCO,3,0,580400,580500,107,580442056074
5407,HYGW,8,0,289300,289500,1708,289393676814
7566,MYN,11,0,97900,98300,987,98066666666
8587,PED,44,0,146400,156000,3310,150685770392
4192,FLRG,4,0,406000,406200,247,406080971659
3998,FEMG,2,0,250500,250700,925,250578918918
3765,EVSB,29,0,508500,508700,2627,508591206699
1196,BDRY,5,0,130700,131700,639,131549765258
3168,DSX+,1,0,6270,6270,100,6270000000
6221,JPUS,3,0,1341500,1344700,216,1344462962962
8853,POWWP,8,0,247300,248500,880,248142727272
11328,TUSI,9,0,253400,253500,1289,253449806051
1055,BAOS,1,0,30500,30500,2,30500000000
8551,PCTTW,22,0,31000,34900,5142,31304084014
6791,LPAA,5,0,107500,107900,183,107642076502
2521,CRBN,2,0,2493500,2493500,100,2493500000000
2840,DDFL,5,0,210400,210700,3473,210675093579
8730,PLBL,27,0,64900,70000,321,69377881619
10346,SOCA,5,0,102000,102000,2014,102000000000
73,ABR-F,4,0,229800,231000,300,230300000000
390,AIZN,5,0,195700,196000,500,195820000000
9875,SCE-G,6,0,182000,184700,630,182695396825
7767,NHPAP,7,0,214000,216000,553,214803074141
8469,PBD,4,0,211300,212300,175,211745714285
856,ATPC,2,0,22600,22600,105,22600000000
8145,OCTZ,3,0,453600,454300,100,453936000000
9878,SCE-N,6,0,237100,238000,454,237395594713
4111,FISR,18,0,253300,253600,4374,253374096936
6238,JSTC,3,0,214700,214700,2372,214700000000
4608,GEG,4,0,21800,21800,281,21800000000
223,AEON,10,0,7325,7600,1279,7484831899
9975,SEAL-A,3,0,255900,256000,405,255924691358
9574,RMSGW,3,0,501,600,250,580200000
6995,MBINN,1,0,208900,208900,100,208900000000
9842,SBIO,1,0,535600,535600,1,535600000000
4276,FNWD,61,0,322500,327000,1038,324835549132
7454,MTB-H,5,0,251500,251800,633,251719747235
4480,FXC,3,0,710100,710500,142,710381690140
2382,COF-N,19,0,160800,161500,1948,161152053388
2894,DES,5,0,376000,376600,224,376404910714
6146,JHMD,13,0,439800,441400,1357,440217980840
4493,FXR,16,0,839700,844500,200,842341500000
3005,DISV,90,0,416900,420000,4775,417374492146
5183,HFXI,5,0,362900,363400,400,363075000000
6810,LQAI,1,0,444700,444700,10,444700000000
5547,ICMB,20,0,14200,14500,988,14419433198
7079,MEGI,23,0,148500,149700,1105,148838733031
4819,GNR,50,0,737000,745000,1357,739185408990
8818,PNFP-C,13,0,247700,248500,431,248271461716
8575,PDT,18,0,127400,128500,1439,127853370396
5786,INMU,9,0,239200,239500,1200,239400000000
7829,NMM,44,0,706100,717000,1995,709844611528
8537,PCM,3,0,56500,56500,31,56500000000
6635,LEUX,24,0,157900,163100,3332,161217226890
3008,DIVB,8,0,584300,585100,195,584640512820
6847,LSVD,6,0,335900,337200,682,336459384164
4574,GDEV,21,0,160900,183600,2182,175897341888
715,ARKR,38,0,65500,69500,237,66595780590
10988,THQ,8,0,180900,181700,1539,181154061078
7119,MFAN,30,0,250200,250900,4868,250746672144
7155,MGNR,6,0,530000,533600,505,532313861386
6413,KNOP,14,0,106700,107800,2153,107089735253
2314,CMS-C,13,0,168500,170500,1116,169659408602
8538,PCMM,32,0,495000,497600,1938,496596388028
4833,GOEX,2,0,820000,826400,4,824800000000
7150,MGLD,1,0,11300,11300,100,11300000000
9737,RWTO,1,0,247000,247000,22,247000000000
8652,PGHY,2,0,198100,198100,1500,198100000000
1480,BMED,1,0,275000,275000,10,275000000000
885,AUROW,4,0,6400,6401,611,6400623567
11158,TPFC,1,0,246100,246100,500,246100000000
5138,HDUS,9,0,705900,707400,860,706657790697
9527,RIV-A,2,0,226000,226100,105,226095238095
5619,IFRA,44,0,604700,607700,2035,606194791154
5367,HUSV,2,0,390200,390500,101,390497029702
1885,CARD,3,0,30600,31100,540,30692592592
12158,WOMN,1,0,423400,423400,1,423400000000
8990,PSIL,7,0,199000,200000,303,199471947194
3616,EQL,10,0,498700,499800,272,499231250000
6194,JOUL,3,0,253100,253500,116,253378448275
8946,PSA-H,5,0,224000,224500,103,224005825242
10221,SLSN,122,0,12100,12800,3056,12394502617
9766,RZLVW,17,0,9800,9940,15918,9886670435
7779,NIHI,2,0,507600,507600,100,507600000000
8816,PNFP-A,4,0,254800,256500,239,255451882845
7473,MTNE=,1,0,100300,100300,1,100300000000
8801,PMT-A,1,0,232000,232000,64,232000000000
9579,RNAZ,10,0,66000,69900,241,68814107883
4698,GIND,18,0,233900,234800,3788,234529276663
5736,IMVP,11,0,209000,209400,564,209204255319
4763,GLP-B,13,0,253500,254300,416,254206250000
6228,JRS,19,0,79700,80700,1625,80161107692
8699,PINE-A,3,0,252300,252700,264,252502272727
4929,GROY+,21,0,14000,15000,9220,14553145336
5352,HUBCZ,22,0,91,130,27225,104956841
8797,PMO,31,0,104000,104200,2771,104114399133
4770,GLU,2,0,194500,195200,150,194966666666
2652,CTOR,14,0,8700,9600,6713,9163707582
9993,SEIM,15,0,519900,523500,594,522115319865
6862,LUCK,60,0,81300,83600,3743,83008495858
3824,EXYNW,148,0,7500,10000,38376,8948493589
9683,RSST,55,0,334300,336300,3622,335402401987
3321,ECC-D,2,0,187000,187000,200,187000000000
8437,PAPI,6,0,260400,260700,587,260400681431
2947,DFTT,2,0,293800,294100,600,293900000000
3823,EXYN,819,0,47500,70000,239901,60361961809
4747,GLIX,9,0,266200,267100,1815,266603636363
5900,IRHOU,8,0,101300,101300,275,101300000000
9828,SBAR,15,0,255300,255500,1112,255402787769
2910,DFCA,7,0,497900,498200,400,498075000000
3552,ENOR,4,0,371000,371100,10,371080000000
6192,JOF,15,0,116000,116700,1634,116133659730
7615,NAZ,7,0,128000,128500,646,128277089783
6304,KCAC+,84,0,5060,7172,7388,6087193963
8891,PREF,13,0,189300,189500,940,189397234042
5410,HYIN,1,0,143800,143800,100,143800000000
8602,PETS,73,0,22200,22600,6647,22343132240
10355,SOGP,16,0,147000,150100,6527,148938823349
5015,GUACU,751,0,99900,100100,580211,100001174055
10654,STXE,6,0,474600,476500,290,474936551724
8096,OABIW,4,0,600,603,42480,600244821
9411,REK,3,0,160900,161100,123,161017073170
9716,RVSB,338,0,53900,54500,6941,54250669932
2787,DAX,11,0,438600,441000,403,439029528535
5131,HDEF,15,0,326400,326800,1010,326587128712
9524,RITM-F,18,0,242500,244000,1928,243187759336
6307,KCCA,3,0,153000,153000,429,153000000000
5655,IHDG,2,0,495900,496900,68,496694117647
9022,PTACU,307,0,99200,99500,2797063,99403756905
3066,DMB,12,0,107900,108800,225,108566666666
4132,FJP,2,0,776700,778900,5,778460000000
2957,DGICB,5,0,183000,187500,12,186091666666
9432,REW,4,0,69400,70000,1229,69634906427
3039,DLHC,9,0,54400,56200,165,55853939393
2742,CYAB,26,0,5611,5850,1867,5725240492
2680,CUSD,10,0,196700,197400,1118,197300089445
3856,FAI,10,0,501500,507000,873,505334593356
10116,SIF,9,0,179000,180000,466,179958369098
10006,SENEB,3,0,1382000,1389500,7,1384142857142
4390,FTCE,2,0,261500,261700,200,261600000000
9840,SBI,14,0,77500,77700,494,77612145748
7672,NCZ-A,6,0,200100,201100,600,200566666666
10198,SLG-I,14,0,212600,214600,644,213718012422
8806,PMTRW,34,0,6800,8999,5919,7607667511
9638,RPT,39,0,142600,144200,950,143441684210
5731,IMTE,1,0,5300,5300,1,5300000000
6504,KURE,4,0,163600,166000,43,163660465116
3966,FDSB,19,0,149600,150100,1424,149910393258
2825,DCOM-,2,0,189700,190000,170,189876470588
7387,MS-E,19,0,253600,253800,928,253740409482
7741,NFLW,2,0,215900,216300,60,216293333333
7056,MDIV,6,0,165400,165700,356,165691573033
3612,EQH-A,27,0,195900,196900,1577,196416043119
12386,XOMAO,8,0,252500,253200,2337,252512280701
761,ASB-F,3,0,205000,205500,300,205333333333
9476,RGS,21,0,283000,285200,579,284145250431
7652,NCEL,15,0,32100,34600,427,33751053864
2383,COFS,310,0,299200,302600,15988,300913197398
9051,PUI,4,0,462300,463000,196,462407142857
7266,MMD,3,0,150400,150800,700,150742857142
2476,CPOP,15,0,3136,3400,1490,3164877852
2826,DCOR,22,0,798300,800900,1696,800017158018
3948,FDIQ,1,0,691600,691600,1,691600000000
7966,NUAG,1,0,208300,208300,100,208300000000
3661,ESLV,3,0,270200,270600,161,270517391304
7769,NHS,22,0,62800,63400,7035,63202601279
11285,TSNF,7,0,302500,304200,302,303002317880
1012,BAC-K,9,0,246500,247400,704,247128125000
10244,SMC,122,0,311400,322200,2348,315670996592
3662,ESML,12,0,509800,511100,717,510313947001
6761,LOAN,48,0,41700,42700,1523,41880236375
7578,MYXXW,51,0,600,800,47400,603375527
2197,CIK,63,0,25000,25100,20900,25078181818
5409,HYI,7,0,106200,106500,542,106422140221
2608,CSPF,44,0,260500,261200,1854,260925512405
8583,PEB-H,13,0,177500,179500,1145,178063144104
5357,HUIZ,5,0,16500,17100,301,16832225913
5101,HBT,454,0,269500,271900,18976,270721037099
3624,EQTY,8,0,272700,272800,800,272725000000
3299,EAOR,3,0,370100,370200,495,370139393939
8952,PSA-N,10,0,150800,151500,557,151205745062
4143,FLC,4,0,168400,169000,360,168566666666
8902,PRHIZ,14,0,170200,175000,232,172000862068
3754,EVMO,15,0,500500,500800,925,500653621621
5009,GTOQ,3,0,222700,223000,101,222997029702
10045,SFTY,25,0,304200,305500,1842,304902225841
6090,JCE,14,0,162200,163000,1923,162443993759
4529,GARY,4,0,248400,249900,206,249377669902
7720,NEWTG,3,0,256800,256800,260,256800000000
7101,MET-F,12,0,188900,189600,774,189143927648
4767,GLRY,9,0,403300,405600,684,405100438596
3868,FAX,5,0,146500,147300,2400,146958333333
4873,GPJA,15,0,222800,223900,760,223209210526
4563,GCOW,40,0,459900,461000,2841,460407321365
4809,GNL-B,5,0,215400,218200,67,216714925373
4757,GLOO,29,0,59900,62500,1743,60897074010
9590,RNR-F,36,0,213500,214500,1704,214160035211
1420,BKSY+,1,0,500,500,100,500000000
11693,VBF,5,0,148600,148700,281,148635587188
9030,PTH,10,0,508000,511600,504,510438492063
6441,KOYNU,2,0,102500,102500,101,102500000000
9970,SDVD,16,0,221400,222100,4600,221495652173
9078,PXH,16,0,284700,285400,1359,284975938189
12018,WBIG,1,0,240200,240200,1,240200000000
1745,BUFQ,19,0,387400,388100,1199,387675562969
7880,NPACU,3,0,104000,104000,300,104000000000
6176,JMOM,21,0,788000,792400,1558,790521309370
2073,CFG-I,9,0,254800,255300,415,255167228915
5848,IPCXR,2,0,3900,3900,199,3900000000
2838,DDFF,1,0,198200,198200,100,198200000000
4401,FTHAU,3,0,99700,99700,10,99700000000
4567,GCTS+,16,0,2700,3200,8047,3133239716
7061,MDRR,9,0,109400,112800,424,111443160377
8794,PMN,12,0,103500,106000,431,105457540603
7999,NUW,13,0,139100,139300,800,139125000000
8869,PPT,21,0,34600,34700,3687,34632790886
8485,PBJN,1,0,308200,308200,122,308200000000
11943,VTG,3,0,745300,745500,1157,745300172860
1670,BSMQ,20,0,235600,235800,3386,235749734199
7724,NEWTP,4,0,244200,245000,18,244955555555
10040,SFLR,29,0,378900,380000,5107,379264225572
6938,MAMO,15,0,9600,9900,3609,9633092269
8621,PFFR,1,0,178800,178800,300,178800000000
9562,RMI,4,0,152400,153300,288,152712500000
3046,DLPN,24,0,13300,13700,435,13533563218
2809,DBP,2,0,1080100,1083000,11,1080363636363
8227,ONBPP,13,0,246500,247000,641,246627613104
473,ALUB,7,0,100100,100100,5100,100100000000
10746,SYF-B,9,0,257600,258400,553,258088245931
670,AQLT,2,0,310300,310300,100,310300000000
11940,VTEL,3,0,1021600,1022300,887,1021905411499
5218,HKD,112,0,16300,16800,2811,16432017075
7502,MUNY,1,0,1022000,1022000,3,1022000000000
6193,JOJO,2,0,155300,155300,100,155300000000
12500,YEAR,4,0,503000,503000,305,503000000000
6664,LGCY,57,0,119300,124000,2625,120559580952
3822,EXUS,3,0,267700,268400,872,267759403669
2688,CVEO,65,0,339300,348400,3911,342885144464
3418,EGG,26,0,72000,73700,639,72660406885
8251,ONLN,3,0,559200,563400,129,560039534883
5171,HFEQ,1,0,228000,228000,100,228000000000
2605,CSM,6,0,842500,845300,205,845134146341
9380,RDVI,26,0,270200,270800,2534,270500276243
5947,ITDH,5,0,410000,411600,759,411343873517
3174,DTB,9,0,168100,169300,816,168705882352
4406,FTHY,4,0,134700,135100,578,134982006920
7110,METV,4,0,186200,187500,84,186271428571
7679,NDMO,15,0,101700,102100,2723,101909034153
11727,VEEE,50,0,64000,68800,4250,67473011764
2865,DDTY,3,0,199800,202000,128,201534375000
6227,JRI,33,0,124400,128200,6884,126116240557
3034,DKNX,2,0,215000,221800,44,215772727272
2935,DFNM,19,0,479800,480200,2129,480058431188
2567,CRPT,3,0,151000,151500,221,151245248868
6756,LNSR,135,0,55200,58000,3070,56170130293
4220,FMACU,17,0,100600,100700,3699,100608110300
9372,RDIV,10,0,558400,559400,1541,559034068786
9519,RITM-A,19,0,252800,253100,758,252882585751
9350,RCLO,4,0,249700,249900,800,249800000000
12443,XSVN,4,0,467600,468100,262,467878625954
2170,CHSCN,44,0,252500,252800,2127,252536765397
7828,NML,8,0,104300,104800,1359,104665783664
10138,SIO,1,0,256100,256100,100,256100000000
8613,PFD,11,0,113100,114000,1112,113293345323
7052,MDCXW,17,0,2675,5000,3430,3237609329
9079,PXI,3,0,602600,605000,325,604261538461
4612,GELS,3,0,4300,4600,245,4348979591
4951,GSEW,15,0,898600,900800,1300,899400000000
7589,NACP,1,0,571800,571800,1,571800000000
10932,TEST,3,0,465100,465100,15,465100000000
3135,DRMA,40,0,11400,12300,5064,11962342022
8068,NXP,15,0,141900,142300,2084,141983253358
5365,HURC,42,0,164000,167800,2878,165249166087
7280,MMSD,32,0,252100,252700,2693,252464649090
7311,MNYWW,3,0,598,598,100,598000000
5718,IMNN,39,0,24000,26000,3444,25289227642
3768,EVT,38,0,259500,262500,2960,261317331081
416,ALDFU,6,0,107600,107600,416,107600000000
10689,SUSA,8,0,1498500,1510000,80,1502417500000
3200,DUKB,11,0,238300,239400,757,238946235138
5256,HOFT,91,0,127500,130200,3497,128542121818
4620,GENC,20,0,143900,146600,329,144576291793
8479,PBHC,9,0,130000,130100,575,130047826086
8697,PIM,10,0,31000,31900,3477,31230198446
4839,GOLY,6,0,282000,282700,451,282112416851
9651,RSBT,2,0,194200,194200,111,194200000000
8951,PSA-M,5,0,160100,160700,226,160378318584
7118,MFA-C,3,0,237600,238300,300,237933333333
6060,JAN,293,0,265000,271600,12494,267590115255
9650,RSBA,2,0,206400,206500,250,206460000000
11479,ULST,2,0,404000,404000,130,404000000000
7259,MLSS,24,0,3218,3400,3968,3327977822
5375,HVMC,2,0,101100,101200,301,101199667774
6378,KKRT,5,0,244600,245300,496,245078225806
3334,ECOR,272,0,57800,63500,24542,60103606063
4379,FT,5,0,80000,80400,775,80193548387
8476,PBFR,2,0,303000,303600,479,303125260960
4008,FEP,6,0,577700,578800,551,578200725952
4452,FUND,35,0,101700,102700,6999,102474924989
8979,PSF,11,0,193000,193700,970,193417525773
3057,DLY,23,0,139200,140100,2296,139735017421
9211,QQQH,10,0,555500,557200,6848,556814763434
10088,SHM,27,0,476000,476800,2640,476630416666
6883,LVWR+,2,0,290,300,420,299523809
4257,FNDC,24,0,493600,494600,4187,494055743969
1916,CBL,258,0,461200,466900,6225,464804257028
5345,HTT,93,0,21500,22000,2917,21787247171
7621,NBCR,1,0,333800,333800,81,333800000000
6780,LOOP,16,0,13800,14000,1070,13916261682
8050,NWFL,109,0,286600,292500,1674,288176403823
3050,DLR-L,7,0,200800,201700,456,201101315789
7062,MDST,11,0,298000,298200,708,298101129943
6902,LYLD,1,0,298500,298500,1,298500000000
4592,GDV-K,7,0,178100,178900,314,178401273885
11553,USAI,1,0,478500,478500,79,478500000000
1280,BGDV,8,0,300300,301000,318,300446540880
11560,USB-H,7,0,189300,190000,495,189689090909
1287,BGLD,6,0,171800,172300,206,172258737864
1873,CAOS,5,0,906200,906200,374,906200000000
12146,WMK,379,0,702500,713200,10816,705893158284
3888,FBRT-E,1,0,199000,199000,100,199000000000
4343,FRTY,13,0,217800,218800,1100,218472727272
4157,FLEE,2,0,377500,378000,140,377857142857
9327,RBIL,3,0,503400,503400,200,503400000000
6624,LEGT,9,0,110700,111000,1216,110893092105
3462,ELC,15,0,202600,203900,850,202929411764
2986,DHX,30,0,35300,36400,2472,36085477346
10419,SPE,3,0,141900,142700,183,142337158469
146,ACU,56,0,405000,414400,602,408744850498
8101,OAEM,2,0,467600,478800,2,473200000000
3595,EPR-C,1,0,257000,257000,100,257000000000
3454,EJH,16,0,15000,16100,5083,16012925437
7185,MID,4,0,641800,644200,473,642825792811
4626,GENVR,5,0,7000,7500,11160,7486290322
4668,GGUS,4,0,668800,672400,958,670797077244
5779,INKM,3,0,341800,342500,500,341940000000
9627,ROUS,22,0,640300,642300,2295,640673638344
9159,QGRW,42,0,651300,658100,3580,653436592178
5025,GUT-C,4,0,222600,224100,400,223175000000
3227,DVLU,2,0,371100,372200,141,371880141843
6929,MAGY,3,0,472500,473200,77,472697402597
4270,FNLC,108,0,276700,280300,1488,278085685483
2624,CTA-B,4,0,666100,680300,104,666646153846
10781,TAGS,33,0,250400,251300,7439,250602876730
508,AMH-H,6,0,241600,243100,316,242869303797
8378,OXLCM,4,0,253000,253000,263,253000000000
5621,IFS,124,0,445100,449600,7889,448073925719
8634,PFN,47,0,68400,68800,7007,68699785928
3716,EUDAW,9,0,332,367,1422,364232770
3859,FAN,16,0,257900,258700,1445,258196193771
3104,DON,166,0,539500,541200,11225,540350191536
5576,IDNA,11,0,290200,290200,119,290200000000
9773,SAAQW,1,0,7551,7551,100,7551000000
7910,NRSH,2,0,312200,312400,74,312397297297
8358,OVF,1,0,313000,313000,2,313000000000
6384,KLIP,38,0,260100,260900,2190,260162968036
3929,FCTE,2,0,263800,265200,112,264950000000
12221,WTMU,2,0,255800,255900,200,255850000000
5323,HSPTR,8,0,3000,3000,1494,3000000000
5361,HUMAW,6,0,815,1050,17100,1033011695
3406,EFSCP,13,0,213500,217000,3100,216458064516
7819,NMAY,4,0,291700,292500,820,292480487804
5871,IQDF,15,0,338200,339300,399,338576691729
10259,SMHB,2,0,37200,37200,200,37200000000
6731,LLII,1,0,218300,218300,100,218300000000
1103,BBIN,4,0,764800,765800,61,765336065573
3049,DLR-K,13,0,225300,225800,1119,225511885612
4194,FLRT,8,0,468700,469100,559,468926118067
221,AENTW,9,0,5500,6100,2823,5587353878
3897,FC,131,0,204400,208500,2819,205980950691
7656,NCL,1,0,1509,1509,1,1509000000
7283,MMTM,2,0,3142500,3150500,15,3145166666666
5943,ITDD,3,0,375800,376400,500,376280000000
7137,MFSM,1,0,249000,249000,100,249000000000
5624,IGA,9,0,96100,96600,554,96357942238
2334,CNF,21,0,33000,36900,1899,36524275934
4875,GPMT,37,0,13500,13800,5896,13693232700
3851,FACT,3,0,105900,105900,144,105900000000
4352,FSEC,2,0,435500,435900,200,435700000000
2463,CPHI,12,0,10700,11800,546,11028937728
4001,FEMV,1,0,251700,251700,200,251700000000
7609,NATO,30,0,376000,380000,1334,376903973013
9477,RGT,1,0,141800,141800,198,141800000000
4007,FEOE,38,0,532500,534500,3562,533709039865
5413,HYLS,25,0,407900,408300,2000,408085700000
5123,HCRB,2,0,348000,348000,36,348000000000
4175,FLLA,5,0,275000,276200,665,275753383458
3386,EFAA,2,0,544300,544800,132,544421212121
1811,BYAH,4,0,12600,12900,67,12773134328
12084,WFC-C,34,0,173300,173800,2478,173575221953
4342,FRT-C,2,0,193200,193200,200,193200000000
9847,SBR,31,0,763300,777000,561,769844919786
7670,NCV-A,16,0,205500,207000,1088,206321415441
9587,RNIN,2,0,302800,303900,159,303208176100
3265,DXLG,20,0,7099,7104,1149,7099926892
4517,GAL,5,0,527000,527700,355,527325352112
7229,MKTN,4,0,257000,257300,606,257085148514
3162,DSS,4,0,5210,5273,241,5229203319
8383,OXM,405,0,393500,407100,11680,398728630136
6335,KEY-I,12,0,251300,252300,1037,251824493731
8459,PAYM,5,0,255500,256200,302,255833774834
6663,LGCL,30,0,16300,17600,941,17054197662
1323,BHV,2,0,112000,113000,153,112653594771
7021,MCGAU,1,0,103500,103500,15,103500000000
9739,RWTQ,4,0,248100,248400,300,248300000000
5562,IDACU,290,0,99900,110000,662799,99962244058
7341,MPAA,464,0,108500,111100,21390,109854375876
2979,DHF,12,0,24100,24100,1105,24100000000
5328,HTAB,2,0,188900,189200,190,189057894736
8424,PALD,5,0,169500,175300,227,170107488986
10429,SPG-J,1,0,542200,542200,34,542200000000
156,ACYN,36,0,207000,207200,4317,207141857771
8061,NXDT,355,0,47300,50500,11247,48360567262
3573,EOS,32,0,223600,225800,2220,224726981981
11758,VFSWW,10,0,3500,3752,727,3501381017
1485,BML-G,9,0,192000,193700,550,192382181818
6752,LNGX,4,0,446400,447200,1600,447150000000
4080,FHN-H,87,0,245900,250000,6676,246918259436
4224,FMAT,18,0,580500,584500,390,581775384615
8467,PBAP,1,0,307800,307800,500,307800000000
10153,SIXP,3,0,332900,333500,640,333406250000
6009,IWML,2,0,296000,296000,190,296000000000
8961,PSCC,5,0,322100,323600,327,322801834862
3729,EUSB,9,0,430600,431100,446,430756950672
6342,KFFB,49,0,43100,46700,248,44336693548
3926,FCRX,1,0,251400,251400,100,251400000000
265,AGCC,58,0,175000,181000,2744,176938119533
12481,YALL,1,0,437600,437600,100,437600000000
241,AFGB,2,0,212000,212100,59,212088135593
10514,SPYX,10,0,604000,606200,1437,604889839944
2780,DARP,3,0,583800,584800,7,584200000000
3277,DYNB,1,0,391800,391800,5,391800000000
694,ARDC,22,0,126700,128000,5879,127771440721
10967,TGRT,12,0,461700,465500,564,462512943262
6026,IXP,3,0,1234300,1237200,5,1235360000000
6964,MATW,1117,0,264200,270800,35381,266481597467
4562,GCOR,6,0,407700,408200,486,407850205761
3601,EPS,6,0,769700,772000,22,769986363636
5146,HEEM,2,0,420600,420600,13,420600000000
7629,NBIE,2,0,254500,254600,200,254550000000
7577,MYXXU,3,0,100800,101000,300,100866666666
7388,MS-F,8,0,252900,253100,503,253040357852
9585,RNGTU,4,0,101700,101700,70,101700000000
9981,SECT,10,0,686700,689200,1860,688673118279
5687,ILCV,13,0,998900,1002000,789,1000323067173
5061,HACQ,2,0,99600,99700,2520,99699206349
12004,WAMA,3,0,260600,260700,1013,260649358341
1731,BU,1,0,196500,196500,1,196500000000
4437,FTXH,2,0,339000,340400,119,340035294117
7386,MS-A,11,0,196500,198000,1108,197125631768
9241,QSOL,2,0,89800,89800,300,89800000000
7643,NBSD,1,0,507300,507300,98,507300000000
8670,PHI,89,0,192500,196000,5206,193545793315
3873,FBDC,6,0,172100,172900,402,172847014925
9693,RTH,26,0,2618600,2631500,496,2621134072580
1295,BGSF,8,0,51500,52100,55,52030909090
11568,USCI,1,0,1010400,1010400,100,1010400000000
8791,PMMF,5,0,1002900,1002900,8180,1002900000000
4939,GRX,11,0,89700,90100,126,89764285714
4568,GCV,2,0,45100,45400,200,45250000000
5667,IIIN,256,0,255600,263600,7152,259117841163
3238,DVXE,3,0,389500,392900,105,390326666666
4904,GRDN,815,0,357300,370000,36961,364532750737
1393,BKCG,2,0,381200,382800,362,382769060773
11666,VACI,80,0,101800,103000,27353,102468888238
1829,C-N,16,0,290600,292500,1772,291798702031
12102,WHG,39,0,157300,160200,660,159087424242
8058,NWTG,60,0,8697,12400,4389,10767050580
9952,SDHC,70,0,110900,112900,8095,111805978999
2540,CRE,16,0,24000,25100,1834,24404580152
1459,BLTD,3,0,247800,248100,290,247937931034
11732,VEGN,7,0,723200,727800,125,724058400000
5618,IFN,12,0,115800,116200,3328,115949939903
6293,KBONU,4,0,102100,103000,227,102502643171
2416,COOK,79,0,407300,438000,966,422434886128
180,ADGM,36,0,8603,9101,13508,8778736600
10453,SPMC,16,0,108800,110200,1049,109922783603
7746,NFTY,18,0,529000,530800,2701,530443909663
5080,HAUZ,2,0,232900,232900,2000,232900000000
2513,CRAN,145,0,100300,100400,13937,100300265480
10276,SMOM,5,0,275700,275900,626,275797923322
8809,PMTV,1,0,251700,251700,100,251700000000
7404,MSD,11,0,73500,73800,1125,73627377777
3165,DSU,131,0,98300,98600,4250,98497364705
4499,FYLD,1,0,386300,386300,100,386300000000
3878,FBIZ,315,0,535500,543500,9619,539789125688
7806,NKX,10,0,124400,124600,1352,124430029585
7815,NLY-J,14,0,260300,260700,1400,260535714285
4387,FTC,8,0,1761000,1765700,87,1761805747126
7039,MCS,248,0,172700,174500,4534,173503109836
11442,UEVM,1,0,592800,592800,70,592800000000
2169,CHSCM,49,0,248700,250500,2968,249355660377
12442,XSVM,2,0,643000,647000,42,643095238095
5670,IINN,29,0,3918,4012,62000,3999033870
11486,UMAY,2,0,377100,377100,200,377100000000
1213,BEDY,41,0,280100,281000,5656,280288843705
5425,HYTR,1,0,212600,212600,100,212600000000
11513,UOCT,2,0,406200,406200,500,406200000000
1240,BESS+,7,0,12900,17000,506,15788339920
9277,QVMT,1,0,653500,653500,1,653500000000
7517,MVFD,2,0,302800,303000,102,302996078431
11373,TXS,5,0,393700,394000,640,393942968750
1100,BBHM,7,0,114200,114700,316,114288607594
7933,NTB,303,0,543400,547700,6919,545441321000
10782,TAIL,31,0,107300,107600,6338,107402382455
509,AMID,3,0,344800,345900,107,344810280373
4579,GDLC,6,0,354100,355800,1225,354614285714
6363,KIM-L,3,0,195500,196100,211,195815639810
10245,SMCF,2,0,372900,374900,11,374172727272
9988,SEG,85,0,227400,232200,2331,228980308880
7210,MITQ,20,0,5901,6200,400,6081847500
2660,CTSO,45,0,4999,5186,8571,5084721852
3963,FDRV,1,0,196600,196600,311,196600000000
8916,PRMR,5,0,262000,262900,500,262440000000
8959,PSBD,83,0,106400,107900,10132,107137455586
3163,DSTL,18,0,576200,578800,1641,577094271785
2019,CDROW,10,0,7498,7498,5700,7498000000
5482,IBHJ,1,0,262700,262700,100,262700000000
7822,NMCO,25,0,106400,107200,6594,106809690627
3289,EAD,34,0,64500,65100,5623,64795536190
3182,DTH,6,0,556400,558000,222,557320720720
11881,VOYA-B,4,0,240300,241200,257,241008560311
658,APUE,12,0,452300,453700,1250,452812000000
10931,TESL,4,0,180300,181200,110,180381818181
12424,XRPR,2,0,117500,117500,796,117500000000
6125,JFR,52,0,74700,75100,19930,74868670346
5180,HFSI,55,0,350000,350400,4060,350198423645
10938,TEXX,4,0,286700,287100,813,286964698646
3840,EZRO,3,0,267900,268500,213,268463380281
7036,MCRB,61,0,75800,77300,1695,76115811209
9031,PTHS,16,0,259000,274500,121,268052892561
3410,EFU,1,0,78400,78400,100,78400000000
6095,JCSE,36,0,12500,13300,14300,12525356643
7225,MKLYR,3,0,1001,1011,898,1003204899
7808,NLOP,123,0,113800,114800,3205,114379157566
3208,DUNK,5,0,234000,234500,80,234250000000
7692,NEE-S,4,0,566500,572000,291,568432989690
5121,HCMT,10,0,399000,402600,1261,400331958762
4063,FGN,8,0,249000,250400,800,249762500000
4800,GMOV,5,0,295200,296700,3583,296397739324
732,AROW,207,0,351800,355200,4281,353099813127
4321,FRD,62,0,203100,207400,4686,205789991463
4154,FLDDW,7,0,1489,1850,1130,1541946902
6546,LALT,12,0,248200,248700,2663,248353173113
11446,UFI,4,0,41300,41300,17,41300000000
1173,BCTXL,40,0,8002,9600,63958,8456757950
2405,COM,12,0,343300,344300,1250,343831200000
2184,CICB,1,0,249400,249400,100,249400000000
12457,XTRE,5,0,489700,490000,110,489798181818
8738,PLMK,7,0,106100,106700,1423,106225579761
8400,PAACU,74,0,100500,100600,13400,100577611940
8103,OAK-A,2,0,208300,208300,200,208300000000
7881,NPACW,2,0,2902,3200,217,3132709677
6569,LBO,2,0,256300,256500,112,256321428571
6155,JIG,4,0,808800,811000,139,810612949640
12637,ZTR,13,0,66600,66700,9001,66652916342
2364,COAG,103,0,279600,289800,7028,282882455890
2051,CEPO,7,0,105800,105900,70,105877142857
9520,RITM-B,8,0,251800,252800,447,252031543624
1115,BBRE,5,0,1026400,1032300,148,1030705405405
7100,MET-E,12,0,228300,228800,211,228641232227
5916,ISCG,3,0,607900,607900,504,607900000000
4673,GHI,5,0,52600,53400,234,52984615384
6294,KBONW,8,0,6200,6200,1000,6200000000
3133,DRKY,3,0,195400,196600,209,195805741626
7457,MTBA,16,0,489800,490800,2848,490182092696
3156,DSI,91,0,1407100,1418600,6336,1411733554292
3551,ENO,4,0,219300,220000,375,219766666666
3098,DOGZ,263,0,10000,13000,31159,11775708463
5153,HELO,87,0,677100,678600,11118,678097166756
6259,JUSA,5,0,666200,668600,376,667158510638
12048,WDI,30,0,134200,135200,4244,134897596606
1775,BVAL,1,0,302600,302600,100,302600000000
3458,ELA,165,0,236300,245300,3308,241692079806
8433,PAMT,38,0,103600,111600,491,106307535641
7694,NEE-U,26,0,250200,252100,2186,250507685269
7194,MIN,4,0,24600,24600,780,24600000000
8209,OLP,122,0,224200,228000,1620,225977407407
3032,DKL,68,0,511600,520500,1852,516394492440
4301,FPA,1,0,523800,523800,4,523800000000
5676,IJJ,258,0,1377600,1384200,15955,1380009909119
10752,SYNX,8,0,11900,12100,600,12033333333
479,ALX,52,0,2294500,2317000,510,2304736078431
5173,HFGM,6,0,336800,338000,600,337250000000
4397,FTF,14,0,58800,59200,2449,59075908534
3002,DIPS,4,0,373700,375000,103,374977669902
9121,QBUF,9,0,305300,305900,1105,305768416289
3744,EVGOW,3,0,100,108,3000,105333333
7898,NREF,131,0,149500,151300,3328,150739723557
6954,MARW,2,0,357600,357800,111,357619819819
243,AFGD,4,0,199400,200100,230,199747826086
5628,IGBH,29,0,245500,246100,11757,245851960534
4955,GSHR,3,0,103900,104000,1500,103900066666
7836,NMS,2,0,121500,121500,177,121500000000
9308,RAND,8,0,108000,111300,456,110499780701
9567,RMMZ,3,0,150800,151000,138,150897826086
1666,BSJX,7,0,250500,251000,1200,250733333333
9148,QETAR,51,0,6000,8400,3056,7070451570
6076,JBBB,5,0,472900,473400,240,473396666666
10560,SSCP,2,0,242000,242000,200,242000000000
287,AGM-H,3,0,239200,239300,201,239200497512
7544,MYCJ,7,0,245900,246100,255,245964313725
6779,LONZ,4,0,495200,495500,301,495400000000
10370,SONM,36,0,47200,50000,1830,48448469945
4027,FFC,8,0,157900,159400,2128,158707142857
5165,HERZ,3,0,180400,183700,103,183624271844
4256,FNDB,27,0,295300,296400,2058,295704761904
4099,FIGXW,13,0,2000,2600,8700,2559816091
4667,GGTL,1,0,374300,374300,100,374300000000
4545,GBLI,16,0,282500,286400,1745,284269512893
238,AFBI,30,0,224600,224700,3168,224600378787
10511,SPYT,35,0,176800,177700,5691,177300667720
9245,QTAC,2,0,243500,243500,200,243500000000
2977,DHCNL,6,0,193000,194300,582,193610996563
3042,DLNG,157,0,38100,39600,9343,39441667558
6865,LUD,4,0,59900,60000,301,59999667774
5134,HDL,6,0,140000,144100,57,142217543859
9318,RAY,10,0,33900,38200,479,37543632567
11914,VSDB,4,0,759500,759700,384,759630208333
8622,PFFV,8,0,222400,222800,1134,222529805996
7542,MYCH,9,0,248500,248600,707,248539179632
6515,KWIN,1,0,254700,254700,100,254700000000
9995,SEIS,26,0,308500,310100,2880,308962048611
8031,NVNO,8,0,95600,98500,95,97962105263
11779,VHCP,1,0,99900,99900,5,99900000000
1506,BNBX,22,0,4400,4670,2777,4490489016
4087,FICS,7,0,399300,400500,360,399863888888
1964,CCG,17,0,6499,6600,3650,6546232876
5966,ITWO,4,0,432200,434500,129,434214728682
6813,LQDB,3,0,856600,856600,76,856600000000
11353,TWLVR,1,0,1401,1401,100,1401000000
1080,BBBI,1,0,510900,510900,72,510900000000
9917,SCM,20,0,90200,91500,1575,90919555555
5995,IVVW,17,0,442600,443500,2711,442819254887
7882,NPB,330,0,169000,172800,19353,171463416524
1997,CCXI,3,0,102800,102800,224,102800000000
6169,JMEE,69,0,718000,722600,10543,719864839229
6678,LGRO,1,0,421600,421600,1,421600000000
6786,LOUP,4,0,857800,859000,102,858978431372
5399,HYEM,4,0,200000,200200,800,200050000000
9445,RFAI,10,0,109100,109200,922,109197613882
11171,TPSC,1,0,442500,442500,10,442500000000
898,AVBC,43,0,187600,190000,2101,188568586387
8789,PML,109,0,74000,74700,10282,74382960513
8174,OGEN,20,0,6000,6010,1700,6004705882
3293,EAGL,36,0,323400,324500,8257,324023943320
12332,XISE,1,0,303700,303700,200,303700000000
2059,CET,3,0,529400,529900,401,529848877805
4744,GLIBA,350,0,252700,260900,14060,255710341394
4163,FLGB,7,0,348400,349000,1765,348953597733
7812,NLY-F,6,0,259500,259800,570,259661754385
10277,SMOT,2,0,370000,370100,24,370050000000
4,AAAA,4,0,299200,299900,103,299794174757
7073,MEAR,4,0,502000,502300,213,502063849765
7669,NCV,10,0,170200,172800,1644,171681569343
6777,LOMA,287,0,103600,108900,14528,104813332874
2929,DFJ,1,0,1071400,1071400,25,1071400000000
3191,DTSS,10,0,8540,9201,10523,8999283569
11791,VIDA,328,0,25200,40000,51432,31629215274
5781,INLF,100,0,40700,46300,2483,43842730567
7297,MNR,151,0,144000,145400,14928,144617912647
6218,JPSE,13,0,565900,568900,587,567053662691
8620,PFFL,1,0,79900,79900,1000,79900000000
5988,IVSS,2,0,277000,277700,177,277304519774
5420,HYS,24,0,929900,931000,1960,930462500000
6051,JACS,1,0,105900,105900,16,105900000000
5545,ICLO,15,0,256000,256100,2495,256055791583
1322,BHST,18,0,40800,42100,1144,41808566433
8978,PSET,3,0,746500,748900,20,748005000000
1814,BYLD,22,0,224300,224600,2642,224422710068
12087,WFC-Y,7,0,234500,235200,607,234950576606
9984,SEED,24,0,11700,12200,1134,11950529100
2764,DADS,3,0,210300,210500,97,210445360824
1152,BCHP,1,0,373100,373100,1,373100000000
11425,UCL,37,0,10100,10400,3319,10141639047
3365,EDUC,42,0,14500,15100,19907,14809328376
6186,JOB,13,0,2402,2480,1402,2457062054
7884,NPCT,10,0,102000,102400,361,102050692520
7944,NTIP,62,0,14800,14900,655,14893587786
7550,MYE,714,0,221300,232700,20523,224919417239
5092,HBB,40,0,182500,188600,370,185144054054
6591,LCNB,79,0,156600,159200,1709,157457811585
6147,JHML,13,0,865100,869000,541,866918853974
6797,LPCN,151,0,22600,23200,11307,22778199345
5656,IHE,4,0,878900,888500,457,880885120350
7172,MHD,30,0,114800,115800,4477,115083381728
10,AACG,2,0,11600,11600,2,11600000000
10283,SMRF,8,0,269000,270500,196,269472959183
2925,DFIN,529,0,385300,391900,11046,387585343110
7885,NPFD,3,0,189500,189500,220,189500000000
4577,GDIV,14,0,180800,181600,1298,181127503852
7863,NOEQ,1,0,283000,283000,91,283000000000
6527,KYN,96,0,142200,144500,9189,143460692131
8727,PLAG,30,0,17700,20000,1177,19344095157
587,ANSCW,3,0,2100,2100,300,2100000000
10860,TCX,90,0,145300,151600,3109,147516564811
3448,EIPI,8,0,224400,225400,467,224838972162
9443,RF-E,11,0,164100,166000,956,164811924686
7953,NTRSO,59,0,190200,190500,3978,190370588235
12486,YBST,4,0,152400,153400,42,152507142857
2213,CITR,2,0,67000,67000,2500,67000000000
6364,KIM-M,3,0,200100,200900,5,200680000000
8950,PSA-L,12,0,180100,180800,661,180328139183
7696,NEE-W,5,0,250500,250800,301,250666112956
142,ACT,1608,0,428400,433300,48761,430407366542
9362,RDAG,2,0,102700,102700,104,102700000000
9034,PTL,13,0,2762900,2779900,1343,2773707594936
2876,DECP,1,0,321600,321600,100,321600000000
4289,FORR,300,0,63800,66300,10746,65652531174
4815,GNMX,2,0,242900,245400,48,243368750000
3774,EVV,34,0,91900,92700,9090,92427601760
2343,CNO-A,1,0,173500,173500,100,173500000000
4682,GIBO,18,0,13000,13400,705,13206382978
7558,MYI,68,0,107500,108200,4275,107780561403
12529,YOLO,19,0,28600,29800,8532,28797351148
2256,CLOX,5,0,255400,255500,519,255499036608
7394,MS-Q,28,0,254400,254900,3964,254490615539
7255,MLPI,10,0,576000,577400,1265,576565849802
4530,GASS,363,0,100200,101600,14400,100727611111
1063,BATRA,227,0,534400,543400,7037,538034446497
2078,CFR-B,11,0,170100,170600,1253,170387071029
5199,HIG-G,13,0,247900,248400,1360,248268823529
9558,RMCF,54,0,21300,22500,5043,21766805472
668,AQB,9,0,8850,9100,548,8914160583
10941,TFC-O,5,0,209700,210100,500,209980000000
7389,MS-I,13,0,250200,251000,700,250568285714
413,ALCO,112,0,399600,403500,2169,401153388658
6879,LVLU,9,0,95800,98800,199,96374874371
4139,FLAU,2,0,342100,343200,50,342760000000
3705,ETSS=,224,0,99400,100000,116633,99617533631
10627,STPZ,24,0,540300,540600,7623,540493795093
3798,EWUS,1,0,409700,409700,40,409700000000
4327,FRI,13,0,305100,306000,922,305527982646
2427,COPY,13,0,145600,146000,886,145744018058
11651,UYLD,45,0,511000,511100,2793,511011063372
1375,BITY,3,0,337600,338200,13,337692307692
11648,UXOC,3,0,389000,389000,40,389000000000
2999,DINT,2,0,289300,289300,118,289300000000
7584,MZZ,2,0,65200,65300,200,65250000000
7753,NGL,356,0,168800,180000,43234,175312425405
8164,OFG,601,0,436900,442100,15740,439398379923
5055,GXUS,1,0,616000,616000,15,616000000000
2378,COF-I,29,0,188300,189800,3328,189255468750
9526,RIV,3,0,114600,114900,250,114800000000
8848,POWA,1,0,859800,859800,100,859800000000
4156,FLDZ,1,0,300000,300000,1,300000000000
4797,GMOD,4,0,270000,270800,350,270228571428
6456,KRBN,3,0,319900,320000,103,319997087378
1998,CCXIU,1,0,102500,102500,100,102500000000
12271,XBOX,6,0,995300,995700,2964,995357591093
7754,NGL-B,9,0,253600,254400,786,253972010178
11623,UTL,319,0,498600,508100,6408,502446910112
3201,DUKH,2,0,239500,239500,204,239500000000
6446,KPLT,41,0,66500,67800,1809,67176727473
2734,CXE,7,0,37000,37300,192,37100520833
12426,XRPZ,34,0,155700,157200,4934,156172334819
5699,ILS,2,0,198500,199000,200,198750000000
4025,FFAIW,4,0,95,105,248,103387096
7325,MOGU,65,0,21800,24900,3607,23320321596
1159,BCML,119,0,298000,303900,3706,299613464651
11432,UDEC,1,0,412800,412800,1229,412800000000
10013,SEPU,6,0,308800,309400,1204,309281727574
8143,OCTU,1,0,302800,302800,200,302800000000
9060,PVEX,1,0,305200,305200,1033,305200000000
2480,CPRO,3,0,277800,278700,301,277802990033
3756,EVN,3,0,105600,105900,666,105645045045
3600,EPRX,290,0,69100,71500,21446,70007530541
2867,DDWM,4,0,457500,458500,227,457878854625
6473,KRSP,4,0,103400,104000,249,103578313253
5558,ICUCW,4,0,192,199,1895,198261213
7196,MINE,10,0,28300,28900,400,28480250000
2695,CVLG,385,0,341900,351800,11192,346539724803
5049,GXPC,2,0,329100,330800,125,330460000000
111,ACHR+,5,0,2530,2770,1056,2646799242
5872,IQDG,11,0,417100,417700,253,417447035573
5941,ITDB,4,0,344500,344800,415,344678795180
10048,SFYF,5,0,620600,632200,325,622221538461
3250,DWM,3,0,729000,730500,35,730457142857
5898,IRHO,4,0,99800,99900,4400,99804545454
5955,ITIC,195,0,2330000,2379100,982,2352178105906
2918,DFEV,12,0,408300,409600,1010,408703762376
6823,LRE,11,0,11400,11900,472,11486016949
5982,IVOO,58,0,1223000,1229300,1605,1224707414330
6936,MAMB,4,0,240400,241000,627,240648325358
6174,JMM,2,0,57600,57600,200,57600000000
12544,YTRA,31,0,9100,9300,1471,9188103331
2827,DCOY,17,0,43700,46400,260,44748076923
106,ACGLO,22,0,200300,201900,1418,201343653032
7521,MVO,44,0,21000,22400,4015,21303910336
9396,RECT,12,0,12500,13000,1556,12745629820
6139,JHEM,3,0,387200,387500,180,387366666666
9966,SDSI,5,0,511900,512100,302,512099006622
2844,DDFS,1,0,217800,217800,100,217800000000
4351,FSEA,17,0,166600,166800,2202,166686376021
7757,NGS,288,0,421500,430900,10247,426060798282
8955,PSA-Q,14,0,152800,153100,491,153007739307
7968,NUAIW,9,0,20900,22100,1200,21475000000
1587,BQ,65,0,7376,9000,1063,7677685794
5467,IBDY,17,0,255800,256000,4665,255952861736
2333,CNEY,45,0,6500,8000,7822,7405101892
12606,ZKIN,95,0,13000,15600,1214,14335749588
4560,GCMG,1086,0,106500,109700,62542,107376602922
9521,RITM-C,20,0,244700,246000,1959,245012251148
11502,UNHU,3,0,470000,509800,211,507250236966
8703,PIPE,1,0,308400,308400,100,308400000000
7392,MS-O,20,0,170400,171100,1964,170749490835
11218,TRPA,2,0,389000,389000,119,389000000000
945,AVSF,2,0,464700,464700,200,464700000000
7232,MKZR,17,0,23000,24400,3524,23246083995
6308,KCE,2,0,1528800,1528800,100,1528800000000
1171,BCTK,16,0,291200,294200,1178,292526655348
3988,FEGE,183,0,492200,494600,11138,493724941641
7307,MNTSW,11,0,102,125,43359,104324730
10016,SER,21,0,16000,18000,912,16527302631
7173,MHF,14,0,69000,69900,1476,69718157181
6572,LBRDP,18,0,217300,220000,2293,219558918447
3710,ETW,59,0,92100,92900,5874,92322488934
4355,FSEV,1,0,249800,249800,28,249800000000
507,AMH-G,3,0,233500,234000,200,233750000000
10780,TAGG,4,0,422200,422200,610,422200000000
8765,PLUN=,18,0,100400,100600,8125,100557944615
5298,HQL,8,0,178000,180700,1057,179898107852
8352,OUSA,5,0,579100,579800,350,579426857142
2546,CRGO,46,0,20800,21400,5241,21034325510
8160,OEFA,1,0,326500,326500,40,326500000000
3355,EDHL,3,0,22600,23200,321,22942679127
1560,BOSC,10,0,45200,46600,686,46030903790
5551,ICOW,9,0,447100,448300,684,447708187134
2722,CWI,28,0,393300,394800,3373,394155054847
4860,GP,48,0,10600,11100,11259,10809112709
8327,OSEA,11,0,297000,299200,1320,298297878787
4948,GSEE,3,0,670800,670800,200,670800000000
2927,DFIS,131,0,358500,360000,16359,359197200317
4790,GMF,6,0,1505000,1509100,360,1506750000000
3709,ETV,20,0,143600,145000,1319,144704700530
5888,IRAB,2,0,99200,99200,14,99200000000
8944,PSA-F,3,0,204100,205100,105,204757142857
6213,JPM-M,23,0,174000,174800,2421,174408591491
5362,HUMN,8,0,370000,372600,208,370202403846
5766,INEO,13,0,6300,6400,1106,6327846292
4388,FTCA,19,0,72700,72800,2732,72730453879
7803,NKSH,156,0,343900,347800,6261,345470036735
2771,DALI,1,0,301400,301400,100,301400000000
4413,FTMA,3,0,89600,89700,300,89633333333
7131,MFLX,9,0,169600,170700,263,169688593155
7402,MSC,4,0,25000,27000,4,26125000000
11564,USB-S,7,0,176500,177400,861,176783855981
1291,BGR,8,0,164000,164500,1901,164079168858
4669,GGZ,2,0,152900,154000,300,153266666666
5434,IACQU,115,0,100000,100000,19600,100000000000
5985,IVR-C,7,0,239800,240500,518,240282625482
3834,EZJ,1,0,620600,620600,156,620600000000
5220,HKPD,28,0,5150,5900,894,5643400447
7268,MMI,550,0,281500,285900,17576,283268081474
9158,QGRO,75,0,1117300,1123400,6222,1119981918997
12600,ZJK,16,0,28000,28800,1212,28204207920
7586,NAAS,4,0,27500,27700,105,27596190476
3950,FDIV,3,0,269900,270200,120,270150000000
61,ABLS,1,0,205500,205500,20,205500000000
10974,THCH,13,0,20000,20500,532,20470300751
701,ARES-B,7,0,412200,415000,171,414160233918
5944,ITDE,3,0,390600,390800,500,390640000000
5145,HEDJ,4,0,547000,548600,225,547883111111
1771,BUYW,77,0,144200,144400,6329,144379143624
12044,WDEF,6,0,275000,276400,241,275362655601
8438,PAPL,10,0,12500,12700,932,12575107296
4104,FINW,128,0,129000,132600,2687,130897208783
5999,IWC,34,0,1814300,1833100,2358,1820454368108
8625,PFH,12,0,164400,165600,436,164834403669
7581,MZYX,4,0,99000,99100,327,99091743119
5528,IBTO,21,0,239200,239600,1482,239364777327
5473,IBGB,2,0,237200,237500,445,237402247191
3171,DSYWW,4,0,135,136,4307,135101927
2890,DEM,11,0,528500,529700,281,529102846975
6844,LST,1,0,450400,450400,100,450400000000
11343,TVRD,133,0,39400,40700,3693,39947847278
1070,BAYA,3,0,120300,120500,740,120325945945
7592,NAII,13,0,26100,26600,767,26398826597
4508,GABC,723,0,414800,419900,9416,416309005947
11292,TSSD,1,0,255600,255600,11,255600000000
1019,BAC-S,15,0,189600,190200,1475,190048271186
6990,MBCC,1,0,382400,382400,63,382400000000
4888,GQGU,12,0,263600,264800,1019,264094602551
4823,GNT,22,0,79000,81400,1697,79660872127
728,ARMP,43,0,76200,85000,2745,81194316939
10125,SIJ,1,0,90900,90900,100,90900000000
6841,LSGR,17,0,455400,457600,1380,456565434782
3579,EPAC,483,0,336400,343400,12340,338539521880
3844,F-C,21,0,204900,205500,2343,205134058898
4754,GLO,16,0,59800,60000,3200,59937500000
5122,HCOW,8,0,232000,232800,1314,232762709284
4485,FXG,4,0,606000,606300,87,606236781609
9932,SCSC,1322,0,420100,429300,47947,424249281498
9097,PZT,6,0,221600,222200,293,222000341296
10859,TCV,4,0,294900,297500,1005,297378606965
9679,RSSB,10,0,298800,300500,1197,299589055973
5033,GVLE,1,0,440400,440400,100,440400000000
10908,TEK,1,0,391200,391200,78,391200000000
635,APM,4,0,8300,8700,280,8671428571
6074,JAVA,56,0,755100,759000,3875,756187406451
10154,SIXS,1,0,534300,534300,1,534300000000
5142,HECA,7,0,274600,275000,535,274813084112
10981,THLV,1,0,320700,320700,800,320700000000
10034,SFEB,1,0,252700,252700,60,252700000000
1017,BAC-P,16,0,165400,165800,2309,165444478129
11290,TSQ,83,0,60500,63500,4095,61653894993
2630,CTBI,404,0,638500,643100,7985,640196030056
8077,NXTG,6,0,1430300,1436400,115,1432742608695
7758,NGVC,353,0,283700,289900,10926,286915220574
176,ADC-A,4,0,170900,171200,444,171012612612
10449,SPLS,3,0,535300,536200,408,535558088235
9580,RND,2,0,316700,317700,23,316830434782
1259,BFIX,1,0,253100,253100,1,253100000000
12010,WATS,4,0,282600,284000,317,282769716088
1737,BUFD,111,0,294000,294500,15496,294310092927
1304,BHAVU,2,0,100900,100900,114,100900000000
11055,TLSIW,19,0,5602,7850,1683,6603403446
9565,RMM,1,0,143200,143200,100,143200000000
11160,TPFI,5,0,247400,247600,934,247578586723
10242,SMBK,165,0,397700,404100,3005,399980565723
8065,NXGL,40,0,5000,5700,9971,5359358238
8122,OBT,152,0,322800,332000,3458,325649277038
4064,FGNX,142,0,59600,64100,10488,61778375286
8481,PBI-B,7,0,215800,216300,1103,216033998186
11187,TRC,234,0,189200,191000,5842,190072612119
914,AVGV,8,0,830200,831400,198,830732323232
6338,KEY-L,22,0,248500,249200,1611,248701986343
7390,MS-K,7,0,239000,239400,480,239066666666
6345,KFIIU,2,0,105000,105000,101,105000000000
1790,BWG,7,0,78700,79000,1272,78919496855
12063,WEEK,10,0,1000200,1000400,550,1000290727272
9800,SAMT,18,0,452600,454500,3350,453125880597
10074,SHBI,1924,0,190100,193100,103932,190903555209
5686,ILCG,26,0,1151600,1163000,1522,1156380551905
5436,IAF,9,0,127700,129300,308,127862987012
3943,FDFF,17,0,330700,332700,368,331750271739
1605,BRFH,19,0,23500,25300,315,24430793650
4308,FPH,123,0,47100,48600,8191,47874655109
6033,IYJ,50,0,1547000,1559000,2773,1551872556797
7602,NANC,1,0,485400,485400,200,485400000000
7649,NC,53,0,492100,504000,243,496655555555
3161,DSPY,10,0,633000,635800,582,634662542955
10223,SLTY,1,0,256000,256000,3,256000000000
6992,MBIN,429,0,442400,448400,12475,443947366733
7778,NIE,5,0,266400,267400,367,266748228882
12104,WHLRD,7,0,350000,362100,10,358310000000
9471,RGLO,5,0,321000,322900,2237,321742199374
2503,CQP,45,0,636400,646800,2149,642308515588
3937,FDBC,103,0,447000,451900,1416,449483050847
345,AII,101,0,168800,172500,2068,170238491295
4372,FSSL,53,0,115900,116900,6303,116265857528
9547,RLJ-A,5,0,251500,252500,304,252160526315
5629,IGC,2,0,2876,2879,200,2877500000
8842,PONX,17,0,49000,50700,4180,49673851674
6903,LYTS,2470,0,232900,241200,138808,234758548498
248,AFJKR,2,0,2869,3000,152,2955184210
9671,RSPG,61,0,1065600,1075000,4637,1072255143411
2496,CPSS,133,0,96100,100500,6754,99201080840
7464,MTEN,13,0,10200,10600,742,10249595687
4205,FLV,7,0,795200,799500,758,796873350923
9835,SBFG,126,0,211400,220000,5117,213748798123
9553,RM,105,0,335100,344900,1441,339765579458
12613,ZMAY,1,0,259200,259200,3858,259200000000
2340,CNMD,643,0,351300,358300,19578,354800097047
3578,EP-C,11,0,509000,510200,1302,509722350230
7451,MTAL+,1,0,8500,8500,400,8500000000
8376,OXLCI,6,0,256800,257500,401,257306234413
8510,PCAPW,2,0,3200,3200,57,3200000000
8211,OM,719,0,35900,37100,43066,36398843635
7391,MS-L,12,0,201600,202100,880,201911818181
6310,KCHVR,16,0,2200,2500,50333,2385584407
4279,FOA,195,0,195900,201600,8339,199677911020
5957,ITOC,31,0,3063,3138,69957,3099932815
2942,DFSD,45,0,477400,477600,3978,477545248868
9910,SCJ,1,0,1048000,1048000,1,1048000000000
7038,MCRP,31,0,27700,29100,3418,28035342305
1753,BUI,16,0,273200,274900,2220,274272027027
9085,PYPD,84,0,42800,45700,18466,44514161161
5922,ISMD,1,0,445600,445600,100,445600000000
7364,MRDN,211,0,104900,110000,16388,108525597998
3769,EVTC,693,0,234500,243700,33532,237274057616
4590,GDV,9,0,287400,289700,916,289057314410
3518,EMLP,142,0,436200,440100,18606,438251284531
7340,MPA,2,0,112700,113100,268,112950746268
8315,ORLG,5,0,123600,126700,591,124116751269
4166,FLGV,7,0,201000,201200,632,201108386075
815,ATC,4,0,240800,243900,301,243723588039
4360,FSI,17,0,63500,64000,1208,63637831125
1024,BAERW,3,0,2540,2750,2250,2568000000
5050,GXPD,8,0,264800,265400,793,265162168978
5700,ILTB,2,0,480500,481000,13,480961538461
5529,IBTP,11,0,251300,251600,980,251400612244
3113,DPRE,1,0,253400,253400,100,253400000000
9925,SCOP,39,0,122300,126600,3662,124458001092
4424,FTRB,3,0,249500,249700,300,249566666666
6400,KMPB,5,0,239000,240000,571,239437828371
268,AGEM,4,0,465000,467600,180,466481111111
7215,MIY,9,0,118700,119300,891,118931088664
4394,FTDS,4,0,588000,589900,146,588310273972
7816,NMAI,4,0,140800,141400,611,141263011456
5279,HOVRW,14,0,4300,4697,11645,4541980850
3185,DTK,47,0,243600,245500,2786,244190093323
4546,GBND,12,0,500300,501500,1500,500986666666
11580,USFI,1,0,245000,245000,1,245000000000
1307,BHDG,7,0,230800,231100,153,230988888888
3443,EIG,483,0,417300,422500,10272,419472829049
11049,TLNCW,41,0,4621,5399,3897,4932739799
776,ASIC,93,0,197600,201100,2109,198828117591
4831,GOCO,31,0,8415,8786,3070,8529525732
7971,NUCLW,230,0,15900,16400,41334,16037567136
8000,NUWE,28,0,9800,10400,4621,9945093919
4749,GLMD,26,0,5991,6527,5270,6205579886
6180,JMTG,74,0,503000,503900,3494,503304235832
1730,BTZ,101,0,99900,100700,4079,100264550134
12003,WALDW,5,0,450,515,2717,458281192
6988,MBBC,14,0,145000,146500,1107,145957994579
9321,RB,2,0,459900,460000,200,459950000000
11342,TVGNW,23,0,405,428,33243,406624372
6463,KRMA,1,0,466200,466200,73,466200000000
5462,IBDT,53,0,252000,252100,17812,252050600718
7722,NEWTI,3,0,253300,253400,384,253391145833
7905,NRIM,692,0,230300,234700,30341,233423387495
2246,CLNK,1,0,182900,182900,1,182900000000
12519,YLDE,2,0,553100,554700,200,553900000000
227,AERT,11,0,6927,7000,700,6993051428
10500,SPXV,1,0,819300,819300,1,819300000000
4664,GGT,12,0,41400,41600,2074,41586788813
10240,SMB,4,0,172100,172200,549,172188706739
4958,GSIB,2,0,552000,553100,820,552134146341
5458,IBCP,1466,0,324300,330500,28443,326765337692
3525,EMOP,3,0,499300,499500,240,499400000000
12507,YGLD,2,0,386000,386800,33,386242424242
2234,CLGN,5,0,4300,4350,106,4300566037
10051,SGC,131,0,112900,116000,4117,113806995384
4973,GSRF,14,0,101300,101900,11851,101300303771
3323,ECCU,3,0,253100,253300,31,253132258064
3024,DJP,5,0,503100,504100,348,504010632183
9429,REVB,19,0,9600,10200,4407,9684708418
2618,CSV,346,0,428000,441500,4811,432706900852
5654,IHD,58,0,71600,72100,6491,71870559235
4937,GRW,3,0,301000,302100,90,302083333333
5378,HVT,442,0,205100,210100,8178,208366275372
11453,UG,12,0,70300,71600,656,70993445121
1180,BDBT,4,0,250000,250300,800,250087500000
6610,LDUR,11,0,952900,953200,764,953043848167
6233,JSM,6,0,185100,186000,264,185460984848
5743,INBK,109,0,229900,235200,3876,231723684210
2775,DAO,22,0,117900,123000,1069,120972310570
7399,MSBI,1559,0,261600,266200,39953,264856679097
3350,EDGH,8,0,348800,349900,502,349381673306
5614,IFGL,5,0,229100,230400,668,229638473053
2351,CNS,427,0,710100,719000,10407,715064168348
59,ABLD,2,0,312800,313600,104,312830769230
10332,SNT,50,0,26000,26600,6707,26461592366
5842,IPAC,40,0,814500,818200,2444,817098117839
5949,ITDJ,3,0,318700,319000,237,318826582278
5909,IRTR,4,0,316400,316800,233,316499570815
3012,DIVI,15,0,420700,422200,1115,421392017937
5571,IDHQ,68,0,392900,395100,4627,394111454506
6006,IWLG,4,0,559200,562900,1140,560198333333
9035,PTLC,14,0,575500,577500,285,576872982456
9199,QQDN,1,0,203600,203600,16,203600000000
6072,JAPN,4,0,226000,227100,1436,226455640668
10731,SWVL,27,0,15300,18000,3554,16082611142
10158,SJB,13,0,154000,154200,7507,154094751565
6329,KEMX,1,0,476200,476200,60,476200000000
6222,JPXN,6,0,982500,987600,61,987254098360
10706,SVCCW,2,0,1994,2200,178,2109730337
2417,COOT,12,0,6100,6223,1180,6108338983
3357,EDIV,15,0,407300,409100,1000,408034000000
828,ATGL,195,0,154100,177700,3338,163181485919
11101,TMUSL,24,0,247100,249500,1344,249206994047
2920,DFGR,98,0,282700,283800,16507,283362434118
3062,DMAC,691,0,60000,62400,27803,60494140920
10173,SKOR,44,0,482600,483100,3207,482794730277
12117,WIP,15,0,396700,398300,628,397291719745
1844,CAF,5,0,195700,197600,103,196632038834
11358,TWO-A,3,0,248000,248000,166,248000000000
1085,BBC,22,0,422700,431000,417,426283693045
228,AERTW,6,0,200,231,1000,210300000
10501,SPXX,27,0,178000,178500,6009,178354251955
1482,BMGL,6,0,7000,7000,10000,7000000000
7698,NEHI,2,0,342100,343600,416,343592788461
4505,GAB-G,11,0,200500,201800,1665,200741501501
6876,LVHI,64,0,409500,410300,5519,409834915745
7951,NTRP,48,0,24300,25600,16307,25169914760
3908,FCFY,1,0,265100,265100,2,265100000000
5085,HAWX,9,0,437700,438800,185,438307027027
9977,SEAT,491,0,91500,102100,25071,96605308922
4648,GFR,178,0,61000,62100,8775,61617846153
4142,FLBR,4,0,227100,229500,179,227438547486
6031,IYG,242,0,861500,868200,24729,862338602450
2970,DGT,10,0,1824000,1830000,374,1827556149732
11679,VATE,39,0,103600,116000,2534,106496764009
11888,VPV,13,0,108400,108800,739,108571312584
1615,BRKRP,10,0,3299200,3339500,67,3326259701492
9529,RJDI,4,0,289300,290700,800,290187500000
244,AFGE,16,0,166900,168000,398,167408542713
10517,SQFTW,58,0,143,171,5934,166146612
4572,GDE,27,0,679700,684100,2473,681434735139
4837,GOLF,475,0,853500,869800,15423,856938889969
4704,GITS,3,0,13500,14100,217,14052995391
4607,GEF.B,73,0,784000,796500,1306,787743185298
5912,ISBA,50,0,404200,412700,822,407476763990
7337,MOV,363,0,267900,273200,11875,270147713684
8303,ORGNW,103,0,10,39,348439,21938098
4639,GF,4,0,117400,118200,267,117800000000
6217,JPRE,15,0,509500,511500,1119,510218945487
9012,PSR,5,0,994600,997900,311,996937942122
7299,MNRS,1,0,420500,420500,6,420500000000
8192,OIO,40,0,17700,19400,2457,18998982498
8828,POCI,49,0,47000,48600,4872,47952688834
6586,LCFY,16,0,42000,45000,841,43492508917
3075,DMX,2,0,499900,500200,45,500033333333
5299,HQWWW,41,0,27800,30000,258,28782170542
9254,QTR,1,0,341000,341000,54,341000000000
10233,SLYG,51,0,1058100,1063800,1738,1060379976985
719,ARL,5,0,133000,133400,16,133106250000
10992,THRV,12,0,244200,245300,1761,244568824531
4660,GGR,7,0,38600,39800,255,39363529411
9284,QXQ,9,0,315400,316600,1574,316031512071
4774,GLV,9,0,62600,62900,747,62766398929
7678,NDLS,46,0,122900,126500,2178,124502571166
3911,FCLD,2,0,338800,345700,576,339710416666
9892,SCHL,1405,0,389400,400800,59676,396652104698
3493,EMBD,17,0,235500,235900,635,235677322834
6963,MATV,820,0,81800,84500,34530,82938161019
10267,SMLF,31,0,819200,821500,1484,820401145552
1140,BCD,8,0,377300,377300,1000,377300000000
7610,NATR,564,0,220200,228200,19422,223783292142
7205,MISL,24,0,444100,450300,3419,446302632348
5720,IMOM,2,0,447200,447800,147,447228571428
3058,DMA,14,0,70800,71000,3006,70866733200
4293,FOUR-A,38,0,543400,550500,771,547667055771
3150,DSACW,1,0,4200,4200,1300,4200000000
6271,JZ,47,0,8500,11300,39551,8854576470
4253,FNCL,26,0,726500,732200,970,728163814432
6212,JPM-L,26,0,188800,189300,2473,189007480792
6148,JHMM,83,0,709700,713900,7348,711379994556
10488,SPWH,172,0,13000,13400,24158,13236985677
215,AEI,18,0,16400,17900,216,17169444444
126,ACNB,283,0,519300,525500,9126,520707692307
3204,DUKRW,181,0,7837,18000,35893,12033191708
3203,DUKR,276,0,70000,79900,104132,73380966465
2679,CURX,8,0,3003,3101,367,3061000000
3680,ETCO,3,0,113600,114600,218,113728440366
9348,RCKY,417,0,333400,343000,9051,335575682245
975,AXINR,17,0,1822,1900,3406,1899862595
11248,TSBK,207,0,390900,395000,3950,393403544303
11153,TPAY,1,0,536500,536500,95,536500000000
880,AUNA,276,0,47700,49400,11874,47950505305
12260,XBB,3,0,406800,406900,201,406849751243
3928,FCT,19,0,97700,98200,1721,98064206856
5333,HTD,22,0,250100,251500,1274,250932417582
11652,UYM,27,0,295300,296500,144,295900000000
4926,GROV,5,0,11800,11800,150,11800000000
4051,FGD,9,0,333200,334000,565,333903008849
4658,GGN-B,10,0,198500,199500,594,198826599326
2046,CENT,447,0,372100,377100,15713,374038509514
7217,MJSC,2,0,607500,610000,400,608750000000
7416,MSGE,601,0,678800,689400,21315,683591620924
4033,FFGX,2,0,330800,331400,140,331228571428
11598,USNA,448,0,178500,183500,15611,180602901800
8940,PRXV,5,0,329900,330600,51,330200000000
6178,JMSI,10,0,496900,497600,1470,497406802721
6404,KMTS,798,0,197500,215900,36116,204319595193
3781,EWD,98,0,493900,497300,2351,495768524032
3231,DVQQ,2,0,310200,313100,903,310209634551
7418,MSGS,894,0,3471600,3537100,14222,3500217880748
2402,COLL,1089,0,334200,347800,40856,338327787840
9137,QDEF,8,0,864500,868100,127,866088976377
8718,PKB,1,0,1027100,1027100,3,1027100000000
2956,DGICA,1501,0,170000,173200,57788,170849444521
4305,FPEI,96,0,192200,192400,7966,192310005021
3635,ERNAW,21,0,1200,1897,22538,1727565445
2317,CMSD,7,0,231100,231400,500,231280000000
12590,ZH,112,0,31300,31900,4013,31584674806
3617,EQLT,1,0,377400,377400,100,377400000000
2933,DFMC,13,0,546700,549300,1035,548215458937
7526,MVSTW,26,0,111,145,49167,137437285
9706,RUSHA,1105,0,686800,701100,39714,690023112756
3368,EE,523,0,354200,360600,12258,357894893131
10163,SJT,39,0,41000,42300,3609,41491410362
10248,SMCO,4,0,292000,293200,340,292647352941
9430,REVBW,187,0,85,326,371456,209135469
11064,TLYS,405,0,39900,42100,15426,40866802800
7111,METW,2,0,282300,284500,6,283033333333
3048,DLR-J,3,0,202800,202800,273,202800000000
12049,WDIG,1,0,501300,501300,40,501300000000
1776,BVC,158,0,95700,115600,2762,108274837074
5022,GUSE,2,0,439300,440300,98,439330612244
5530,IBTQ,16,0,247700,248200,1432,247941620111
3358,EDN,121,0,223300,234300,4299,226213235636
5005,GTO,70,0,466200,466800,5812,466357983482
5148,HEFT,5,0,268500,269200,354,268924858757
8682,PHYL,14,0,349500,349900,1030,349665825242
5024,GUT,17,0,62300,62700,8284,62513592467
7076,MEDI,2,0,301700,301900,101,301898019801
12592,ZHOG,7,0,512800,513000,601,512966389351
2319,CMTG,343,0,20500,21600,27205,21178676713
5293,HPS,4,0,145100,145600,740,145333918918
338,AIEQ,1,0,489200,489200,100,489200000000
10611,STK,4,0,500300,503400,302,503116887417
6778,LONA,152,0,109400,113200,4511,110674307248
5684,ILAG,26,0,41000,45500,1158,41909671848
12423,XRPNW,15,0,9400,10100,1783,9634997195
9515,RISN,2,0,290000,290100,217,290017972350
5322,HSPT,5,0,87600,89800,48,88312500000
9077,PXF,17,0,751300,753800,965,752495751295
12278,XCBEW,1,0,2800,2800,1000,2800000000
2005,CDIG,3,0,250100,250400,245,250155102040
4084,FIAX,2,0,175800,175800,105,175800000000
874,AUGT,1,0,375400,375400,73,375400000000
11147,TOUS,5,0,365000,365400,500,365120000000
9678,RSPU,21,0,772700,784100,954,775220859538
11384,TYD,2,0,232900,233500,750,233300000000
1111,BBN,20,0,157200,158400,4386,157938964888
8784,PMI,71,0,1580,1721,6704,1642867094
7607,NATH,59,0,1007000,1014400,1200,1009071833333
6177,JMSB,196,0,205200,210100,6084,207486916502
7532,MWYN,9,0,8400,8800,2796,8501644492
4707,GIWWU,1,0,103100,103100,99,103100000000
11674,VALN,35,0,57000,57900,10036,57531825428
7130,MFIN,482,0,93800,96100,24206,95658679666
8398,PAAA,41,0,514200,514300,4155,514285752105
2092,CGDG,132,0,370200,371400,12184,370658010505
8368,OWLS,59,0,57200,58900,4252,58395931326
6236,JSPR,225,0,8051,8805,35293,8349250474
4762,GLP,85,0,488400,502000,5904,492213211382
5264,HOMZ,1,0,422400,422400,154,422400000000
10881,TDSB,1,0,247500,247500,5,247500000000
608,AOTS,1,0,231000,231000,100,231000000000
4847,GOOW,1,0,815800,815800,1,815800000000
9398,REED,11,0,19400,22900,464,20968965517
4167,FLHY,30,0,241200,241600,3744,241426228632
9610,ROE,22,0,397400,398700,2362,397883488569
1048,BANC-F,4,0,255000,255400,496,255238709677
11321,TUG,4,0,453500,457600,419,455977088305
8079,NXTS,18,0,44000,45500,1285,44455252918
7717,NEUP,53,0,46800,49600,8752,48020852376
11159,TPFG,3,0,252500,252500,717,252500000000
886,AUSF,8,0,482300,484800,473,483481395348
7128,MFICL,10,0,253600,253900,5043,253694765020
3041,DLN,82,0,946800,950500,8545,948766729081
8033,NVOH,4,0,246500,247800,211,246565876777
4889,GQI,7,0,582900,583300,1354,583072747415
7058,MDLV,2,0,307500,308500,157,308136942675
10284,SMRI,2,0,385100,386800,68,385200000000
5245,HMYY,7,0,71300,71800,182,71523076923
8490,PBMY,1,0,309200,309200,100,309200000000
8492,PBOC,1,0,303300,303300,100,303300000000
3463,ELCV,4,0,308100,308800,264,308478787878
7706,NEON,130,0,16400,16700,8328,16432540826
6877,LVIG,3,0,976900,977400,269,977197397769
8158,OEC,709,0,69000,71400,36534,70010647615
5457,IBCB,2,0,248600,248800,800,248650000000
5032,GVIP,16,0,1727600,1732800,311,1727683601286
10140,SIOO,20,0,198300,199200,794,198512846347
4348,FSCC,1,0,338700,338700,200,338700000000
1452,BLRK,4,0,99600,99600,688,99600000000
11725,VEEA,62,0,5550,6105,17236,5741642898
9433,REX,330,0,489800,503400,8358,498056963388
9894,SCHO,44,0,241300,241300,16265,241300000000
10912,TELA,56,0,8780,9899,6856,9020317969
639,APO-A,59,0,684600,694300,716,691884357541
7786,NIPG,29,0,5011,5350,901,5064397336
2648,CTNM,763,0,134000,138800,28093,136026625849
6972,MAYM,3,0,328500,328500,300,328500000000
10005,SENEA,753,0,1365500,1401700,7795,1388262475946
769,ASG,150,0,51800,52400,3814,52021106449
11042,TLG,4,0,274600,275500,1610,275133540372
11434,UDIV,1,0,592500,592500,100,592500000000
7327,MOLN,5,0,37300,37500,36,37472222222
2900,DEXC,3,0,761900,764800,200,763060000000
5478,IBHF,8,0,227000,227200,1149,227100000000
4023,FFA,4,0,224700,225900,306,225214379084
7193,MIMI,49,0,29800,32000,4915,30520162767
9877,SCE-M,28,0,246000,247100,3067,246751124877
11561,USB-P,7,0,221300,222100,616,221563149350
1288,BGLWW,3,0,2772,2900,300,2857333333
7561,MYMG,1,0,246700,246700,83,246700000000
9075,PXE,30,0,371300,376300,3270,372977614678
192,ADSEW,45,0,4700,5500,4136,5170093326
10465,SPRE,15,0,209700,210500,7665,210227436399
3539,ENDW,8,0,335700,336600,1190,336334873949
3879,FBK,623,0,508100,515100,20642,512458477860
2868,DDX,1,0,248700,248700,1,248700000000
9367,RDFI,2,0,232800,233700,200,233250000000
8590,PEJ,9,0,589000,591900,2132,589095356472
3509,EMGF,20,0,698000,702600,1308,700125764525
8712,PJIO,15,0,615400,619100,737,617627408412
3712,ETY,196,0,148000,149300,11532,148620750953
7245,MLECW,93,0,151,251,151831,213627217
6347,KFS,69,0,106100,107800,1862,107048174006
9475,RGR,179,0,394500,400400,2740,396350766423
4310,FPRO,7,0,242100,242700,771,242431517509
3388,EFAS,2,0,218600,218800,16,218787500000
5946,ITDG,3,0,410000,410800,107,410748598130
5796,INRO,1,0,354200,354200,100,354200000000
11146,TOUR,68,0,61200,62000,5085,61540766961
7891,NPT,56,0,12500,16800,11636,14131797868
6102,JDVL,4,0,293200,293600,1006,293400000000
8,AACBR,2,0,2500,2800,15,2720000000
8740,PLMKW,1,0,6200,6200,10,6200000000
4812,GNLN,25,0,37400,40000,2257,38397784669
2467,CPK,297,0,1246900,1277500,5387,1259092500464
10201,SLGN,1566,0,365300,379100,49924,372022223780
11737,VENU,224,0,36300,38400,8344,37187380153
2475,CPNX,4,0,151000,154700,19,152200000000
8280,OPPE,2,0,557000,557400,80,557100000000
6492,KTF,12,0,89800,90200,3182,89935449402
6430,KOMP,25,0,679000,682900,740,680181081081
3343,EDBLW,1,0,899,899,100,899000000
7851,NNY,6,0,84100,84500,785,84371464968
2921,DFGX,337,0,522800,525300,19671,523517172487
3610,EQBK,292,0,442300,449300,7871,444457553042
1813,BYFC,1,0,102600,102600,2,102600000000
12086,WFC-L,16,0,11761700,11820600,235,11792798723404
5456,IBCA,6,0,253600,253700,623,253632102728
9163,QIDX,1,0,112400,112400,100,112400000000
8614,PFDE,1,0,273600,273600,100,273600000000
5810,INTS,53,0,46000,48500,12750,48197882352
9082,PXS,69,0,43100,45900,5216,44125690184
5978,IVF,28,0,15600,16500,2542,16123328088
4144,FLCA,1,0,512100,512100,100,512100000000
3753,EVMN,432,0,220500,229900,19274,226019342118
12020,WBIY,1,0,334100,334100,65,334100000000
2304,CMPR,1153,0,927500,953100,54091,942045168327
964,AWR,472,0,756700,772200,11644,763760632085
5859,IPM,5,0,18900,19400,112,19382142857
9753,RYET,3,0,9775,9775,75,9775000000
669,AQEC,1,0,240600,240600,100,240600000000
10942,TFC-R,27,0,183400,184000,4018,183880288700
7761,NHI,933,0,742700,749900,68293,746243916653
6377,KKRS,9,0,164500,165200,800,164962500000
8443,PASG,123,0,50900,53600,12209,52105659759
4421,FTOH,27,0,83200,83200,2689,83200000000
10157,SJ,26,0,10400,13000,12565,12659729407
7917,NRXS,36,0,77100,80900,1795,79078217270
5956,ITM,67,0,463300,464300,4957,463819265684
7538,MXI,16,0,1094300,1104300,445,1097887191011
7400,MSBIP,12,0,253300,254200,597,253883919597
4496,FXZ,8,0,786600,792300,1057,788870577105
7182,MI,14,0,1845,1994,495,1940082828
4358,FSHPR,22,0,1143,1700,1323,1457518518
3715,EUDA,19,0,145600,149000,1234,146875040518
4971,GSOL,121,0,66200,67200,81888,66912313159
3747,EVI,67,0,161300,169800,1615,167887739938
8088,NYSX,3,0,1222200,1225300,30,1222820000000
8250,ONL,253,0,28800,29500,9781,29153072282
4367,FSMD,46,0,486400,490400,3757,487612643066
8576,PDX,13,0,215300,218500,728,216690796703
3378,EEMV,54,0,713000,717200,1747,715680767029
6763,LOB,457,0,354100,357700,12906,355968456531
2363,CNYA,11,0,371000,371600,981,371575229357
5182,HFWA,2866,0,258500,263300,95494,260448219783
5351,HUBCW,657,0,97,390,1906946,229293721
12328,XIDV,1,0,377400,377400,200,377400000000
2055,CEPV,61,0,102500,102700,5044,102612252180
3078,DNL,2,0,433600,433600,400,433600000000
795,ASPSW,2,0,4000,4000,900,4000000000
11068,TMB,16,0,253200,253600,1087,253396320147
8162,OESX,21,0,93100,96000,621,93703381642
6820,LQTI,30,0,192200,192400,2954,192213811780
5647,IGRO,24,0,870900,874300,621,872573107890
5208,HIO,45,0,35600,36000,9503,35811648952
5503,IBMP,2,0,253300,253400,536,253306716417
9850,SBSI,249,0,316700,325800,5299,318822438195
7006,MBSX,3,0,259700,259700,146,259700000000
8473,PBEU,7,0,295200,296000,1234,295313533225
8223,OMSE,1,0,45300,45300,100,45300000000
5117,HCM,66,0,124800,126900,2522,125682632831
1327,BIAF,145,0,18800,19500,13210,19013088569
5750,INCR,3,0,8200,8300,153,8233986928
5330,HTB,185,0,452700,457200,3562,454139781021
6501,KTWOU,2,0,100900,100900,103,100900000000
10417,SPDV,1,0,377300,377300,2,377300000000
144,ACTS,4,0,272100,274300,2800,273482142857
286,AGM-G,9,0,174800,176000,702,175882763532
10559,SSBI,8,0,135000,136100,214,135740186915
4089,FIDI,7,0,280500,280500,1000,280500000000
5044,GXC,7,0,949500,950400,410,949960975609
11050,TLPH,18,0,8388,8804,3096,8593967700
777,ASIX,545,0,213200,217900,13177,215690521362
6056,JAGU,12,0,18900,19500,7751,19011663011
4011,FERA,9,0,103600,103700,103864,103699585034
5607,IEV,53,0,704200,707500,2066,705471345595
9174,QLTY,98,0,402500,404800,8102,403816131819
10193,SLDPW,2,0,1673,1941,424,1799415094
5671,IINNW,2,0,500,553,400,513250000
6044,IZM,11,0,3900,4101,2680,3996429104
9259,QUAD,450,0,71500,72700,12399,72256488426
8084,NYC,18,0,92400,99000,77,97000000000
11751,VFL,1,0,101400,101400,2000,101400000000
1478,BME,7,0,387600,391100,1669,390796225284
7097,MESO,547,0,148600,150700,16419,149634801145
6713,LITL,1,0,305500,305500,117,305500000000
4691,GIGL,32,0,499600,500300,2514,499744630071
4998,GTIP,8,0,492600,492800,357,492700280112
7964,NTZ,50,0,26200,28900,454,27509911894
6764,LOB-A,2,0,252300,252700,102,252307843137
8070,NXPL,6,0,60600,62600,154,61102597402
5518,IBRN,1,0,352200,352200,10,352200000000
1197,BDSX,86,0,135000,143700,4369,139510482948
7935,NTCT,1573,0,381600,388400,57790,384279671223
8470,PBDC,33,0,272000,274400,8131,273938998893
9503,RILYN,15,0,248000,248200,1764,248017687074
8486,PBL,3,0,328200,329700,333,329129429429
9459,RFIX,209,0,376800,380200,9978,378021106434
10409,SPCK,2,0,220000,224400,54,224074074074
136,ACRE,163,0,46000,46500,10900,46231807339
8165,OFIX,1125,0,119000,121200,53605,120238337841
8611,PFAI,61,0,36000,41300,1428,39558963585
11852,VNO-L,4,0,175700,175800,361,175755401662
1579,BPOPM,4,0,251100,251600,90,251327777777
6439,KOSS,10,0,38500,40000,4241,39005918415
1054,BANX,54,0,194800,197900,2804,195935805991
6096,JCTC,17,0,19300,19800,18102,19669307258
1456,BLSG,46,0,43700,50600,11838,44476524750
2318,CMT,33,0,239100,247700,389,242390745501
7660,NCNA,48,0,20900,23000,6143,22242226924
464,ALRS,1318,0,263300,266100,26979,265125694058
4185,FLOC,956,0,269100,273500,50971,270896068352
7671,NCZ,2,0,154100,154200,20,154195000000
9930,SCPQW,19,0,2990,4300,1054,4156442125
7011,MBWM,409,0,496300,507300,9859,498874561314
2765,DAIC,92,0,1697,2100,54968,1784557487
7310,MNY,6,0,13400,13500,456,13494078947
3728,EUSA,17,0,1082500,1084500,715,1082867832167
6893,LXFR,453,0,153400,157700,24345,156007570342
6498,KTUP,18,0,76700,79000,1928,78585840248
10118,SIFY,58,0,157300,161100,3351,158872217248
2848,DDL,65,0,24800,25200,7380,24924471544
12513,YI,16,0,57900,60700,1821,59447171883
1483,BMHL,4,0,38400,40800,24,39733333333
4448,FULTP,12,0,182300,183400,815,182788220858
5464,IBDV,13,0,217000,217200,4916,217101545972
1089,BBCQ,183,0,103200,103800,58832,103518455942
6128,JGH,10,0,124900,125900,1204,125328820598
4935,GRRRW,3,0,2301,2530,602,2528906976
2596,CSEX,9,0,204000,208000,5356,204503435399
4516,GAINZ,7,0,241000,241000,168,241000000000
9076,PXED,94,0,287500,298000,2297,292960949063
7396,MSAI,26,0,57200,59100,4429,57828764958
10296,SMXT,25,0,5460,5507,1117,5473789615
23,AAMI,443,0,673100,698200,11029,680911705503
6711,LITB,7,0,26000,28000,302,26774834437
6595,LCTD,1,0,571700,571700,100,571700000000
6607,LDRT,4,0,250200,250700,593,250334907251
105,ACGLN,37,0,166300,167000,1836,166815087145
17,AACPU,2,0,100800,100800,5700,100800000000
10290,SMTI,142,0,208400,214600,4602,211071142981
4415,FTMN,6,0,87300,87700,2900,87431034482
2583,CRWS,23,0,27500,27800,5041,27544078555
4553,GCAL,10,0,505000,506000,1284,505509657320
6623,LEGR,2,0,635700,635700,100,635700000000
9154,QFLR,4,0,357300,357700,498,357543373493
3407,EFSI,129,0,370000,377000,2043,374151639745
7490,MUC,23,0,106000,106500,2967,106236063363
1109,BBLU,23,0,163900,164200,4684,164098292058
3456,EKG,4,0,157300,158900,26,157684615384
5211,HISF,7,0,442000,442200,150,442186666666
9581,RNEM,4,0,546600,547600,215,547595348837
8962,PSCD,3,0,1017500,1017700,28,1017521428571
4019,FEUZ,2,0,668600,670100,54,670072222222
10169,SKIN,371,0,6162,6638,56624,6391919451
12032,WCME,5,0,189900,190100,189,189951851851
1759,BULX,4,0,46400,47700,736,46804891304
3684,ETG,22,0,225700,228900,2936,227646934604
3254,DWTX,86,0,17000,18800,10590,17673522190
10813,TAYD,88,0,498900,516400,2717,512051417004
540,AMTB,591,0,220300,225000,13614,222162619362
851,ATNI,338,0,260300,268400,9951,263672917294
8023,NVG,113,0,123700,124500,6532,124001791181
10210,SLNG,5,0,39500,39600,161,39537888198
7016,MCBS,937,0,310800,315500,16486,312340689069
4090,FIDU,31,0,924800,932600,821,928230572472
7142,MFVL,4,0,199400,200200,177,199596610169
5460,IBDR,4,0,242100,242100,2669,242100000000
3290,EAF,173,0,87000,90000,7643,88864516551
8029,NVNI,23,0,11500,11700,2115,11600709219
8595,PEO,17,0,264000,265000,2472,264210113268
3547,ENIC,195,0,41700,42200,10619,41997363216
3791,EWO,5,0,389000,390300,163,389711042944
11890,VRA,213,0,32200,33200,9207,32612870641
736,ARQQW,13,0,716,879,3850,757389610
558,AMZW,6,0,422500,427100,670,422993432835
10831,TBN,301,0,351600,369100,14298,359253636872
4015,FESM,279,0,434000,436500,31148,435100260048
10557,SSACW,3,0,600,650,50200,649800796
284,AGM-E,2,0,205500,206200,400,205675000000
7398,MSB,23,0,280000,284900,1065,283684882629
3553,ENOV,2161,0,238300,257000,108535,244932069839
7668,NCTY,19,0,56000,59000,2332,58014365351
6103,JDZG,535,0,17400,22400,72464,21092795043
11232,TRTX-C,11,0,188000,191400,542,189029335793
8957,PSA-S,9,0,159200,159300,480,159238958333
9054,PULS,4,0,496300,496300,460,496300000000
5275,HOUR,10,0,20100,21200,1035,21013623188
7989,NURE,2,0,295000,295200,120,295033333333
4227,FMBH,883,0,417400,421400,18693,418613448884
121,ACLO,3,0,504000,504300,300,504200000000
10394,SOXY,8,0,889000,899800,1005,889032835820
9004,PSNYW,5,0,30300,32800,401,31004738154
9229,QRHC,163,0,10500,10900,1283,10616835541
12110,WIA,2,0,81700,81700,123,81700000000
4430,FTSL,83,0,451300,451900,8030,451482889165
6129,JGLO,52,0,704400,708000,7106,706135589642
8982,PSFF,30,0,338300,338800,2737,338640884179
3790,EWN,63,0,643100,646400,2873,644634041072
5822,INVX,671,0,274300,280600,21493,278230284278
1187,BDEC,1,0,526300,526300,829,526300000000
11460,UHAL,535,0,484700,493500,14104,488292413499
2895,DESK,1,0,360700,360700,10,360700000000
4501,FYX,17,0,1289000,1295100,871,1292338231917
6358,KIDS,785,0,175500,179200,26514,177383457795
734,ARQ,365,0,25700,26400,28206,26130762958
11007,TILE,1603,0,278500,284600,104464,281763966533
7433,MSSM,58,0,568700,571700,655,571329923664
5664,IIF,12,0,214400,215400,1155,214757748917
7092,MER-K,22,0,254400,255000,2198,254779481346
168,ADAMM,4,0,254600,255000,164,254756097560
6616,LEE,165,0,82000,90600,16497,87295768927
2906,DFAT,500,0,652400,656500,34458,653710688374
4671,GHC,79,0,10902800,10992400,207,10939128985507
9326,RBCAA,251,0,752600,763500,6492,756308410351
3550,ENLV,91,0,7067,7350,13140,7181223972
9293,RAAQW,69,0,26200,28900,19890,27378848667
11090,TMNS,1,0,498500,498500,200,498500000000
817,ATCL,3,0,252700,252700,300,252700000000
5920,ISHG,18,0,750900,751800,3188,751145169385
3398,EFIV,56,0,716400,720400,2747,718514634146
4074,FHEQ,23,0,329100,330900,4059,330129046563
5197,HIFS,207,0,2579000,2640200,2377,2618423306689
7941,NTGR,1401,0,243000,258000,63018,250422030213
7423,MSLC,12,0,579400,582100,1015,581784137931
3655,ESIM,1,0,278900,278900,100,278900000000
5308,HRTS,4,0,332900,336100,268,335895522388
2672,CULP,71,0,30600,31500,3198,31086616635
4461,FV,54,0,696400,699700,2780,698365935251
10432,SPGP,22,0,1159700,1163200,873,1161186254295
7903,NRGU,19,0,390000,405000,2925,394538461538
11286,TSOL,3,0,86300,86800,340,86582352941
1013,BAC-L,24,0,11907900,12011200,141,11937839716312
7702,NEMG,7,0,193000,196800,352,193299431818
2798,DBEF,634,0,515300,517300,15525,516379987117
10264,SMIN,11,0,660500,661800,574,661183623693
11920,VSGX,23,0,785900,788800,1847,787422631293
1647,BSCQ,37,0,195700,195800,8115,195769192852
11314,TTRX,16,0,39000,40700,473,39853276955
1041,BAMD,6,0,321000,321600,186,321382795698
933,AVNV,7,0,835600,837100,2136,836850749063
11206,TRMK,1587,0,428200,434800,40957,431100273457
8698,PINE,133,0,186600,188000,4294,187254145319
7793,NIXT,2,0,301500,303200,101,301516831683
6950,MARPS,3,0,49800,50000,95,49905263157
11506,UNL,5,0,64300,64700,711,64384388185
1233,BEPH,8,0,148700,150300,497,149597786720
2316,CMSC,6,0,229700,230500,313,229883706070
12589,ZGN,667,0,125000,127400,28231,126468428323
620,APEI,1188,0,525700,540000,39488,530841506280
12428,XRTX,59,0,21500,26400,4373,25257946489
6047,JA,1,0,501800,501800,100,501800000000
3268,DXST,3,0,17900,18200,46,17939130434
8605,PEW,377,0,28100,29900,36348,28879399141
1183,BDCIU,3,0,101200,101200,509,101200000000
11456,UGI,3527,0,335800,341600,179400,339037765886
6231,JSCP,27,0,469800,470000,2573,469891333074
4451,FUNC,104,0,367800,371200,2347,369360587984
7235,MLAAW,7,0,5202,5300,899,5289208008
5877,IQM,4,0,1120500,1127800,175,1121677142857
4472,FWD,26,0,1324500,1339800,3843,1332140489201
7274,MMLG,6,0,358300,359800,200,359203000000
3001,DIPR,3,0,282900,285500,1033,282983059051
9506,RILYZ,60,0,193800,198100,10411,197187714916
8323,OSCG,2,0,184400,190200,400,185850000000
5677,IJK,112,0,1101900,1111000,6925,1105513386281
3101,DOLE,1481,0,139500,144300,61805,141294149340
6370,KITTW,20,0,210,272,39382,214101010
4414,FTMH,34,0,115500,115900,6893,115588901784
6550,LANDP,31,0,206000,208100,5855,207293048676
1015,BAC-N,27,0,202500,203000,1866,202749088960
2796,DBD,679,0,696300,711200,21496,704120245627
8271,OPFI,1768,0,86000,89400,63526,87305188426
12219,WTM,155,19,21160000,21435500,677,21301036336779
927,AVMC,5,0,766600,769500,496,767500403225
11200,TRINI,25,0,254000,254500,256,254195312500
2352,CNSP,27,0,49500,50900,3507,49637154262
4433,FTW,76,0,110500,119800,8840,116027036199
11096,TMTS,20,0,100100,100100,716,100100000000
8075,NXTC,61,0,95000,101900,2445,97984498977
6232,JSI,4,0,513000,513300,91,513194505494
3082,DNMXW,2,0,3180,3180,200,3180000000
6318,KDKRW,3,0,13500,13500,123,13500000000
7824,NMFCZ,6,0,251400,251500,359,251483286908
960,AWF,45,0,100800,101500,6864,101036553030
11233,TRTY,2,0,308400,309000,1440,308410000000
6530,KZIA,86,0,131600,138500,22112,135065701881
2595,CSD,13,0,1331500,1340000,888,1333790765765
1385,BJAN,1,0,582500,582500,13,582500000000
11658,UZF,18,0,177800,192400,432,178378703703
10266,SMJF,5,0,33200,34100,2633,33215077857
9463,RFMZ,13,0,131300,132500,976,131774590163
3962,FDRS,6,0,230000,234400,3275,231520030534
4155,FLDR,44,0,500900,501400,2487,501227663852
4349,FSCO,83,0,50700,51200,6460,50937089783
3657,ESLA,60,0,11100,12100,5284,11404750189
12352,XLO,30,0,83500,86300,3266,84487752602
6481,KSCP,117,0,28600,30200,8728,29323120989
11796,VINP,205,0,102300,104100,12601,103082533132
1523,BNJ,9,0,148500,150000,631,149390649762
7167,MGV,86,0,1540600,1549500,4963,1541721499093
7902,NRGD,3,0,260000,260500,412,260014563106
12508,YHC,90,0,9150,10500,53035,10056936570
2235,CLH,961,0,3016700,3081600,15628,3034758478372
7133,MFMO,4,0,235400,236600,301,236167441860
10666,SUB,83,0,1060600,1061600,7786,1061323850500
5829,IONR,231,0,41200,42900,21265,41839026569
7104,METCB,36,0,100000,102000,790,100743797468
8369,OWLT,141,0,54400,56600,8799,55254869871
4709,GIXXR,82,0,2900,3000,189159,2994628857
5062,HACQU,15,0,100500,100700,1414,100698019801
4193,FLRN,51,0,307900,308000,74826,307994652928
3292,EAGG,54,0,469500,470100,17369,469654441821
8011,NVDB,7,0,370700,386100,1810,373829281767
8651,PGF,30,0,139100,139300,1657,139212975256
7330,MOOD,4,0,428400,429100,4804,428612656119
3938,FDCF,5,0,490000,495200,507,494312426035
4075,FHI,1093,0,538900,552900,55230,543761788882
10090,SHMDW,26,0,18000,20300,16618,19285557828
7134,MFSB,12,0,247800,248000,801,247924843945
6160,JJSF,797,0,701700,718000,23770,712170618426
4266,FNGS,5,0,740000,749800,554,744466787003
4484,FXF,3,0,1120900,1122000,1045,1120946889952
7645,NBTB,2251,0,437000,441200,59072,439718231988
7760,NHC,297,0,1911100,1959400,2663,1930920428088
6016,IWS,196,0,1554300,1564100,4976,1557428778135
2683,CV,504,0,64400,70200,19371,65848231893
9948,SDEV,21,0,16000,17000,6222,16131211828
7752,NGHT,14,0,262000,265600,613,263805872756
7405,MSDD,4,0,272000,279000,134,274850746268
7897,NRDY,107,0,8110,8377,10296,8269652292
3166,DSWL,14,0,33500,34000,312,33522435897
9938,SCYX,163,0,7200,7450,211489,7394690314
8147,ODC,232,0,764900,778700,3301,772565434716
8803,PMT-C,10,0,182400,182800,710,182560563380
766,ASCE,7,0,314300,316300,605,315525289256
6549,LANDO,10,0,208200,209200,1459,208790815627
11116,TNONW,3,0,61,61,300,61000000
843,ATLCL,6,0,250000,250100,208,250072115384
6367,KIO,73,0,111500,112100,3888,111725668724
10821,TBG,6,0,362300,362600,17,362400000000
548,AMWL,74,0,74600,76000,4392,75120651183
3591,EPOL,225,0,386100,389500,13108,386832651815
9329,RBLD,6,0,871800,876700,494,874531376518
8025,NVII,18,0,287200,294600,1911,288710256410
9073,PWV,108,0,730300,734300,8115,731844054220
4795,GMNY,7,0,496600,497200,70,496837142857
5840,IOYY,34,0,91500,92300,1828,91843326039
2296,CMGG,3,0,140700,145700,390,143167435897
6206,JPLD,18,0,520600,520800,729,520684910836
1827,BZZ,5,0,244700,247700,1843,245668583830
12100,WHF,80,0,72300,73500,3467,72894462070
4285,FOR,462,0,251400,258600,18603,255929312476
5355,HUDI,50,0,11400,13700,4295,12910942956
10404,SPBW,1,0,284900,284900,240,284900000000
131,ACP,23,0,53300,53700,1379,53509717186
11063,TLX,271,0,105000,107000,12660,105740781990
8693,PII,1490,0,634000,658000,50947,650584564351
6646,LFCR,541,0,43800,45300,44042,44242650197
4186,FLOT,96,0,509400,509700,12483,509594600656
3949,FDIS,142,0,998500,1005400,6063,1001354807850
3637,EROK,347,0,217000,225700,26452,220421280054
7996,NUV,55,0,90600,90900,5793,90743034697
5707,IMCG,7,0,890200,895000,37,893962162162
3653,ESGV,51,0,1297500,1306400,2758,1300584626540
9601,ROAM,2,0,344900,345200,90,345136666666
8782,PMEC,1,0,8470,8470,100,8470000000
4481,FXD,3,0,634900,634900,191,634900000000
8669,PHGE,21,0,5190,5501,7817,5306287578
8919,PROF,92,0,69200,72600,4919,70194998983
4557,GCGRU,9,0,101500,101700,5572,101520979899
5189,HGTY,386,0,103200,105700,20586,104630972505
1832,CAAP,96,0,237500,244000,4966,239464478453
2697,CVM,145,0,13800,15400,15437,14549633996
9559,RMCO,54,0,21600,25200,13442,24034652581
6762,LOAR,1073,0,569300,608900,37396,581624165686
840,ATIIW,119,0,20000,22000,35380,21259341435
11113,TNL,1262,0,625200,633600,54202,628276026714
784,ASMH,2,0,1013000,1014000,2,1013500000000
4046,FFTY,9,0,404800,407100,1641,405784887263
8889,PRDO,1917,0,338100,350600,71782,341482203059
9575,RMT,13,0,132100,133000,1586,132558385876
3939,FDD,20,0,191700,192500,1863,192164304884
3945,FDHY,5,0,489000,489300,2702,489222242783
11529,UPSG,4,0,137800,138900,115,138388695652
1256,BFH,1042,0,857800,873600,33128,865501992272
8938,PRVS,4,0,302700,302900,194,302805154639
4471,FVRR,985,0,101100,104900,51233,103350344504
12614,ZMUN,20,0,501700,501800,665,501783759398
2341,CNNE,824,0,128800,132000,32889,131107771595
4277,FNX,12,0,1356600,1361300,416,1359312259615
8994,PSL,3,0,1116700,1120000,110,1117000000000
5967,IUS,4,0,641600,642200,129,642064341085
11412,UBOT,22,0,298300,303300,2251,300109862283
4585,GDOT,554,0,126300,128300,23691,127288134734
8093,NZF,63,0,123200,123800,4070,123567936117
3771,EVTR,59,0,503700,504500,6109,503917220494
5031,GVI,88,0,1056600,1057600,10098,1056926916221
7455,MTB-J,4,0,264900,265000,2300,264986956521
4978,GSST,5,0,504800,504900,1101,504899909173
10036,SFHG,36,0,23000,26000,2516,25008147853
1195,BDRX,29,0,31000,33000,1749,32001372212
6038,IYRI,19,0,485000,486100,1075,485580093023
8468,PBAU,4,0,310500,310600,400,310525000000
5703,IMAX,1391,0,332600,345900,60688,336419905088
5207,HIND,36,0,18700,19100,5396,18930559673
8441,PARK,64,0,181000,189100,559,187291413237
9504,RILYP,19,0,150000,154100,1286,150701399688
9845,SBMT,43,0,84800,88200,11917,86996534362
6754,LNN,396,0,1044600,1060200,5635,1052707932564
298,AGNCZ,26,0,253200,254100,4362,253719899128
6692,LIEN,133,0,97000,99200,7633,98089401283
2043,CELZ,7,0,22300,22500,2306,22478057241
12316,XHLD,18,0,13400,14600,2044,13946868884
9505,RILYT,16,0,208900,210000,1327,209944611906
3143,DRTSW,60,0,21200,23000,20365,21720942794
6426,KOF,327,0,1034500,1051000,7792,1042925808521
242,AFGC,11,0,184600,185700,876,185310273972
10515,SQFT,23,0,27100,31000,5471,27518186803
3097,DOGG,1,0,211800,211800,100,211800000000
4514,GAING,10,0,251000,252100,992,251245362903
8567,PDLB,220,0,174600,175700,7868,175016459074
7858,NODK,22,0,137400,139000,325,138124000000
9328,RBKB,41,0,160200,160900,835,160326826347
8968,PSCM,5,0,1023000,1025200,731,1025049521203
9294,RAAR,1,0,507300,507300,100,507300000000
3222,DVAL,8,0,148800,149600,967,149205791106
12489,YCBD,38,0,7248,7651,2200,7309277272
2908,DFAW,7,0,807900,810200,2454,809695762021
5570,IDGT,22,0,1166500,1176700,984,1174558739837
2797,DBE,28,0,329600,333700,996,331919779116
10243,SMBS,41,0,251600,252200,4174,251753497843
11176,TPZ,9,0,220800,222100,544,221323713235
903,AVDS,3,0,777000,779600,553,777248101265
923,AVLC,11,0,871900,875700,506,873632213438
5758,INDL,27,0,431000,432800,1070,431047009345
9976,SEAL-B,4,0,255500,257000,283,256171378091
10270,SMMD,57,0,847900,850900,2308,849755025996
5240,HMH,274,0,210400,217500,11834,214755095487
10179,SKYH,648,0,83000,88500,47258,85023742011
3377,EEMS,10,0,757100,759800,1000,759060000000
5079,HAUS,3,0,183000,185200,101,185159405940
4967,GSL,429,0,407300,415200,17617,409368229551
10483,SPUC,1,0,492700,492700,1,492700000000
210,AEF,21,0,90900,92800,1844,91295227765
11104,TMVE,2,0,167900,168000,200,167950000000
831,ATH-D,21,0,164000,164600,1378,164262119013
5633,IGEB,13,0,446800,447200,1597,446981903569
7126,MFI,1,0,102000,102000,2,102000000000
7981,NUKX,7,0,434500,440900,29,439410344827
4611,GEL,359,0,158700,162700,23209,160471446421
5728,IMSRW,13,0,33500,35000,1822,33994731064
1345,BILZ,1,0,1008200,1008200,177,1008200000000
11618,UTF,11,0,267700,269100,595,267965042016
5209,HIPO,349,0,258700,264700,13086,260570747363
5768,INFL,14,0,524200,527100,667,525702248875
7798,NJR,1001,0,569800,577600,32556,572583149035
2395,COIW,49,0,125900,130900,5853,127557662737
9319,RAYA,10,0,33300,35100,450,33758666666
2938,DFP,9,0,204200,206700,536,205688619402
2320,CMTL,1106,0,37100,38800,42776,37988168599
9069,PWP,2230,0,180400,185500,143946,183862971530
5241,HMN,258,0,446200,454200,7090,448912990126
5899,IRHOR,20,0,1600,1728,40712,1716564747
6894,LXP,470,0,506100,511700,15356,509491254232
6505,KUST,17,0,31100,32200,1638,31238949938
5204,HIMU,36,0,481000,482600,3010,481738039867
7481,MTUS,945,0,177100,180600,30950,178722840064
5838,IOTR,10,0,19600,21100,1101,19805449591
12161,WOR,315,0,534100,549600,6184,539422865459
9216,QQQS,13,0,408200,411000,666,410319669669
8477,PBFS,95,0,146000,147800,4097,146996338784
7596,NAMI,5,0,3800,3900,152,3834210526
7065,MDV,119,0,178000,181700,5705,180124750219
4677,GHY,43,0,118900,120500,4217,119647687929
3625,EQWL,30,0,1239500,1245200,369,1240030352303
10883,TDTF,5,0,241200,241300,1501,241200066622
610,AP,38,0,105400,111600,1506,108735790172
6750,LND,89,0,37200,37600,3744,37367868589
1400,BKF,31,0,409300,410400,4901,409742317894
3351,EDGI,10,0,303000,303800,1100,303370909090
3903,FCCO,457,0,291400,294600,17179,292822178240
6925,MAGN,1522,0,97500,101800,134819,100039102797
4445,FUL,556,0,578100,586800,14439,582723505782
4145,FLCB,40,0,212000,212300,7429,212065163548
6078,JBGS,765,0,142000,145200,35281,143558833366
3955,FDMO,17,0,933700,939600,1227,935730888345
4116,FITBO,123,0,186300,188600,6980,187064484240
8965,PSCH,9,0,443600,451000,336,445422619047
4816,GNOM,10,0,443600,451500,965,449497409326
8633,PFM,12,0,542100,543400,191,542905235602
2264,CLSE,21,0,329100,330200,6195,329539661016
12537,YRD,12,0,19700,21500,775,20854451612
8813,PNBK,154,0,10600,11400,13199,10967421774
10199,SLGB,7,0,5776,5901,770,5888051948
4606,GEF,382,0,626700,642600,7996,632968896948
10083,SHG,144,0,634800,643300,6504,641154827798
8564,PDEX,83,0,575000,604000,1448,596972790055
5317,HSDT,115,0,22700,23300,16133,23054335833
5561,IDA,815,0,1387900,1417200,14534,1396030831154
8495,PBP,5,0,227000,227100,1900,227042105263
1205,BEAGR,2,0,2210,2800,598,2308662207
11478,ULS,761,0,986600,1000000,20526,992785247978
3428,EGP,366,0,1993800,2017200,6880,2008809694767
12170,WR,2,0,254500,255000,197,254502538071
1897,CASH,946,0,795000,803200,24929,798690352601
8256,ONT,1174,0,149000,156600,48642,152250168578
8395,OZKAP,49,0,163500,165000,3384,164212322695
7001,MBOX,2,0,386600,387100,81,386779012345
9640,RPV,100,0,1104300,1110900,2902,1106904307374
7650,NCA,4,0,94800,95200,361,94999445983
9834,SBEV,60,0,2079,2266,12288,2165195312
8893,PRF,182,0,522000,524100,21247,523041709417
8178,OGS,1301,0,819700,843900,50015,827571408577
8673,PHK,42,0,45000,45500,9983,45319392968
5517,IBP,1651,0,2085800,2130700,38415,2104447497071
3067,DMBS,34,0,485800,487000,1360,486395000000
2950,DFUV,129,0,521200,524300,32197,522087008106
9104,QARP,1,0,648400,648400,100,648400000000
5439,IAI,200,0,1772000,1793700,4392,1781088934426
10777,TAFI,1,0,250800,250800,100,250800000000
504,AMG,544,0,2932100,2994300,8148,2957520262641
10115,SIEB,132,0,17500,18100,8178,17642883345
11491,UMH,1389,0,148900,150800,86160,149928946146
6606,LDRI,1,0,255700,255700,100,255700000000
6433,KOP,400,0,403500,419100,12778,407872890906
6909,LZMH,746,0,775,1560,852778,1006918287
7115,MEXX,10,0,300000,308500,577,304616117850
11839,VMO,102,0,95100,96000,7460,95575080428
1566,BOW,668,0,273300,285900,18063,283081276642
5714,IMMP,143,0,4459,5631,68055,4982492190
4320,FRBA,424,0,147600,150100,20683,148927447662
10537,SRI,277,0,66400,68100,9133,66972396802
264,AGBK,179,0,69000,72900,16945,71945641782
5559,ICUI,1109,0,1185000,1228000,27738,1198365044343
5271,HOOY,27,0,275300,279500,1853,277116082029
3696,ETJ,26,0,82800,83600,2766,83071185827
10239,SMAY,2,0,272100,272200,600,272150000000
7292,MNDR,12,0,9700,9849,3288,9777113442
8554,PCY,45,0,212100,212500,3107,212314000643
3917,FCNCP,59,0,205800,208100,5261,206709598935
8678,PHUN,178,0,20500,21400,11773,20958277414
11083,TMFM,5,0,201500,202400,589,201919524617
810,ASUR,295,0,84600,86700,12793,85544141327
3588,EPM,533,0,45300,46700,31330,46154676029
4538,GBAB,14,0,138000,139000,1854,138468662351
80,ABVC,137,0,10500,11000,9040,10787710176
8092,NZAC,2,0,453200,456600,64,456546875000
2847,DDIV,6,0,446800,447500,114,446870175438
9200,QQEW,35,0,1434900,1451000,2027,1445201184015
8563,PDEC,7,0,453300,454600,1900,453536842105
7878,NP,1553,0,275300,284000,111961,279560641652
4031,FFF,1,0,232000,232000,100,232000000000
9502,RILYL,7,0,154300,156800,277,155766425992
7147,MGF,12,0,28700,28800,3687,28795470572
5548,ICOI,12,0,121700,123800,1156,123037197231
9986,SEER,157,0,17100,17400,26643,17311571519
590,ANV,15,0,252200,254200,854,253057611241
11191,TRFK,19,0,897900,905600,1187,901500673967
918,AVIG,35,0,410700,411200,3697,410960238030
237,AFB,17,0,109500,110100,1548,109835142118
5632,IGE,162,0,613300,617100,16857,615992056712
7129,MFIG,3,0,199000,200100,29,199720689655
6528,KYNB,50,0,68200,69500,1851,69119556996
4374,FSTR,506,0,381200,393100,16635,387605554553
400,AKO.B,6,0,275500,275500,148,275500000000
10673,SUMA,1,0,98800,98800,1,98800000000
2996,DIN,754,0,297500,314800,27707,304178702133
5981,IVOL,15,0,179500,179800,1467,179560668029
6168,JMBS,139,0,447300,448500,8182,447609582009
10743,SYBT,797,0,687800,697100,19406,691389132227
9979,SEB,67,10,45988000,47552900,174,46469528160919
3727,EURL,19,0,414900,420900,1855,416992452830
2911,DFCF,149,0,419300,420000,46128,419565584894
8629,PFIX,159,0,493500,504300,12152,499015544766
9866,SCCE,3,0,239900,239900,200,239900000000
3918,FCO,3,0,25800,25800,300,25800000000
8290,OPXS,37,0,107100,110300,2660,108560977443
4389,FTCB,39,0,207300,207600,4036,207445887016
3845,F-D,19,0,221600,223100,2066,222304937076
9904,SCHZ,71,0,229200,229600,56113,229332037139
8861,PPHC,69,0,112700,116000,3577,114148308638
3507,EMF,7,0,218300,219900,548,219140510948
8119,OBK,342,0,451100,457600,8830,453024258210
9974,SEA,6,0,170800,172700,2003,171026310534
203,ADXN,4,0,69000,69000,94,69000000000
10476,SPTE,8,0,446000,450800,591,449587986463
3308,EBF,279,0,199700,202500,5946,200572990245
6122,JFIN,62,0,43800,45000,9940,44383893360
9095,PZIV,22,0,273200,274300,635,273713228346
8456,PAY,756,0,242000,250500,36413,247979378244
6204,JPIE,90,0,458600,458900,17990,458740689271
3084,DNNG,7,0,87200,91600,279,88876344086
10890,TDW,1139,0,809500,827500,41017,818542092303
4371,FSS,501,0,1091800,1129200,10265,1115065835362
6800,LPCVW,4,0,3300,3700,13,3669230769
841,ATKR,430,0,734900,748200,11453,742977822404
11114,TNMG,19,0,6298,6801,3286,6503371272
6348,KFY,476,0,634800,647400,13379,639837431796
3280,DYNCW,7,0,1218,1300,7678,1287569679
7484,MTX,478,0,760300,787000,9880,767484251012
4049,FGBI,41,0,90000,91500,1430,90412377622
8500,PBRG,2,0,410000,414000,102,413921568627
4825,GNTA,10,0,6190,6265,802,6239052369
7847,NNNN,36,0,250000,280000,1477,263480230196
8956,PSA-R,9,0,155300,156400,1006,155566898608
4983,GSY,46,0,502200,502300,4449,502287974825
5472,IBGA,9,0,237800,238600,632,238090189873
6991,MBI,623,0,58500,61000,25090,59163192506
442,ALL-J,11,0,259700,260300,1189,260099074852
10715,SVRE,15,0,47300,53700,698,49762464183
10927,TEO,445,0,117300,124400,25076,119752213271
4114,FITBI,39,0,254300,254900,2725,254717467889
3992,FELE,610,0,960200,978000,23450,967798784648
1519,BNED,771,0,88500,95000,30412,90269091148
8405,PABD,3,0,670000,670000,499,670000000000
7143,MG,296,0,165000,170500,10012,167362914502
9406,REGL,27,0,870100,876500,2127,874636530324
8072,NXRT,364,0,279700,284100,11265,281604820239
10111,SI,321,0,155000,160000,9941,157099698219
7179,MHNC,1,0,130100,130100,100,130100000000
7728,NEXN,1700,0,76200,80900,103304,77852584604
3160,DSP,828,0,103000,106200,41529,104838397264
8846,POST,780,0,1010100,1034000,22510,1016690213238
1993,CCSO,1,0,282400,282400,100,282400000000
12266,XBIT,61,0,24500,25000,5990,24821001669
8643,PFXF,76,0,184800,185700,16663,185103246714
6826,LRGF,122,0,739000,743400,6876,740559889470
9108,QBF,2,0,188800,189200,176,188972727272
4996,GTES,3321,0,243800,251300,125469,245720546110
9083,PY,12,0,533500,534500,127,534200787401
8702,PIO,15,0,435000,437600,454,436468942731
3904,FCEF,15,0,235500,236500,1950,235921846153
9105,QAT,13,0,186400,187500,68,187236764705
1158,BCLO,1,0,496400,496400,1,496400000000
11431,UCYB,26,0,579200,610000,1091,597583593033
8285,OPTT,86,0,3360,3400,15799,3389321412
10254,SMDV,10,0,705000,708700,665,707808421052
3900,FCAP,39,0,539000,561600,266,550035338345
3345,EDD,64,0,54200,55200,5873,54399438106
8548,PCSC,47,0,110500,112100,13549,111107203483
4076,FHLC,105,0,699000,707500,6219,700338141180
6734,LLYVK,1307,0,986500,1001600,46168,995099740079
9510,RINT,13,0,307700,309200,1821,308586490939
7890,NPO,713,0,3084000,3164300,10748,3112269826944
6353,KGRN,2,0,284500,286500,127,285586614173
11826,VLU,2,0,2315000,2316500,2,2315750000000
1553,BOLD,312,0,14900,15500,42585,15252030057
2017,CDRE,617,0,297300,304400,17838,300351922861
4723,GL,1116,0,1539400,1556700,25690,1550243363176
4222,FMAO,398,0,262500,265700,8592,263853247206
6723,LKFN,878,0,569400,580100,33959,572414929768
7998,NUVL,3139,0,1005400,1044100,97005,1021229574764
8896,PRFZ,47,0,496900,498500,1253,497512450119
1959,CCEC,33,0,208000,211300,1304,209305291411
5188,HGRO,30,0,310300,312900,4432,311408235559
1121,BBUS,76,0,1330200,1338800,4228,1332829943235
11394,TZOO,259,0,89300,93600,9454,91769018404
1234,BEPI,1,0,154800,154800,6,154800000000
11507,UNM,1797,0,809000,818700,71048,815435032653
5934,ISUL,46,0,194600,201500,5551,198053053503
6508,KVACW,24,0,137,188,2246,168821905
10375,SOR,1,0,453000,453000,1,453000000000
102,ACFN,13,0,169000,177600,142,173964084507
4039,FFLG,28,0,337700,341300,2265,339415364238
6104,JEDI,5,0,305000,319800,363,312170798898
5286,HPE-C,35,0,860500,871000,1403,866796935138
4002,FEMY,95,0,3566,3800,20136,3694277413
2106,CGMS,65,0,273500,273800,20447,273609536851
6962,MATH,59,0,9396,10000,6603,9632280175
4016,FET,345,0,550400,564200,7192,559298303670
11785,VIA,915,0,144000,148600,35362,146362018550
8338,OSW,1995,0,234600,238900,95442,236051662789
2883,DEEP,6,0,387200,387200,2775,387200000000
3629,ERET,9,0,284200,286000,1477,285220988490
1678,BSMZ,1,0,251700,251700,300,251700000000
11951,VTOL,347,0,417400,424700,7276,420918966465
10584,SSXU,3,0,355100,355400,140,355185714285
311,AGYS,1050,0,665800,680800,31339,673620096365
4179,FLN,3,0,255000,255500,178,255497191011
1398,BKE,702,0,482400,492200,20612,484590025228
11671,VAL+,29,0,194300,210400,1852,202201295896
6420,KNTK,1460,0,503900,515100,70315,510169524283
4319,FRAF,68,0,544200,559600,863,552334298957
1176,BCV,2,0,252000,252800,254,252314960629
383,AIVC,6,0,990900,999000,229,998840611353
10656,STXK,6,0,356500,358100,363,357633884297
9165,QINT,5,0,687700,689800,320,688412500000
5037,GWH,23,0,8917,9400,2884,9240687586
8506,PBYI,822,0,69100,71400,43010,69578742152
10328,SNPG,1,0,564500,564500,1,564500000000
55,ABFL,13,0,809700,815200,1623,812353419593
8220,OMFL,104,0,672100,675300,5921,673592720824
8992,PSK,10,0,310600,311200,256,311133984375
9883,SCHC,103,0,497200,499900,7334,498767302972
11023,TISI,2,0,160400,160500,60,160401666666
750,ARVR,10,0,538600,547900,1984,546492691532
8149,ODDS,2,0,237600,238100,72,237613888888
3497,EMCB,7,0,658800,661200,210,660567619047
2965,DGRE,9,0,380700,383400,287,383207665505
5162,HERD,6,0,471100,472000,306,471635294117
8966,PSCI,10,0,1649500,1660000,144,1652769444444
3255,DWUS,12,0,588200,589800,40,589202500000
8964,PSCF,5,0,602300,603200,43,603106976744
6825,LRGE,17,0,855900,861800,253,860360869565
3849,FAB,3,0,956300,957100,6,956566666666
4135,FKU,29,0,515000,517100,2549,515860415849
4439,FTXN,75,0,370800,375400,7193,373970054219
9454,RFEM,3,0,904500,908700,1002,907643712574
3389,EFAV,613,0,901900,905300,17888,903307524597
11109,TNET,580,0,398700,413000,24128,405051351127
836,ATHS,16,0,250400,252100,1045,250866315789
8897,PRG,683,0,330800,340300,27950,334669613595
4783,GMAY,8,0,426500,426700,9198,426633702978
10828,TBLD,12,0,218700,219200,804,218912686567
2674,CURB,1285,0,274100,280100,65235,277669379934
7171,MH,775,0,112000,114700,36406,113727446025
7956,NTSI,1,0,454900,454900,6,454900000000
9368,RDGT,32,0,13300,15000,1853,13651268213
8924,PRPO,76,0,248000,280000,5263,256439635189
4765,GLQ,4,0,84400,84900,611,84612438625
4532,GATX,685,0,1721400,1748000,12630,1727684172604
2054,CEPU,164,0,137000,140800,6209,138616443871
1064,BATRK,1161,0,498600,507200,65051,502944220688
12303,XEY,3,0,243300,243800,44,243400000000
2030,CEE,2,0,207100,211500,100,211456000000
4495,FXY,96,0,578600,579300,9235,578895614510
8925,PRQR,907,0,15800,16500,84821,16151184258
5414,HYMB,279,0,247500,248500,60544,248026749141
9446,RFAIR,5,0,900,1000,500,940000000
10208,SLND,82,0,11900,13000,6750,12255585185
6728,LKSPR,36,0,6916,9000,3436,7814522700
7516,MVBF,216,0,250100,252900,8005,250988382261
905,AVEE,4,0,696500,697600,485,696874020618
11178,TQQY,38,0,135900,137200,1207,136474730737
7651,NCDL,162,0,130000,132900,6859,131860533605
11360,TWO-C,7,0,247400,247900,367,247701362397
7252,MLPA,100,0,552000,556300,4691,553974738861
8569,PDN,21,0,460900,462800,3808,461917331932
7201,MINY,2,0,435900,437500,101,435915841584
69,ABOT,1,0,375600,375600,1,375600000000
10342,SOAR,29,0,1178,1440,15243,1357363839
5600,IEO,43,0,1186500,1202300,2277,1198022529644
5124,HCSG,1167,0,212400,217000,51494,214076801180
1160,BCO,804,0,1033100,1057500,28063,1041071774222
3111,DOYU,51,0,45400,46000,2347,45640349382
8835,POLE,3,0,107000,107000,1200,107000000000
9676,RSPS,59,0,295100,298100,8012,295834573140
9632,RPG,531,0,566600,573800,71129,570621563637
2258,CLPR,121,0,29000,30000,3711,29345513338
12531,YORW,1143,0,289900,293000,35226,291050428660
4109,FISI,891,0,336100,339800,19985,337962276707
6211,JPM-K,16,0,186000,186300,1218,186108456486
7037,MCRI,570,0,1168800,1182600,12697,1177317878238
399,AKO.A,1,0,226000,226000,8,226000000000
10672,SUJA,728,0,130000,147900,87997,139469650101
1387,BJRI,789,0,410400,424200,28983,419329976192
11660,VABK,51,0,409100,425400,387,414610852713
9912,SCL,340,0,489800,498200,6929,492640150093
10110,SHYM,39,0,220500,220900,7943,220622044567
10360,SOJF,2,0,253700,253700,100,253700000000
87,ACA,509,0,1235300,1265400,8858,1245768593361
10696,SVAC,12,0,105000,105300,1806,105108970099
423,ALG,321,0,1470800,1492000,6304,1479949619289
7135,MFSG,46,0,298500,301400,4409,300038353368
6333,KEX,960,0,1450500,1484400,25430,1460960696028
9191,QNRX,18,0,55000,59400,1864,57248712446
5093,HBCP,296,0,620400,628500,7745,624847953518
12191,WSFS,2903,0,694700,700200,72806,697989651951
8249,ONIT,183,0,353000,362000,4578,357052752293
5637,IGI,1,0,161700,161700,86,161700000000
6325,KEEX,8,0,702600,735600,313,725168051118
4690,GIGGW,24,0,3400,3850,9980,3690831663
6471,KRP,897,0,152700,154500,36502,153677239603
5477,IBGM,3,0,242100,242300,612,242296078431
11150,TOWN,4260,0,334000,339700,126125,336142894747
8480,PBI,2012,0,155900,158900,154354,157448812470
10241,SMBC,330,0,660500,673600,6735,666455902004
2220,CLB,694,0,130000,134700,22958,131669195922
6181,JMUB,207,0,498400,499700,30606,499200891981
3540,ENFR,31,0,393500,399000,2523,394561672611
871,AUGM,1,0,347800,347800,200,347800000000
11144,TOTL,69,0,391600,392300,5326,391849643259
10234,SLYV,30,0,1002600,1005800,1009,1004681665014
5041,GWW,2252,101,12607300,12809500,19440,12689779681069
5579,IDRV,3,0,433000,434600,122,434504918032
9629,RPAY,522,0,33400,34800,77795,34367823124
9725,RWEM,42,0,342600,347300,722,345727839335
1168,BCSS,4,0,101600,101700,1725,101642028985
11441,UEIC,185,0,39500,40300,13772,39723221028
8555,PCYO,483,0,104300,108500,9818,106535485842
7727,NEXM,26,0,28300,29000,15150,28641676567
6736,LMAT,802,0,969200,1000000,22971,977033093901
2325,CNBS,2,0,265000,275500,2,270250000000
12598,ZIP,646,0,34900,36400,40121,35538548391
10676,SUN,823,0,700100,716500,54606,709534864300
403,AKTS,679,0,189200,196500,29625,192365404219
4347,FSBW,197,0,396000,400400,3918,397988973966
5797,INSE,668,0,71500,73600,17894,72838649826
1838,CAC,609,0,469900,476000,21066,472337392006
5248,HNI,1016,0,299200,313400,35243,303656116108
5463,IBDU,41,0,231000,231100,12323,231034934674
4460,FUTY,210,0,566700,575300,34244,569092217614
8989,PSIG,632,0,71800,73700,191203,72074271847
3383,EEV,6,0,125500,126800,801,126748439450
4041,FFLV,1,0,265200,265200,200,265200000000
2909,DFAX,210,0,365300,367500,22861,366634394820
8414,PAG,921,0,1621300,1678300,19406,1647131680923
12176,WRB-H,2,0,158300,158500,200,158400000000
1903,CATG,1,0,136800,136800,200,136800000000
3516,EML,48,0,198100,203200,3004,199954227696
2716,CWBC,1330,0,231300,235500,40276,232612742079
4907,GREEL,4,0,200000,200000,500,200000000000
7969,NUBD,3,0,219400,219600,300,219500000000
9871,SCD,7,0,153000,153400,613,153118433931
302,AGOX,11,0,338400,343500,14,341364285714
9797,SAM,660,0,1737100,1776300,17167,1758367291897
9373,RDN,2587,0,368500,373100,99980,369760972194
10757,SYZ,3,0,286200,288400,300,287100000000
484,AMAL,1227,0,394300,403200,35490,396706117216
9219,QQQX,34,0,303300,305300,1741,303969213095
2932,DFLV,242,0,380200,382200,55699,380873741000
9067,PWB,10,0,1529900,1541400,547,1535657221206
9008,PSQA,1,0,206400,206400,100,206400000000
10058,SGLY,3,0,4255,4400,184,4333885869
7807,NL,238,0,65500,85900,11613,77350409024
8909,PRK,301,0,1632400,1658200,2991,1640670779003
10870,TDF,6,0,112800,113300,1210,113258677685
597,AOK,71,0,408700,409700,18780,408947082002
12445,XT,28,0,790000,796000,1499,794461040693
2172,CHSCP,8,0,278600,279200,607,279028336079
3707,ETTY,1,0,114000,114000,400,114000000000
7345,MPL,16,0,208100,213900,836,211079784688
5926,ISPR,91,0,16400,17300,3879,16720623872
6117,JETD,37,0,41500,43700,1300,42254000000
6474,KRSP+,7,0,8500,8500,700,8500000000
5465,IBDW,21,0,207300,207500,5844,207373579739
385,AIVL,2,0,1220800,1229500,201,1220843283582
10658,STXS,330,0,18600,19400,24265,18738912013
9889,SCHI,41,0,224600,224900,15346,224711103870
4370,FSP,111,0,5100,5250,12043,5150543054
10055,SGHT,972,0,48100,52200,48453,49802614905
9306,RAL,2756,0,582000,600100,159222,593889103892
8930,PRT,8,0,27000,27400,1989,27365811965
3524,EMO,29,0,521300,524200,778,522598971722
4680,GIAX,5,0,169800,170000,404,169930693069
9717,RVSN,10,0,62400,65000,1165,62697253218
7316,MOBBW,8,0,19900,20300,2201,20090822353
2653,CTOS,1242,0,96800,99300,71826,98436674741
1939,CBTJ,2,0,202200,202700,157,202381528662
3099,DOJE,7,0,104400,105100,684,104796198830
2461,CPF,433,0,333600,340200,8411,336013565568
4792,GMM,557,0,13000,14800,103481,13606985823
10043,SFST,342,0,546500,556400,10786,550023326534
2558,CRMLW,45,0,46500,50000,6522,48521128488
9039,PTN,36,0,141500,153000,901,147572918978
1407,BKHY,2,0,472900,472900,100,472900000000
11680,VAVX,5,0,197400,200100,90,199487777777
4491,FXO,41,0,583000,585400,2982,583624714956
11754,VFMO,11,0,2262200,2275800,427,2271495784543
1481,BMEZ,41,0,138700,140900,5892,139795112016
6930,MAIA,70,0,12600,13000,14963,12694914121
4960,GSIE,174,0,447700,449600,16574,448765500181
5383,HWCPZ,4,0,221000,222700,149,222184563758
9762,RZC,4,0,254000,254500,264,254272727272
8244,ONEW,350,0,105500,109000,16132,106556316637
1277,BGB,1,0,114200,114200,100,114200000000
11550,USA,51,0,57100,57400,15716,57273943751
6406,KN,1456,0,345100,352400,53381,349849869803
7569,MYPS,466,0,4408,4954,98173,4681153392
4152,FLD,251,0,13800,15300,9450,14281365079
9730,RWLC,34,0,363300,366300,1513,365424785194
5990,IVT,651,0,309800,314700,27395,313547260448
1298,BGX,5,0,109000,109200,1315,109109505703
11571,USDU,20,0,261600,261900,3079,261769568041
9960,SDOG,7,0,658500,663400,498,661059437751
1863,CAML,4,0,392600,393600,401,393472817955
12136,WLIIW,2,0,7500,7500,10263,7500000000
12121,WIW,17,0,85000,85100,1483,85013486176
2434,CORP,33,0,959800,960900,901,960308657047
8963,PSCE,17,0,617800,622000,655,621084427480
3086,DNOW,2035,0,130800,132900,194766,131587067044
9204,QQMG,66,0,488800,495200,1425,492612561403
5776,INGN,1214,0,63000,66300,65455,64181656099
3561,ENTX,30,0,12400,13200,2406,12935660847
9221,QQUP,3,0,674700,686500,15,680313333333
7663,NCPL,13,0,3750,3825,2647,3775896108
11803,VIRC,188,0,59600,61100,4321,60277597778
1530,BNR,91,0,169700,180000,1752,172473744292
11613,USVM,48,0,1008300,1013200,2146,1009613699906
9941,SD,947,0,151100,153600,31448,152432711142
8112,OBAI,54,0,5182,5600,31872,5305238893
8845,POR,1556,0,470900,481100,52126,473423949660
4878,GPOR,519,0,1819200,1843000,7324,1828045726379
7170,MGYR,4,0,174700,176900,290,176754482758
5233,HLP,114,0,9700,10300,160782,9999843402
6021,IXC,348,0,555100,561100,14566,558363133324
6179,JMST,145,0,508500,508800,7563,508664114769
10882,TDSC,1,0,274500,274500,100,274500000000
609,AOUT,89,0,86500,89500,2593,87872078673
10358,SOJD,26,0,197300,198500,2658,198126034612
9006,PSP,14,0,596000,597800,1097,597206927985
8318,ORN,889,0,148800,158400,26978,151213840907
8431,PAM,223,0,787700,809400,12300,796055626016
7814,NLY-I,12,0,256100,256900,1322,256371180030
9316,RAVE,280,0,25300,26900,26322,26237288199
5480,IBHH,38,0,234500,234700,4038,234595344229
2681,CUT,8,0,266000,268600,1310,267065648854
3871,FBCG,69,0,607600,615600,13296,612382114921
2887,DEHP,1,0,401500,401500,1,401500000000
3007,DIV,179,0,190500,191700,17466,190862824916
2657,CTRN,373,0,412800,430600,11347,421153124173
8741,PLMR,1061,0,1096200,1122000,22024,1108423488013
4722,GKOS,1582,0,1412500,1441400,72381,1423514542490
910,AVGE,59,0,962900,967300,7471,965169026904
11183,TRAK,337,0,94800,100000,13838,98236168521
1238,BESO,1,0,251100,251100,1,251100000000
11511,UNTY,239,0,524200,530500,5369,527663810765
5282,HP,1894,0,386900,395100,79110,390852449753
10047,SFY,9,0,1466200,1471500,658,1468637689969
9972,SDY,218,0,1460900,1472700,10072,1466066938046
2007,CDIOW,6,0,140,156,4300,141023255
12280,XCEM,5,0,483200,486000,405,484834074074
2201,CIM-C,15,0,232500,233000,1900,232757894736
519,AMOM,5,0,574900,578200,92,575900000000
10792,TAOX,171,0,50500,53800,90849,51563432729
2888,DEI,1720,0,112300,117200,167485,116237683374
9555,RMBI,231,0,139800,143400,11325,141632353200
2619,CSW,457,0,2558000,2632000,4707,2584271255576
3755,EVMT,34,0,189800,190700,851,190138660399
4908,GREK,24,0,701400,705900,2760,702226086956
576,ANIK,1116,0,148100,151200,19234,149056374129
10849,TCHI,12,0,244000,246000,609,245016256157
6852,LTH,3714,0,335100,345400,199394,337986217238
2905,DFAS,277,0,755600,761000,10093,756938610918
4494,FXU,400,0,471800,478700,36901,474087973225
8407,PAC,461,0,2352100,2424500,5989,2379582350976
4030,FFEM,6,0,412500,414300,571,412870753064
7238,MLACR,60,0,2210,2559,21116,2373651733
1014,BAC-M,26,0,217800,218500,2909,218078102440
11287,TSPA,20,0,468100,469800,2184,469066071428
6627,LEMB,68,0,414800,416200,3543,415767965001
5090,HBANP,61,0,168000,168800,12495,168110516206
7251,MLP,25,0,149000,151800,1197,149588805346
8689,PIE,21,0,304200,307000,1972,305576115618
5843,IPAR,586,0,858400,876500,17590,863547572484
1336,BIII,1,0,98900,98900,100,98900000000
11609,USSG,39,0,686600,691200,402,687899253731
6273,KAI,488,0,3156500,3232500,7180,3194593161559
3991,FELC,203,0,413100,416100,20159,414368485539
7889,NPKI,747,0,151900,155400,39484,152782886738
10814,TBB,72,0,212300,213600,4777,212976282185
9053,PULM,47,0,12500,12800,5639,12515818407
7588,NAC,162,0,117400,118400,14698,118029561845
4498,FYEE,32,0,292200,293200,5243,292485485409
5088,HBANL,37,0,251900,253000,2612,252386140888
8654,PGNY,3072,0,227600,232900,183208,231228780948
6618,LEGH,411,0,218200,224800,15956,220760666833
2012,CDNL,1441,0,514200,549300,102615,532099072260
5708,IMCR,636,0,279000,287700,25334,281453994631
6959,MASS,1745,0,68700,71000,75406,69422405378
208,AEC,91,0,45000,48300,21531,46812818726
5691,ILLR,24,0,1900,1999,9676,1955692434
8722,PKOH,252,0,299400,308700,5156,305763246702
4231,FMDE,270,0,383700,385200,20824,384487259892
8465,PB,1736,0,658900,668000,54050,663610412580
5089,HBANM,7,0,222000,222400,2468,222038047001
2901,DFAC,464,0,429600,431900,203068,430700836173
179,ADFI,2,0,84000,84200,200,84100000000
10452,SPMB,84,0,220500,221000,11970,220663558897
1810,BY,446,0,318700,323200,15916,320122191505
12083,WFC-A,53,0,186000,186600,4460,186322713004
2578,CRVO,192,0,33800,37400,22735,35403246096
12364,XMAG,2,0,242400,243000,152,242794736842
2091,CGCV,27,0,317400,318700,2333,318053064723
3023,DJIA,5,0,217300,218000,300,217666666666
9643,RRBI,218,0,877800,890500,4371,886474193548
10262,SMID,70,0,302900,320000,1029,312586686103
4396,FTEK,143,0,14300,14800,5578,14544388669
6700,LIMN,28,0,1770,1875,8107,1813827433
6028,IYC,136,0,1002800,1008300,9345,1004088753344
6790,LPA,18,0,33600,35500,835,34405628742
6667,LGHL,11,0,8000,8600,10688,8033735778
8691,PIEQ,8,0,347700,349100,544,348379411764
4117,FITBP,5,0,235400,236700,253,235784980237
2380,COF-K,4,0,174300,175100,301,174501993355
12222,WTMY,11,0,251700,252200,1005,251981094527
3883,FBNC,1368,0,566600,581000,40114,572362389689
3960,FDP,728,0,324600,350200,30333,332347901625
8258,OOMA,450,0,184600,191100,14205,189194868004
8822,PNQI,159,0,476400,483100,7221,480534468910
7410,MSFO,14,0,121000,123100,1265,122500948616
7785,NIOG,9,0,195000,199500,1219,197481870385
12369,XMLV,2,0,641700,641700,200,641700000000
2096,CGGE,93,0,333800,335600,11450,334541641921
9465,RGA,387,0,2088500,2109100,7807,2099283963110
4174,FLL,834,0,26400,29300,56780,27928682634
6565,LAZ,1188,0,450200,456900,49111,453533676773
2594,CSCS,14,0,133600,137200,1528,136398232984
8914,PRMB,2435,0,229700,232900,152870,231615855301
6467,KRNY,1027,0,78200,79700,52109,78793314014
4272,FNRN,149,0,176700,178500,10376,177392569390
5194,HIBS,52,0,270200,277400,7566,275529473962
4249,FMX,1277,0,1208000,1230800,47343,1216481342542
8917,PRN,129,0,2380000,2428100,10178,2403692395362
3432,EHC,1182,0,1063100,1073700,28421,1068745786566
9230,QRMI,30,0,154300,156200,8949,155950016761
6469,KROP,9,0,358000,360400,310,359926774193
9831,SBCF,4586,0,296700,301500,166197,298199879059
11604,USPH,466,0,622200,651300,14285,632848057402
2903,DFAI,401,0,407700,409600,35463,408373524518
7665,NCRA,21,0,1950,2060,1982,2035393541
4034,FFIC,1023,0,151900,155300,41832,153691119238
6773,LOHA,21,0,246300,248000,2064,246793168604
1891,CARS,1293,0,98600,103600,78566,100190430975
3331,ECNS,8,0,326700,328300,1246,327558105939
1767,BUUU,37,0,208200,215000,508,212287992125
4404,FTHI,234,0,238100,238900,40094,238441911507
324,AHT,1,0,29500,29500,1,29500000000
10597,STEL,1704,0,361700,365200,48950,363560808988
4786,GMED,1677,0,759000,769800,74838,764003642534
7231,MKTX,1945,0,1384400,1426100,68843,1399365572389
1091,BBCQW,7,0,16000,16900,3200,16251562500
11364,TX,120,0,424300,428500,6055,426808422791
9821,SAWS,1,0,232000,232000,1,232000000000
7644,NBSM,4,0,260200,261200,2083,260201392222
9646,RRGB,723,0,36800,39300,44959,37756849574
9256,QTTB,378,0,61100,64300,21612,62688265778
6234,JSMD,26,0,918900,926300,8431,920629000118
8512,PCB,184,0,233000,236200,8469,235133120793
1981,CCNE,1259,0,293200,298300,40162,294170671281
12254,XAIX,9,0,522200,527700,421,523346555819
367,AIRE,78,0,20400,22200,12718,21223211196
10640,STRV,5,0,476700,477200,308,476712987012
9208,QQQD,9,0,121100,122600,4868,122329991783
7719,NEWT,1049,0,126800,129800,27063,127434482503
3831,EZBC,153,0,454500,460200,13956,456880646316
3311,EBIZ,2,0,270000,271400,4,271050000000
4048,FG,1551,0,280300,291700,84758,285776596899
8035,NVR,95,39,55110000,56389500,400,55522173750000
7047,MDAI,1160,0,20700,24400,94308,22959054375
282,AGM,419,0,1717300,1749500,2982,1732242756539
2769,DAKT,1384,0,189900,194100,78068,190497782702
10187,SLAB,1795,0,2162100,2171400,71971,2165756882633
11650,UYG,6,0,778600,785800,190,779086315789
1377,BIVI,42,0,13000,13700,5645,13349477413
5185,HGBL,39,0,11900,12500,2979,12092782813
9279,QVOY,1,0,297300,297300,100,297300000000
5429,HZO,631,0,328600,338800,25767,332165048317
10002,SEMG,8,0,267500,268900,1031,268669932104
4233,FMET,2,0,372400,374800,65,372473846153
10906,TECY,7,0,246600,311600,197,254215228426
633,APLY,91,0,125500,127100,11474,126399355063
3885,FBOT,23,0,387700,390100,1027,388280915287
4959,GSID,6,0,735300,737200,142,736690140845
7406,MSDL,1056,0,152000,154000,47059,153081820693
1174,BCTXZ,8,0,680,800,1529,755412688
11447,UFIV,6,0,482100,482600,216,482572222222
12413,XRMI,3,0,172900,173400,205,173202439024
2140,CHEF,1091,0,800900,817500,38693,807176610756
8767,PLUS,708,0,830500,856500,19018,836783073929
3667,ESP,97,0,655000,694000,1241,664487107171
5060,HACK,19,0,867100,890800,425,880276235294
4038,FFLC,7,0,578300,579000,453,578653200883
4441,FTXR,26,0,412500,414900,1177,413405097706
5777,INGR,1175,0,1014900,1035200,49395,1029968138475
5945,ITDF,13,0,403400,405000,1410,404880780141
829,ATH-A,18,0,245000,246200,719,245598191933
11102,TMUSZ,24,0,223000,224500,1227,223339445802
5158,HEPS,909,0,24900,26200,128849,25440943274
1652,BSCV,40,0,163600,163800,8732,163686795693
11925,VSMV,21,0,595400,598100,1030,597118058252
8719,PKBK,542,0,298400,302200,13389,300027836283
7075,MED,271,0,122800,133000,10810,126567160037
11997,WAFU,15,0,16700,17000,1817,16891249312
1724,BTSGU,34,0,1910100,1923300,277,1915976534296
9501,RILYG,4,0,241300,243800,151,241465562913
86,ABXL,7,0,255600,256400,507,256001577909
10359,SOJE,52,0,169600,171000,3044,170412844940
12618,ZOCT,1,0,274300,274300,100,274300000000
2345,CNOBP,10,0,246900,247700,218,247137614678
5091,HBANZ,30,0,206000,207500,2032,206053789370
11410,UBEW,1,0,300900,300900,1,300900000000
1137,BCBP,864,0,95200,98200,21661,95752753797
9018,PSUS,58,0,413000,418500,7844,415350203977
7281,MMSI,1701,0,612900,630500,72803,619368052140
3375,EEMA,107,0,1113700,1125000,5561,1119784229455
7852,NOA,67,0,152800,155100,2879,153953803403
11637,UVSP,1712,0,375200,380400,35591,376860838414
1364,BIT,37,0,123800,124500,2360,124249067796
6741,LMNR,360,0,129100,132000,9453,130168549666
129,ACON,47,0,31500,32000,8561,31707732741
10402,SPBO,68,0,287500,287900,14175,287605022927
8811,PMVP,344,0,12800,13100,74386,12941249697
4902,GRC,348,0,729600,746100,6612,733635541439
2332,CNET,12,0,6901,7745,301,7172242524
12605,ZKH,16,0,29100,29800,1038,29420809248
6906,LZB,649,0,340900,348200,16244,344955719034
8350,OTTR,1271,0,873500,890000,32151,878275338247
5905,IRON,1936,0,664700,700000,61227,672505306482
7907,NRK,196,0,104000,104500,20562,104211355899
4652,GGG,2004,0,755900,767300,126213,760075184806
3197,DUHP,311,0,398300,400800,35384,399425248699
7032,MCN,11,0,58000,58200,3401,58144075271
4323,FREL,345,0,284800,287100,45351,285452285506
2301,CMMB,4,0,16600,17000,315,16726984126
8542,PCQ,96,0,86900,87100,4504,86917761989
12632,ZTEN,21,0,500800,501700,1982,501163118062
2359,CNX,2771,0,360500,364900,135480,362574584440
6738,LMBS,478,0,496900,497900,34178,497256960617
9320,RAYJ,11,0,391600,395200,2528,394175632911
4647,GFLW,25,0,302200,305800,2066,303634849951
8024,NVGS,562,0,233900,238400,18667,236483237799
11599,USNG,2,0,369600,370800,105,369657142857
1326,BHYP,76,0,242700,251900,13554,246376914563
3668,ESPO,10,0,893700,898500,1192,895836409395
7835,NMRK,3808,0,141700,145700,269917,143735891774
10024,SEVN,578,0,81800,82600,14399,82020994513
2846,DDI,297,0,117700,120400,32650,119914860643
9288,RA,16,0,126200,127000,3520,126735340909
9390,REA,56,0,215100,231400,4461,219519143689
2691,CVI,1757,0,335100,344900,90761,340294334571
10056,SGI,3261,0,623700,636300,109680,628705578956
8769,PLX,452,0,19500,20400,42004,19875395200
8723,PKW,12,0,1343200,1347300,734,1346520844686
878,AUID,109,0,11600,12300,7127,11903409569
6470,KROS,2158,0,103000,107600,123829,105036954186
2916,DFEM,208,0,390500,394000,50560,393298660996
5976,IVEP,8,0,280000,280600,472,280329661016
7942,NTHI,53,0,53300,56000,4300,54808883720
10142,SITC,567,0,53300,53900,33518,53712849812
4118,FITE,7,0,1003600,1009600,200,1007912500000
2724,CWK,3076,0,120700,125400,211049,123816618415
12133,WLFC,1038,0,1759200,1860100,39704,1800304314426
1860,CALX,984,0,397800,403200,55786,400043075323
5739,INAB,135,0,14100,15500,7735,14636845507
5018,GUNR,35,0,543200,545600,4441,544084823238
2763,DAC,243,0,1289000,1329500,5273,1306294310639
7883,NPCE,680,0,150100,156200,26191,152653934557
6034,IYK,87,0,722000,728700,4726,723207617435
9824,SB,699,0,69400,71800,46118,70283104210
9758,RYOJ,5,0,20200,21000,1237,20861843168
2675,CURE,28,0,865000,905500,3043,897484949063
9874,SCDV,3,0,264600,265000,117,264654700854
9798,SAMG,81,0,119700,120500,6872,120013533178
9923,SCNX,49,0,3900,4271,23868,3994877492
4061,FGMCR,3,0,7152,7200,2639,7156347101
9332,RBLY,1,0,130700,130700,100,130700000000
2677,CURR,208,0,35800,41100,41837,38912919186
9530,RJET,431,0,202200,216900,17114,206917243192
6783,LOT,56,0,13500,14000,1901,13723987375
3488,ELWT,65,0,75600,89100,3082,86494581440
5396,HYDB,23,0,465400,465900,2479,465682170229
8571,PDP,44,0,1396600,1404800,2662,1400657362885
2569,CRSH,7,0,210000,212500,176,211371590909
731,AROC,1928,0,368200,377400,97914,373403191576
11004,TII,156,0,24900,26000,16245,25084130501
8881,PRAA,2101,0,144100,156000,132856,151403232823
2755,CZNC,420,0,202100,207600,10828,203498503878
9487,RHP,1236,0,1038600,1049100,75355,1044280091566
5679,IJS,116,0,1255200,1261700,3782,1259307747223
9668,RSPD,7,0,517600,528000,317,519485488958
318,AHL-F,3,0,249500,249500,108,249500000000
10591,STBA,2693,0,430700,435500,52571,433353637937
9757,RYN,3541,0,197100,201000,210092,198401285627
9704,RUNN,61,0,320800,323100,12866,320897326286
6636,LEVI,3514,0,209600,213600,218826,211180565380
10820,TBFG,4,0,321300,321700,1000,321570000000
547,AMWD,1387,0,349500,357600,64853,354130516707
5014,GTY,488,0,323900,327800,14280,326355357142
7257,MLPX,185,0,756300,762300,13889,759770235438
3893,FBY,39,0,100400,101900,2563,101099297698
6632,LEO,21,0,62700,63100,3073,62774845427
3106,DORM,1023,0,1160600,1200800,27990,1176302847445
4088,FID,3,0,218900,219700,407,219657248157
1284,BGIN,6,0,36500,37800,131,36725954198
11557,USAX,9,0,295500,306800,262,303156106870
5002,GTN,1064,0,40700,42200,112527,41335435051
8929,PRSU,667,0,416900,423200,24304,419569544107
5951,ITGR,628,0,880900,897600,15498,887095999483
757,ASA,66,0,645500,663000,1232,651147159090
11030,TK,668,0,129900,133200,36409,131638452031
8732,PLCE,118,0,32200,32900,10353,32358466145
3944,FDG,44,0,1372100,1382400,4469,1377419780711
5609,IEZ,370,0,313000,315500,24847,314425689218
3087,DNP,65,0,106700,107400,8123,106915376092
8085,NYF,33,0,530200,531600,3862,531044691869
1668,BSM,130,0,138100,140200,5239,139060374117
11941,VTES,34,0,1006500,1007800,2811,1007104838135
6787,LOVE,1087,0,148600,154900,50268,152699765258
3738,EVEX,689,0,29600,30800,69758,29989959574
4692,GIGM,1,0,14200,14200,100,14200000000
9785,SAFT,428,0,710000,719200,10167,712211871741
3031,DKI,17,0,53100,57700,1021,55197159647
4802,GMTL,281,0,156500,165800,20226,160540403441
3430,EGY,1010,0,59400,61000,85234,60007184926
8167,OFRM,290,0,157600,164800,12830,159640568978
10556,SSACU,1,0,101500,101500,49,101500000000
283,AGM-D,5,0,205000,206000,387,205369767441
5713,IMKTA,745,0,855600,870000,25139,860991741914
9312,RANI,986,0,10700,11100,208574,10902896813
4131,FJET,588,0,50100,56100,54700,53335387568
2907,DFAU,291,0,506400,509700,45102,507834304465
8599,PERF,31,0,16600,16900,3459,16695287655
2715,CWB,436,0,1043700,1050800,34234,1047391663258
9440,REZI,2676,0,282400,301800,117425,289454749840
8455,PAXS,55,0,138800,140500,10002,139813847230
8539,PCN,50,0,116800,117800,9312,117507366838
7590,NAD,257,0,116300,116800,14321,116475260107
10257,SMG,1108,0,563600,583000,45775,568560768978
7271,MMIT,73,0,241100,241800,6338,241354985799
1736,BUFC,5,0,421700,421800,697,421762553802
12009,WAT,1999,0,3282900,3338500,45971,3315721787648
12243,WXET,4,0,207600,208500,277,207886281588
1970,CCII,10,0,102200,102300,3238,102295738109
8154,ODTX,227,0,172400,177000,18146,175263154414
2673,CUPR,19,0,2516,2840,2119,2759491741
8745,PLPC,879,0,3378300,3495900,11051,3448231770880
4628,GENZ,5,0,349900,354000,282,353374468085
4542,GBFH,321,0,262300,267400,9944,264459975864
10033,SFD,3773,0,249900,254900,194985,251378955817
4528,GARP,38,0,766500,774100,839,770355065554
10990,THRM,861,0,301000,308400,27235,304703539563
717,ARKW,45,0,1422500,1447900,2614,1438394912012
8073,NXST,1085,0,1935300,1983000,29640,1952056740890
5225,HLI,857,0,1496100,1518400,30458,1503742264758
2163,CHRD,2715,0,1440000,1487400,109797,1473361831379
3021,DJCO,176,0,4480000,4690000,2289,4610819921363
8176,OGIG,6,0,445000,449700,270,445476296296
1118,BBSI,1382,0,293500,301000,70600,298348616147
11391,TYRA,3847,0,354200,372700,195969,366310465430
9009,PSQH,20,0,5861,6014,3165,5911817377
7358,MQY,165,0,111800,112400,16735,112016898715
3797,EWU,1264,0,454200,457400,54078,455794740929
8954,PSA-P,12,0,156600,157600,873,156788087056
4255,FNDA,436,0,348400,350700,61104,349365175765
3788,EWL,1338,0,610600,614800,38931,612007872903
6388,KLRS,43,0,49200,52500,2519,50224970226
10042,SFNC,3765,0,203600,206500,207497,204942676279
2993,DIHP,145,0,334800,336500,11488,335561490250
401,AKR,1474,0,208700,210700,73540,209606354364
8815,PNFP,2240,0,928700,948300,66543,938480586988
1629,BRRWW,19,0,2401,3001,3296,2757948725
11902,VRRM,3246,0,130500,133900,206072,132062924608
7361,MRBK,870,0,168600,174000,19488,170436401888
2830,DCX,7,0,21400,22600,289,21628373702
7295,MNOV,62,0,13700,14100,6452,13837228766
12552,YYY,99,0,114200,115000,6927,114740291612
2448,COWZ,2110,0,628400,631600,75120,630094154685
2904,DFAR,966,0,253100,255000,571073,253885176501
6680,LH,1389,0,2501800,2539300,36822,2518171677258
5631,IGD,68,0,60100,60800,5614,60344763092
5466,IBDX,30,0,250200,250500,7131,250309451689
9935,SCVL,1776,0,156500,159400,99392,157453781994
7687,NEAR,20,0,506100,506300,1774,506151183765
2442,COSW,3,0,476300,477000,196,476767346938
11846,VNLA,17,0,489600,489600,1007,489600000000
7004,MBSD,4,0,204900,205200,201,205050248756
2468,CPLB,13,0,208100,208300,1400,208142857142
1882,CAQUU,3,0,99800,100300,36,99813888888
12155,WNW,40,0,29200,33000,7794,30652591737
4136,FKWL,55,0,30000,34000,5849,31637100359
7466,MTEX,29,0,40100,46700,1233,43901784266
9223,QQXL,11,0,572900,583300,91,575406593406
3397,EFG,2016,0,1180600,1188800,38813,1184356689768
10263,SMIG,144,0,311200,313100,20498,312275329300
7608,NATL,1793,0,443200,447600,73064,444876109985
4963,GSIW,41,0,280000,320000,1096,298641788321
6666,LGH,1,0,633200,633200,74,633200000000
6842,LSH,7,0,5500,5900,160,5762500000
3112,DPG,13,0,142800,144000,1389,143663066954
6376,KKR-D,33,0,415900,424000,1447,420672702142
4672,GHG,14,0,11600,11700,806,11612406947
9616,ROL,4101,0,530000,539400,171051,535058832745
5948,ITDI,22,0,410500,410600,4389,410585372522
7984,NULG,32,0,1093100,1099600,3238,1096537430512
2795,DBCAW,2,0,3699,3699,100,3699000000
2871,DEA,778,0,226500,230400,29534,229102634252
5608,IEX,1272,0,2076500,2100000,32694,2085392292163
12183,WS,488,0,385400,396300,15933,389749067972
1910,CBAN,901,0,191600,193800,23695,192352867693
8059,NX,1338,0,166000,181700,49924,170215599711
7633,NBIX,5588,0,1555300,1587600,132106,1577152086203
8630,PFL,43,0,77400,78100,4418,77822453598
4202,FLUD,18,0,249700,249900,5600,249801785714
4693,GII,8,0,748800,753600,518,750488610038
9283,QXO-B,76,0,469000,480400,36669,475032108865
10561,SSD,572,0,1783000,1824100,11846,1794828541279
11254,TSEL,4,0,284800,286100,400,285350000000
981,AXS,894,0,985800,996200,28660,991053810188
7015,MCB,371,0,857000,884800,5890,867190152801
4787,GMEU,3,0,83200,86100,622,83407395498
6629,LEN.B,109,0,802300,815900,2954,808357786052
8866,PPLC,6,0,474300,480200,194,475510824742
8903,PRI,455,0,2694500,2746800,3542,2728834443817
2147,CHMG,195,0,650500,665100,8301,655725719792
2002,CDC,13,0,714700,718600,152,715521052631
12275,XC,8,0,312800,313800,2255,313285410199
3196,DUG,10,0,175900,180000,1270,176462440944
4884,GPTY,4,0,446500,450200,347,448015850144
6525,KYLD,8,0,214200,215900,2970,214262794612
4258,FNDE,791,0,400700,403600,27603,402025544324
6225,JQUA,1042,0,679900,683800,51457,681368896360
7324,MOG.B,2,0,3074000,3125000,5,3104600000000
1344,BILT,2,0,287500,287500,10,287500000000
11617,UTES,120,0,772400,784000,3671,777954017978
7733,NFE,987,0,6581,7165,321684,6860805908
255,AFRI,35,0,99600,100100,1513,99982947785
10528,SRCE,672,0,707000,717000,14208,711160015484
95,ACCS,4,0,68300,70700,149,69118120805
10368,SOMN,6,0,503700,507100,202,504240099009
6577,LBTYK,2209,0,111800,114000,217426,112961167477
2456,CPAI,13,0,463100,466100,1651,464992065414
5961,ITRI,2184,0,791900,813800,89370,797093919659
6457,KRC,1817,0,335000,345200,62489,342061487621
7158,MGPI,1068,0,179000,184000,49710,182411130557
12371,XMPT,7,0,216000,216300,1195,216267782426
2098,CGGO,406,0,387200,390400,55630,388135112349
4346,FSBC,689,0,400100,406500,18918,403343593403
10427,SPFI,664,0,385900,395500,20348,392734887949
154,ACWX,2439,0,734900,740100,92724,737507802726
2108,CGNG,102,0,352800,355900,11060,354232793851
4479,FXB,27,0,1280100,1283700,4105,1281840121802
6767,LOCO,1275,0,133500,137000,39341,134618649754
8002,NVAWW,5,0,217500,239700,267,220335955056
3473,ELMD,89,0,344700,370200,2874,356373451635
2176,CHW,236,0,86400,87400,22643,86798600008
4851,GORO,305,0,13100,14000,45931,13620604820
7483,MTW,564,0,120200,125200,20012,122123031181
9815,SATLW,143,0,27500,34300,28868,30522699875
11821,VLN+,1,0,600,600,400,600000000
1548,BOH,908,0,748800,762300,26852,754950223447
190,ADPV,5,0,446200,447900,106,447656603773
10463,SPRB,469,0,533900,569100,11454,549976488562
8008,NVCT,479,0,108000,123200,26591,111927528111
5539,ICF,50,0,660300,664200,1349,662358561897
6888,LWAY,1122,0,237600,260800,59203,246231878452
5098,HBNC,2908,0,175100,178800,72096,176148382711
3972,FDVV,787,0,592400,595600,35044,593884108549
2750,CYRX,1124,0,129100,133100,66137,131296241135
9036,PTLE,64,0,47100,55000,1026,50479142300
9135,QCRH,510,0,872000,886900,14220,876226209563
5064,HAE,1109,0,562700,575200,50777,568505780176
3405,EFSC,1354,0,580600,590000,49821,583075036631
9289,RAA,9,0,298500,299400,1020,298879313725
3670,ESQ,821,0,1036800,1057100,19117,1047530287178
1370,BITQ,18,0,262200,267500,2582,264505693261
7351,MPTI,207,0,755000,807500,2969,789615560794
3210,DUOG,27,0,372700,395500,1070,387459813084
2928,DFIV,696,0,547200,549500,31820,548454780012
7759,NGVT,385,0,674200,697100,9501,682569192716
266,AGCO,1135,0,1130600,1152500,32620,1136385692826
3359,EDOG,1,0,245900,245900,100,245900000000
5215,HIW,3019,0,253800,258000,152053,255850204862
1182,BDCI,2,0,100300,100300,712,100300000000
11455,UGE,13,0,193700,197200,1691,194356652868
2778,DAR,3634,0,614800,628000,165802,624084486315
3621,EQRR,36,0,765500,771600,1985,769625491183
3993,FELG,165,0,439000,444500,24495,441641681975
9102,QAI,26,0,359200,360000,1114,359541113105
10162,SJNK,179,0,249300,249600,83079,249447636586
8547,PCSA,52,0,29200,31400,6659,30203709265
7623,NBET,4,0,412900,416200,196,413788265306
4426,FTRI,87,0,171400,172800,8003,171907159815
9998,SELF,42,0,52800,53400,2602,52996848578
8721,PKG,1534,0,2116900,2173500,29962,2133494119217
10294,SMWB,522,0,30000,31800,39826,31177401697
21,AALG,7,0,100500,104200,374,102263101604
1334,BIGY,4,0,529400,531100,280,529992857142
11607,USRT,542,0,635800,641400,42903,638137344707
2650,CTO,373,0,198500,201200,10871,200363637199
7659,NCMI,1362,0,27800,29300,141768,28422783702
11519,UPB,1985,0,87300,91300,121622,89855621515
4045,FFSM,227,0,353000,356000,34588,353908427778
6126,JFU,74,0,39300,46600,2599,43999884570
64,ABM,949,0,392900,398300,35686,395982718713
10337,SNX,979,0,2290100,2319200,18155,2304279047094
3328,ECH,217,0,390400,393800,14824,392426942795
4903,GRCE,284,0,21100,22000,55010,21523766587
3183,DTI,560,0,30100,31300,34926,30478442993
3562,ENVA,283,0,1639400,1666400,3092,1647422703751
6570,LBRDA,1318,0,319200,342900,33083,325843889610
11454,UGA,10,0,1216600,1230200,1100,1225754545454
1181,BDC,882,0,1059500,1072900,32515,1063189801630
12227,WTS,1105,0,2947000,2989300,23373,2965332610276
1954,CCB,667,0,680300,692000,17431,684513057196
3446,EIM,25,0,97300,98000,3067,97759797848
7332,MORT,114,0,100000,100600,38795,100223307127
10165,SKBL,77,0,33500,36000,16447,35265872195
5226,HLIO,817,0,757100,773600,24314,765192592744
357,AINT,1,0,299000,299000,1,299000000000
10630,STRD,131,0,736500,765500,12596,751559899968
5224,HLF,2569,0,127100,130700,145743,129106360511
8036,NVRI,1289,0,193100,196600,64807,194239415495
9686,RSVR,106,0,100000,101900,3056,101533606020
5468,IBDZ,26,0,258200,258600,6815,258368950843
11429,UCRD,1,0,212900,212900,7,212900000000
12359,XLUI,8,0,240000,241600,1807,240849474266
2086,CGCB,63,0,259800,260200,20347,259932771415
5932,ISTB,102,0,480800,481500,7610,481303850197
6518,KWR,354,0,1375700,1409500,5965,1390027912824
5804,INTF,39,0,405800,407100,3650,406335506849
3977,FEAT,10,0,194000,196200,4390,194128838268
2403,COLM,1626,0,576900,586300,71484,579815947624
2902,DFAE,782,0,383800,387400,96964,386019571181
10747,SYFI,7,0,356000,356200,1400,356091428571
3763,EVR,1068,0,3308900,3368900,19860,3336246515609
3194,DTW,9,0,212600,213600,502,213160358565
1735,BUFB,1,0,387900,387900,17,387900000000
12008,WASH,1001,0,306800,311900,26505,308934465195
2998,DINO,3072,0,687400,702600,134631,697090190223
12265,XBIO,13,0,30000,30700,280,30460714285
1992,CCSI,890,0,280900,291400,33364,285341400911
3483,ELUT,198,0,9909,10700,8609,10299163665
12643,ZVIA,2744,0,11700,13600,195488,12936560811
2370,CODA,254,0,112600,116500,15254,114171227219
6093,JCPB,81,0,464600,465300,14981,464876897403
9172,QLTA,61,0,470500,471200,6796,470676059446
3913,FCN,1259,0,1425900,1481200,72813,1445557073599
8325,OSCV,8,0,402500,403300,888,402905405405
12198,WSR,93,0,189900,190000,13630,189906793837
2682,CUZ,2482,0,254400,260200,130072,257914947875
7221,MKDW,6,0,70200,73500,288,70677083333
5878,IQMM,24,0,1001200,1001400,15342,1001300827792
9890,SCHJ,22,0,245800,245900,2499,245899599839
5390,HY,220,0,351100,362800,5790,356865319516
5805,INTG,107,0,360000,396000,4671,378972746735
6291,KBH,1574,0,450400,462200,55054,452892016928
5169,HF,4,0,218100,218500,191,218270157068
3784,EWI,626,0,576500,579100,22266,577501657235
11522,UPGD,1,0,760300,760300,83,760300000000
1249,BF.A,486,0,268300,274700,14687,272462204670
1309,BHF,2560,0,616700,625600,107149,622045708312
218,AEMD,27,0,21000,21500,2851,21206313574
6689,LICN,48,0,70900,84900,4619,78150140723
6322,KE,902,0,243000,248300,40218,245172654035
9323,RBB,498,0,228300,233300,9128,229416432953
5228,HLLY,528,0,26100,27100,36879,26538371430
2806,DBMF,203,0,311000,312900,40457,312258378030
3264,DXJ,131,0,1700900,1710200,4709,1705563431726
9885,SCHE,2010,0,353400,356400,123835,354996989542
4756,GLOF,20,0,579100,581900,1687,580711973918
5438,IAGG,112,0,496900,497600,8915,497137509814
5353,HUBG,3237,0,366100,378000,160663,372682005190
7575,MYX,32,0,98000,100500,6032,99019446286
4870,GPI,1358,0,3136200,3350100,11122,3227736135587
7958,NTST,1871,0,203100,206800,80800,205461580445
5790,INNV,1225,0,71000,73300,44112,71655161860
7693,NEE-T,40,0,518900,525000,1600,521289000000
1602,BREW,1,0,262500,262500,1000,262500000000
11875,VOT,320,0,2845000,2870000,8471,2860507189233
11868,VONE,166,0,3328200,3348400,3629,3336469247726
1595,BRC,392,0,709100,723000,13128,715026249238
7317,MOBI,151,0,116300,120000,23172,119283484377
165,ADAMH,19,0,256400,257000,806,256652233250
10438,SPHR,891,0,1320800,1364200,27334,1347757276651
8800,PMT,701,0,102800,104300,43870,103314898563
10661,STXV,4,0,364800,366500,192,366483854166
388,AIYY,32,0,88200,90000,2257,88769295525
10431,SPGM,107,0,840800,844900,10920,844266959706
158,AD,330,0,499100,508800,19909,502750760962
2654,CTRE,3959,0,410300,418700,146528,413352963938
888,AUST,20,0,12600,13600,541,13104621072
11161,TPG,4391,0,416700,426500,252726,419881682137
3866,FATN,114,0,37500,41800,28471,38989336517
3970,FDUS,812,0,185900,188500,32687,187691280937
6615,LEDS,85,0,20000,22900,7527,20914587485
5933,ISTR,867,0,275700,278000,26120,276589781776
5048,GXO,1725,0,480800,490800,92911,483738682179
4376,FSV,508,0,1288600,1305300,31151,1297777313729
5573,IDMO,74,0,587100,591500,6219,589125502492
12194,WSM,2840,0,1680000,1731200,78323,1698036146470
10139,SION,613,0,400800,425500,32106,407732679249
8219,OMF,1947,0,532000,538300,71683,534223768536
7278,MMS,771,0,586600,604700,25051,590744549119
9301,RADX,201,0,43600,47400,29479,46698870382
2024,CDX,15,0,212000,213000,1656,212633514492
12297,XELLL,143,0,240600,242400,15598,241401301448
9168,QLC,8,0,877900,880300,123,880020325203
5177,HFRO,31,0,61500,62000,2596,61768297380
11907,VRTS,229,0,1376700,1409000,3001,1390394068643
1634,BRTX,57,0,1871,2000,18783,1942006654
4986,GTE,319,0,90600,93800,26991,91828909636
9100,QABA,3,0,596000,603100,20,596800000000
9201,QQH,53,0,830200,848100,5495,838330118289
5603,IETC,6,0,1064000,1071900,849,1068633686690
10167,SKF,10,0,285600,289600,1158,285909153713
12061,WEED,4,0,197500,203500,300,200833333333
1788,BWET,105,0,1807500,1852300,496,1839544758064
3415,EG,965,0,3480300,3520500,12128,3504591820580
10130,SILO,49,0,3920,4176,6106,4042880117
8592,PEN,1663,0,3217900,3240800,39785,3229732089983
9420,RENT,364,0,38000,40500,24429,39027307708
8090,NYXH,16,0,30000,30800,2662,30582832456
8747,PLRZ,58,0,146500,153200,3457,150452531096
1060,BASG,17,0,255800,257800,1228,256635830618
57,ABI,3,0,247900,248100,159,247994339622
10330,SNSE,37,0,192800,229700,2073,206396237337
9314,RARE,4498,0,248400,257900,257589,250949178730
11219,TRS,1094,0,380200,394600,44089,385216893102
3511,EMHY,9,0,400400,401100,510,400819607843
11713,VCV,7,0,105900,106200,446,106003811659
1440,BLGR,6,0,316000,317400,1114,316957540394
4204,FLUX,22,0,9800,10200,3695,10005324221
10204,SLM,5231,0,210700,215700,363865,212201471699
4737,GLDW,3,0,493000,495200,170,494647058823
9303,RAIL,377,0,78200,81100,16461,79439997570
5040,GWRS,236,0,67000,69600,8466,67631053626
10869,TDEC,1,0,259300,259300,9,259300000000
596,AOHY,6,0,110100,110300,568,110204225352
581,ANNAW,10,0,3400,3700,1898,3539093782
10854,TCPA,1,0,239600,239600,1,239600000000
8771,PLYX,308,0,26600,34500,25025,29376827172
4412,FTLS,28,0,738800,743000,10803,742701823567
9720,RVTY,1773,0,939600,955900,63252,944608671662
12050,WDIV,1,0,801300,801300,1,801300000000
1777,BVFL,57,0,194700,199800,526,196943726235
5257,HOG,2705,0,249800,255300,160487,252816516602
5235,HLX,1159,0,99400,101200,83484,100329626036
7204,MIRM,2760,0,1019600,1100700,91673,1066175675498
5249,HNNA,21,0,99300,101000,1018,100228978388
1204,BEAG,33,0,105400,105600,10915,105517535501
11477,ULH,279,0,132500,137900,12282,135577186126
7833,NMR,509,0,80000,80500,75256,80240590783
10105,SHW,6100,0,3000000,3060300,138767,3017357836517
5535,ICAP,10,0,279800,282900,737,280882496607
6655,LFT,555,0,10400,11100,19709,10784829265
4440,FTXO,126,0,366600,370500,20865,368398739515
4232,FMED,28,0,240400,244900,2044,241745303326
10703,SVC,981,0,16000,16700,813586,16400397499
2949,DFUS,817,0,801900,807600,58065,804590176526
12205,WTBA,180,0,226200,232000,4662,227207700557
1932,CBRG,283,0,117000,147100,86176,133296799572
11225,TRTN-B,1,0,254000,254000,3,254000000000
952,AVUS,168,0,1242900,1248800,9704,1246250638911
10851,TCI,1,0,354400,354400,84,354400000000
578,ANIX,104,0,27600,28300,12823,27970872650
5452,IBACR,1,0,1097,1097,2,1097000000
4969,GSLC,245,0,1399900,1407700,11527,1403212752667
10177,SKY,1520,0,662900,688900,64824,669561147106
8717,PK,1669,0,107100,108400,150490,107743211509
8118,OBIO,1532,0,37000,40200,114977,38053741183
3919,FCOM,24,0,739400,743400,1152,740460763888
8329,OSIS,1914,0,2049500,2126000,51143,2070740392624
10222,SLSR,243,0,98400,100300,14525,99287655765
2923,DFIC,931,0,373200,375000,51735,373825559099
3801,EWX,7,0,726400,729300,298,727828859060
6697,LILA,982,0,71600,74800,74044,72901963697
6698,LILAK,1040,0,73100,76400,88672,74429810988
6106,JELD,478,0,14700,15600,49716,14908445973
4026,FFBC,5051,0,295300,299800,187262,297099574393
5140,HE,1681,0,132200,135700,119076,133295654036
9670,RSPF,4,0,747700,750100,63,748438095238
8619,PFFD,121,0,188300,189600,16045,188874440635
443,ALLE,2011,0,1255800,1290900,78468,1269552012285
4123,FIW,39,0,1001600,1012900,1804,1005627383592
7319,MOBXW,9,0,951,1050,7378,981306316
5587,IDX,7,0,121600,122500,597,122349246231
6808,LPX,1178,0,698400,725000,37115,708372057119
9606,ROCK,1246,0,353400,374500,45790,359252122734
4694,GIII,2838,0,283000,301500,149934,289203457521
8812,PN,31,0,43000,45100,4537,44430526779
12134,WLII,1,0,99900,99900,2,99900000000
1861,CALY,3425,0,149400,156000,256946,153901361764
11800,VIOV,1,0,1081300,1081300,15,1081300000000
1527,BNL,1551,0,195400,199100,123356,198021386069
6265,JXI,18,0,830100,839400,632,832155696202
8201,OKUR,201,0,31500,32700,12786,31869020804
1189,BDIV,1,0,242800,242800,180,242800000000
11462,UHS,2252,0,1674600,1722800,93237,1691571607838
10603,STFS,287,0,102200,116700,68522,114771695221
1977,CCK,1050,0,960700,986600,26692,969017709426
10874,TDIV,100,0,1114500,1128800,7059,1120884289559
601,AOMR,217,0,83000,84500,8145,83628545119
7576,MYXXR,100,0,2000,2100,78701,2001270631
389,AIZ,1222,0,2526400,2570900,27155,2547750893021
10662,STXX,29,0,413000,430000,1493,420148158070
12272,XBP,63,0,20800,22000,762,20933595800
7893,NPWR,418,0,20100,22700,36403,21294242232
6912,MAA,1202,0,1251800,1278500,29137,1257730922881
10763,T-A,27,0,197700,198200,1805,197942770083
490,AMBP,630,0,39000,39900,72249,39405442289
12112,WIMA,2,0,411100,411700,11,411154545454
1839,CACC,1093,0,5417100,5491900,20573,5461832780829
9790,SAH,541,0,738200,779500,14039,753886159982
11392,TYYY,1,0,480300,480300,1,480300000000
1119,BBT,1424,0,274400,282300,50861,276742944495
3011,DIVG,5,0,351500,353100,136,351630882352
6389,KLTR,281,0,14600,15000,33017,14830263197
3088,DNTH,1803,0,829000,868400,91943,857569567014
8502,PBT,126,0,269000,290400,9858,279409393386
2668,CUBI,505,0,716400,732600,13874,723341985007
6980,MB,13,0,65000,69500,180,68105555555
868,AUB-A,8,0,247200,247900,808,247801608910
11141,TOS,1,0,291900,291900,9,291900000000
9905,SCI,1779,0,771000,784300,63052,776454765907
5605,IEUR,2740,0,731000,735500,93241,733014935489
5147,HEFA,593,0,442900,444500,12546,443710058982
11174,TPVG,214,0,58200,59000,12618,58528855603
901,AVD,143,0,27500,28600,6030,27858872305
8960,PSC,104,0,630300,634400,15592,631672184453
5342,HTO,1434,0,550700,560500,58552,554512071321
3298,EAOM,2,0,308100,308400,45,308393333333
3906,FCF,1071,0,179600,181700,49856,180584316832
12281,XCH,21,0,7300,9390,12912,8039324271
2008,CDL,27,0,745300,750800,1293,747644779582
4035,FFIN,4211,0,308900,313500,162421,310758154425
3779,EWBC,2590,0,1179700,1199600,97420,1190680370560
8640,PFSI,715,0,855300,874500,26269,861281373482
5068,HAIN,374,0,7300,7860,72414,7585487060
11221,TRST,848,0,482600,492500,26531,485749854886
3417,EGBN,1310,0,243700,249000,44432,245149529618
4400,FTGS,14,0,360400,362300,1748,361790160183
4304,FPE,81,0,180100,180500,12783,180316146444
3922,FCPT,1399,0,242200,244900,58664,244122192486
5979,IVLU,1242,0,418800,420800,88534,419795305758
2362,CNXT,11,0,557000,559400,523,558549330783
12635,ZTO,2140,0,231600,238500,160462,237008248681
8095,OABI,1291,0,20800,22300,223265,21819008801
11942,VTEX,358,0,34500,35500,34586,34978100965
9273,QVAL,31,0,527200,531600,6344,527674054224
4361,FSIG,86,0,188800,189000,13013,188940467225
5364,HURA,639,0,22800,24200,74890,23402715983
8780,PMCB,90,0,7820,9101,37735,8487200450
10594,STC,291,0,667100,675700,5532,671595390455
321,AHR,2685,0,484000,506000,150112,498040583031
5764,INDY,120,0,422400,424800,4171,424209997602
4550,GBUG,68,0,438600,451200,6187,445236285760
3875,FBIN,4563,0,338100,354600,257920,344863568936
4339,FRST,1012,0,137500,141000,43685,138411766052
9644,RRC,5570,0,416300,424700,217246,421622749325
9636,RPM,1404,0,952400,972400,37481,960518969611
6087,JBSS,426,0,741100,753300,11003,747660338089
11838,VMI,1129,0,5015000,5114600,20547,5066006536234
8913,PRM,1867,0,325900,335800,102936,330860010103
191,ADSE,15,0,108000,120400,922,112968004338
10464,SPRC,4,0,48000,49700,273,49161172161
11710,VCRM,21,0,750200,752000,1505,751213820598
9093,PZA,140,0,229400,230800,26080,229901790644
7250,MLN,37,0,173500,174400,2762,173933490224
9395,RECS,32,0,426600,428900,2388,427226130653
9792,SAIC,1682,0,921700,936000,61092,926541052838
10668,SUI,1028,0,1202700,1215600,43483,1207093151346
9457,RFI,39,0,111200,112400,6859,111807479224
7458,MTC,326,0,48300,53000,26930,49440404753
7013,MC,710,0,628900,642700,21968,637192275127
11404,UAN,47,0,1286000,1297500,947,1292121858500
1131,BCAL,1726,0,185100,186700,72941,186058571996
7064,MDU,1785,0,221300,224800,102615,222332170735
12373,XMVM,1,0,677000,677000,1,677000000000
2100,CGHM,78,0,253400,254400,14383,253881234791
6105,JEF,4019,0,516900,528900,191305,523660347612
2946,DFSV,1195,0,364000,367300,104690,364994106409
7918,NSA,3948,0,409000,419800,144541,412722029043
4453,FURY,4,0,5958,6000,1900,5977894736
11344,TVTX,4432,0,423500,434900,244949,426582756818
5734,IMTX,1277,0,107000,112000,78585,108478946363
12162,WPAC,4,0,99700,100000,2400,99950000000
1889,CARL,685,0,106200,113100,70085,109793094100
6468,KRO,1140,0,67300,70200,38235,67976477049
11810,VIVK,104,0,13000,15500,7315,14019357484
1537,BNZIW,9,0,131,133,5876,131155037
7260,MLTX,1316,0,175100,181500,92313,176490682785
5455,IBBQ,37,0,289500,295000,1987,291324509310
4254,FND,5292,0,433400,451400,302435,440759628349
4260,FNDX,628,0,302500,304100,260028,303304934084
5907,IRT,985,0,158700,162000,72293,159804600722
9313,RAPP,950,0,366400,376800,27358,371005523064
616,APC,474,0,203000,208700,29418,205654820178
10889,TDVI,92,0,310200,313800,7374,312380065093
2500,CPT,1796,0,1020000,1045800,54632,1031169569117
10426,SPFF,3,0,94400,94500,243,94417695473
153,ACWV,18,0,1206400,1211200,1386,1207319480519
5191,HHH,576,0,633300,646100,17403,641339004769
2893,DERM,1926,0,61600,64500,88103,62835532274
12081,WF,160,0,623000,632600,5945,630801934398
1808,BXP,2040,0,573100,589800,60169,584334590902
11136,TOPP,7,0,9000,9600,380,9001578947
863,ATXG,57,0,47200,49400,2581,48267996900
4125,FIXD,226,0,432300,433100,10489,432634216798
7322,MODL,34,0,499500,501900,3280,500251615853
5411,HYLB,277,0,363100,363700,16552,363317127839
7888,NPK,308,0,1350500,1407300,2659,1378624445280
10533,SRG,212,0,23900,26200,19224,24904796088
1881,CAQ,3,0,98600,98600,44,98600000000
12154,WNTR,37,0,220900,224500,7275,224026432989
2182,CIB,244,0,626500,639900,12021,632623442309
12414,XRN,215,0,335200,343100,6171,338712574947
2141,CHGG,565,0,10200,10900,37088,10430141824
8720,PKE,613,0,329300,337800,18469,334302912989
4336,FRPH,279,0,214900,220100,13826,218371886301
7695,NEE-V,11,0,496100,502200,478,499003347280
4432,FTV,6281,0,586900,595000,310998,589545582608
7425,MSM,1132,0,1033300,1061400,49205,1043967972766
4115,FITBM,123,0,259500,260600,7628,260205204509
7477,MTRX,1469,0,118500,121500,43764,119620302074
6571,LBRDK,9607,0,319500,345900,392371,327952436851
8413,PACS,1594,0,375100,390700,58324,379376339071
6696,LII,1379,0,4972700,5067100,16022,5000665172887
9401,REFI,970,0,111100,112800,29105,112250170073
3793,EWQ,911,0,440800,444900,32773,442550364629
7380,MRTN,2958,0,154700,159300,151824,156284794235
3108,DOV,1508,0,2098600,2122500,36855,2107961123321
7943,NTIC,22,0,79000,79800,3526,79616647759
285,AGM-F,3,0,188400,188500,268,188433582089
10558,SSB,1021,0,911400,940200,27575,919441160471
5787,INN,1098,0,52000,53100,87209,52563711314
1217,BEEX,2,0,269000,269500,3,269166666666
11490,UMDD,3,0,313400,320000,201,313482587064
759,ASB,3298,0,271200,276700,180214,272719221037
3500,EMD,22,0,104900,106600,4012,105486490528
8321,ORRF,1136,0,348600,357700,23481,351998394446
7993,NUSC,18,0,479900,483500,260,481998461538
4513,GAIN,1379,0,162500,166000,76575,164491714005
9784,SAFE,689,0,141600,144700,17030,142889906048
127,ACNT,521,0,138400,140400,13822,139458652872
10400,SPB,829,0,768700,797700,23157,776097927192
6748,LNC,2122,0,342700,346600,88043,344461444975
10121,SIGI,1985,0,856300,882300,95947,876899770706
7183,MIAX,1649,0,550800,570900,63348,563904448443
1101,BBHY,5,0,458000,458300,343,458142565597
11374,TXT,3223,0,887400,911500,224945,902876564938
2821,DCI,750,0,811600,831000,27412,816537578432
4341,FRT,1384,0,1127400,1138800,62263,1131906655638
5045,GXDW,4,0,281100,283000,311,281693569131
10897,TEAD,69,0,9451,9687,5167,9525141087
624,APHU,8,0,163000,169000,602,166972093023
1224,BELT,1,0,393900,393900,11,393900000000
11497,UNF,650,0,2589700,2616800,10279,2607435022862
2511,CRAI,684,0,1371800,1417500,20203,1394397836954
9881,SCHA,852,0,325100,327700,87879,326007197396
8612,PFBC,490,0,896500,912800,13709,902955226493
8264,OPEG,9,0,41000,43400,1538,42432899869
8292,OR,1488,0,358300,368000,84729,363229702935
5288,HPI,7,0,159600,160800,840,160569047619
3091,DOCK,3,0,255500,256000,1700,255635294117
9707,RUSHB,298,0,633200,655300,5750,639553408695
8360,OVL,5,0,569500,572900,550,570463272727
4160,FLG,3371,0,132100,136200,384432,133366436717
6461,KRG,2201,0,259200,261900,135908,260703929864
6590,LCLG,1,0,696900,696900,76,696900000000
10008,SEPI,7,0,276500,277700,680,277070588235
9435,REXR,2230,0,345500,350800,93817,348268723152
7846,NNN,3407,0,433400,438400,154202,436729443846
8317,ORMP,613,0,45500,47500,31339,46530281757
3951,FDL,1289,0,494800,498600,65570,496141804178
1874,CAPE,27,0,321500,322900,1469,322296664397
12147,WMS,1348,0,1354700,1381500,40838,1365578816298
8124,OC,1954,0,1140700,1196400,95355,1154191181374
11487,UMBF,2728,0,1237000,1265600,83035,1244846449087
5556,ICSH,6,0,505100,505200,466,505118884120
11235,TRUC,1,0,271600,271600,360,271600000000
962,AWK,3124,0,1242700,1268400,106602,1255216133843
8936,PRU,2818,0,1010100,1027600,97249,1018462711184
7449,MTA,338,0,68100,72000,26162,69078052136
2661,CTVA,6164,0,821500,835000,248976,824762301587
7453,MTB,1362,0,2028800,2065000,25860,2047979505027
8714,PJT,788,0,1562300,1599200,20023,1584703925485
267,AGD,21,0,121200,122100,1781,121663840539
10540,SRLN,326,0,404700,405600,117508,405143416618
695,ARDT,829,0,99800,103700,42268,101661564303
3976,FEAM,839,0,19300,20900,54633,19823139860
5444,IAT,295,0,547700,555900,20813,552285047806
1562,BOTJ,52,0,227500,232500,3871,230427744768
11835,VMC,2313,0,2666900,2724900,53267,2695295257851
6165,JLL,1838,0,2766800,2896500,34366,2866913190362
8298,ORCL-D,47,0,561500,575100,3023,571673767780
3792,EWP,129,0,554800,557600,7132,556465787997
4477,FWRG,5245,0,107400,112800,384936,110974320406
6850,LTC,540,0,379000,382300,18576,380400161498
8686,PICK,387,0,626600,634000,22468,630837355349
1412,BKLN,253,0,206000,206400,344660,206092065513
5406,HYGV,25,0,399600,400200,1056,399874431818
4207,FLX,86,0,23100,25500,6352,24709272670
7580,MZTI,1302,0,1128000,1156100,26571,1140561608520
1796,BWMN,550,0,309700,321400,19585,313837043655
2451,COZX,31,0,199300,214000,2000,206094700000
8064,NXG,24,0,589800,600100,2205,595413197278
2667,CUBE,5054,0,382900,394100,221696,385162764776
8943,PSA,1505,0,2916900,3000000,21935,2938676352860
9402,REFR,30,0,8000,8031,1144,8000392482
6612,LEA,1260,0,1324700,1360000,42334,1340677757830
11112,TNK,423,0,761300,776800,14219,768456501863
1935,CBSE,4,0,488200,493200,300,491395000000
12208,WTFC,1967,0,1431500,1464500,56467,1444514109125
5683,IKT,523,0,17200,18400,63708,17460122747
5515,IBOC,1606,0,703000,716300,43682,707494116569
9614,ROKT,26,0,1172600,1190300,815,1181072515337
4561,GCO,365,0,323200,330000,8207,327847398562
1858,CALI,262,0,503100,503700,64431,503360149617
11512,UNX,4,0,438100,449700,296,446828040540
1239,BESS,104,0,32600,36900,13033,35017793293
1305,BHB,224,0,334000,338300,3810,335269396325
11578,USFD,4591,0,820300,838700,272079,824771629195
1567,BOX,4203,0,242200,249700,211465,246475464497
9523,RITM-E,41,0,242100,243700,3145,242781653418
5232,HLNE,1584,0,849700,881500,67192,855447654482
9439,REZ,27,0,893500,908700,603,896987562189
4418,FTNJ,6,0,86900,87200,1349,87125277983
6409,KNF,640,0,752200,784800,18506,758815902950
9260,QUAL,719,0,2103300,2115600,40298,2109276313960
9074,PWZ,95,0,238700,240100,5774,239156754416
7467,MTG,1901,0,258100,260600,85385,259155604614
2506,CR,765,0,1710600,1780600,21379,1734611927592
1540,BOBS,790,0,114500,120600,51078,117518152629
11813,VIXM,124,0,158700,160900,18898,159444486189
6039,IYT,1978,0,793300,803000,78895,799945395779
6419,KNSL,955,0,3075000,3130300,25839,3107947350903
1034,BALL,3404,0,550700,563000,158639,555643966489
11307,TTEC,322,0,24500,25300,35988,24838387795
6875,LVHD,33,0,419400,423300,1036,421053957528
10467,SPRU,83,0,27700,29000,5702,28305015783
194,ADT,949,0,68200,69600,201676,68645161050
7716,NEU,362,0,6730000,6903700,5984,6834642362967
7202,MIR,2867,0,181000,185800,250821,183504521551
8038,NVST,3860,0,232300,239900,206160,235319493112
5541,ICG,40,0,11300,12300,5818,11776125816
9089,PYPY,3,0,271400,271800,127,271403149606
8588,PEG,9803,0,760900,773000,383611,765556862811
3776,EVYM,2,0,499200,499500,400,499350000000
2823,DCO,453,0,1424800,1503400,8456,1452142892620
6574,LBRX,830,0,294800,307700,45696,297478993785
11420,UCB,4062,0,318400,324300,92493,320416092028
1147,BCGD,1,0,258800,258800,37,258800000000
7683,NE,1403,0,517500,531600,41036,526778574909
10026,SF,2000,0,736700,748800,78027,742808357363
5028,GVA,1026,0,1366600,1391400,35980,1381498224013
7959,NTSX,32,0,581400,584100,2882,582533622484
8283,OPRT,1183,0,51100,54000,65351,51987031567
2026,CDZI,3002,0,39600,46300,493932,41529146522
9733,RWR,218,0,1079400,1092900,14302,1082378905048
272,AGGH,13,0,201500,201800,994,201650201207
10545,SRS,4,0,418700,430000,181,426904972375
3146,DRV,53,0,204100,211000,4809,208900707007
1846,CAFX,1,0,246400,246400,100,246400000000
12119,WISE,19,0,385300,388900,1429,387194051784
1585,BPYPO,18,0,153000,153600,1376,153377180232
11858,VNQI,593,0,457000,460900,19290,459990637636
11663,VACH,7,0,98600,102000,41,101748780487
1390,BK,8445,0,1343900,1377200,282545,1363049809764
9399,REET,549,0,268000,270300,72803,268789492191
1191,BDL,2,0,310800,314000,4,313200000000
11464,UI,569,0,6231800,6456800,5394,6338130867630
10480,SPTS,10,0,289900,290000,7339,289999986374
207,AEBI,1377,0,112700,120000,65523,118315951650
6466,KRNT,1206,0,149400,155700,79476,151192216518
3593,EPP,1255,0,547600,551300,25780,549871617532
11676,VALU,20,0,331800,335800,193,333820207253
1403,BKH,2251,0,719400,733800,94320,726581846904
8349,OTLY,150,0,98500,101400,6173,100012700469
5887,IR,4496,0,702300,710200,215849,705231025392
4206,FLWS,898,0,43100,45300,103965,44043936901
6509,KVHI,1327,0,106000,111500,35478,108655220136
8362,OVLY,224,0,325800,331600,5916,328513539553
9991,SEIC,2443,0,904200,917700,85711,909095077644
9387,RDYY,10,0,199400,209100,589,201069779286
2990,DIBS,987,0,43100,45000,24923,44385439152
7024,MCHB,2140,0,142800,146100,88208,143825574777
5593,IEAGR,3,0,2100,2200,2100,2104761904
8826,PNW,2879,0,979200,1001600,68011,986330059843
5569,IDEV,1802,0,877300,883200,45178,879340059320
6916,MAC,6202,0,215300,221700,506284,218383083407
5613,IFF,2676,0,729500,751000,97395,734275144514
5564,IDCC,1353,0,2592100,2660000,26036,2612081479489
6979,MAZE,950,0,251900,260500,44161,255119687054
2611,CSR,179,0,668300,680700,4097,672738393946
3244,DVY,1224,0,1507000,1524000,85548,1511240418244
1690,BSY,10044,0,319700,326600,543422,322598763760
5581,IDU,74,0,1110100,1128000,3686,1117026153011
5497,IBIO,178,0,14600,15300,25185,14818098074
6576,LBTYB,34,0,144000,152800,823,149138274605
10847,TCBX,221,0,365900,371600,5019,368348575413
574,ANGO,1323,0,107600,110700,56213,108905125148
7868,NORW,37,0,380000,383000,4278,381772814399
5263,HOMB,3129,0,255000,259800,154110,256449151255
4375,FSUN,686,0,342300,351100,28143,345673581352
3586,EPI,1392,0,419600,422400,51888,420862972170
7323,MOG.A,506,0,2993300,3120000,7190,3024394617524
6195,JOUT,388,0,389000,409600,9937,402937526416
1138,BCC,514,0,659100,680000,13861,668925777360
11411,UBND,15,0,215000,215300,1600,215175000000
2136,CHE,876,0,4264100,4348900,15603,4319009152086
12409,XPRO,1106,0,157300,160600,52801,158623736292
5216,HIX,54,0,39300,39500,5227,39417486129
3312,EBMT,260,0,215800,220000,8661,217378720701
323,AHRT-A,10,0,218400,220000,434,218891013824
10596,STE,2284,0,2112200,2167600,65448,2130454441694
8671,PHIN,583,0,761600,780000,18616,767466346153
5975,IVE,1077,0,2232900,2243700,58606,2237071697437
6030,IYF,630,0,1215800,1225800,13942,1217984772629
10285,SMRT,256,0,11200,11600,53686,11422609246
4392,FTCS,1690,0,924800,930900,118560,927769201248
7628,NBHC,889,0,407200,414200,27121,409019254452
7874,NOVTU,16,0,649400,660200,271,655107011070
4322,FRDM,37,0,652500,660300,2166,657258310249
5112,HCI,304,0,1546000,1576300,4816,1559222736710
12495,YDDL,63,0,40800,43500,3843,42411293260
2222,CLBR,5,0,101200,101200,1502,101200000000
3909,FCG,1701,0,303000,308500,93467,305718189307
7895,NRC,525,0,185300,191100,22979,186383632882
2178,CHY,275,0,125200,128100,10864,125969744108
12451,XTL,59,0,2258700,2287900,2514,2269017104216
3604,EPSN,773,0,61700,64300,23320,62187482847
3411,EFV,3212,0,771600,775200,133036,773540165819
2577,CRVL,743,0,563900,583600,17786,570960182165
2365,COAL,5,0,246400,247600,309,247244012944
12638,ZTRE,27,0,505800,506200,700,505991428571
4893,GRABW,16,0,391,401,5365,398232059
3947,FDIG,16,0,433900,443200,667,437140029985
6032,IYH,584,0,608500,618200,53974,612103851854
8744,PLOW,503,0,440700,448500,12591,443850782304
3811,EXI,100,0,1922400,1934100,1460,1925371027397
10301,SNA,902,0,3586900,3630500,11673,3603577974813
28,AAP,2817,0,471300,500000,127569,476652559791
3829,EYPT,1849,0,123400,131700,99011,125712666269
5017,GUMI,14,0,502700,503100,439,502861731207
4826,GNTX,5342,0,228400,232500,308261,229857959651
3522,EMN,2025,0,713400,728600,59278,717551555383
7469,MTH,939,0,591200,621400,26483,596362530680
6013,IWO,431,0,3617400,3647500,8120,3629020689655
8451,PAVM,17,0,63500,65500,793,64739848675
9760,RYZ,1023,0,248700,255500,40399,252520901507
5116,HCKT,1596,0,94200,97200,77204,95095443241
9617,ROLR,231,0,55300,62100,17747,57113861497
9379,RDTY,25,0,377600,380300,1561,378521973094
8136,OCSL,1235,0,119700,121800,75497,120860126892
6532,LAB,992,0,9789,10000,158517,9864801794
8291,OPY,116,0,931000,949000,2994,939351803607
2502,CPZ,58,0,129600,130300,6744,129990524911
7770,NHTC,28,0,28200,29300,901,28551498335
4140,FLAX,2,0,356300,356500,44,356481818181
2058,CERY,3,0,375800,375900,194,375882989690
5802,INTA,4066,0,209400,218000,203721,213354048919
5057,GYRE,685,0,65500,68800,24605,66703808169
6352,KGLD,27,0,302900,305400,2494,304169887730
8442,PARR,2250,0,581800,616500,91348,590067045802
2433,CORO,111,0,351200,352600,24656,352026512816
9049,PTY,228,0,118600,119600,26355,119053765888
6520,KXI,128,0,686800,691900,3008,688372672872
7488,MUA,10,0,106700,107200,1035,107053623188
4945,GSBC,458,0,669400,679000,9110,673777167947
11301,TTAM,546,0,156300,159500,31071,157732831257
1028,BAH,2814,0,723500,743500,148416,727741653864
5710,IMDX,869,0,59500,65500,94458,62842757627
9346,RCKT,1343,0,32300,33900,221945,32836017031
6089,JCAP,1151,0,175800,185500,56714,180518524526
1779,BVS,2473,0,103400,107700,151470,105566326005
8322,OSBC,2322,0,203500,206300,95764,204322328850
4613,GEM,12,0,491300,493100,235,492248085106
6011,IWMY,43,0,191600,193100,3116,191901412066
8926,PRS,7,0,227700,228700,430,228246511627
3371,EEFT,2430,0,660400,686100,120444,666740038524
940,AVRY,2,0,237400,237800,992,237779435483
11213,TROO,287,0,39900,42500,34391,41264077811
5969,IUSG,1407,0,1859300,1883800,82309,1870386266386
4297,FOXF,1871,0,157600,164600,109181,160849964737
1655,BSCY,31,0,205800,206000,2451,205860220318
11928,VSS,89,0,1571000,1580400,4748,1576419313395
3559,ENTA,818,0,131900,138800,33320,134491623649
7735,NFG,1421,0,808700,824000,57899,814039251109
7774,NIC,586,0,1365300,1412000,9418,1377078031429
7790,NIU,741,0,27500,28800,120925,28109944180
9130,QCMD,24,0,162600,167800,6410,163720514820
7691,NEE-N,6,0,237100,237900,449,237568596881
7236,MLAB,469,0,957400,1004500,12333,979641401118
2853,DDS,681,0,5240000,5427100,6773,5318641237265
1739,BUFF,1,0,521500,521500,92,521500000000
12012,WAVE,30,0,86400,92000,1136,89392693661
2203,CIMN,1,0,251200,251200,100,251200000000
12476,XYZG,15,0,146200,150900,19610,148947404385
12573,ZCMD,14,0,14000,15000,1218,14929064039
10936,TEXN,6,0,327200,328000,129,327622480620
11179,TR,352,0,401600,410100,8853,406415373319
906,AVEM,1236,0,914300,924300,72594,919798391051
4369,FSOL,205,0,104300,105900,32960,105210194174
6562,LAUR,3050,0,319400,326700,157462,321793589564
8305,ORI,2045,0,389900,395300,87444,392367948629
2524,CRC,937,0,603800,617000,32195,612235937257
8860,PPH,320,0,1005500,1020700,16103,1009333385083
1116,BBSB,1,0,982200,982200,24,982200000000
11389,TYLG,3,0,403900,405100,101,405088118811
6024,IXJ,159,0,918200,929900,3006,921302461743
2331,CNEQ,7,0,388000,391800,219,390707305936
9141,QDPL,10,0,450800,452600,620,451864354838
9150,QETH,3,0,220600,222800,880,222047954545
11953,VTR,6633,0,873800,902600,295634,880628872863
6200,JPEF,47,0,801400,805900,1946,804743319630
9217,QQQT,12,0,185600,186900,701,186271611982
175,ADC,2509,0,743000,750000,104790,745431630880
10448,SPLB,380,0,219100,219800,205290,219437793365
6949,MARO,46,0,62000,64200,12314,62602728601
5172,HFFG,1083,0,18800,20600,75925,20047482383
8981,PSFE,893,0,75000,80500,43801,76879461656
10963,TGL,53,0,39000,41000,7125,39515901754
690,ARCM,2,0,1001800,1001800,11,1001800000000
5902,IRM,1770,0,1236000,1258600,48209,1252039245783
2478,CPRI,4458,0,170200,175700,210146,172477555128
1604,BRF,10,0,172500,174100,1025,173414634146
11877,VOX,360,0,1955400,1968700,12223,1961268616542
9992,SEIE,36,0,344000,345500,2478,344646368038
10829,TBLL,2,0,1057700,1057700,200,1057700000000
556,AMZP,1,0,291900,291900,3,291900000000
5860,IPO,12,0,490100,495400,687,492145560407
7296,MNPR,318,0,582000,630000,11046,608128390367
7504,MUSA,1382,0,5596500,5850500,25981,5648051699318
5008,GTOP,11,0,463500,470000,1914,467358672936
9315,RAUS,15,0,289000,289800,1169,289462788708
1507,BNC,288,0,27300,30000,43631,28249320437
11345,TW,3643,0,1097900,1115000,147320,1110008245316
3154,DSGR,397,0,267600,270000,13136,269044320950
9611,ROG,485,0,1370100,1409500,12449,1397127713069
3828,EYLD,34,0,444100,447800,3717,445678396556
9207,QQQA,41,0,699100,707900,4057,702966896721
5120,HCMAW,3,0,5500,5599,2520,5500785714
7925,NSIT,1440,0,863200,894300,42742,883520247063
5754,INDB,1530,0,755700,773000,44076,760094121517
8931,PRTA,3799,0,94500,98600,151706,97058057690
760,ASB-E,4,0,211000,212300,114,212164912280
11033,TKNO,1283,0,34200,36500,21847,35278601180
9243,QSR,4297,0,753500,766900,261470,760227822694
11167,TPLS,1,0,249200,249200,1,249200000000
894,AVAL,521,0,39200,42000,82315,41306415598
9658,RSI,1952,0,265900,271100,84905,268088392909
12203,WT,2500,0,191100,195700,171726,193208778519
9764,RZLT,1148,0,32300,33700,167652,33043719132
2505,CQTM,2,0,257400,264600,245,257723265306
10888,TDVG,12,0,472400,473800,2959,472716931395
615,APAM,1472,0,360200,365900,46944,363275232191
5246,HNDL,21,0,226000,226800,2441,226364358869
6910,M,4139,0,179300,197000,392498,182425059490
532,AMRN,165,0,143900,147700,8951,145576449558
6600,LDEM,7,0,610300,612700,9,611933333333
11862,VNTG,1,0,7316,7316,200,7316000000
1589,BRAG,148,0,15500,18700,29042,16575855657
10007,SENS,859,0,56600,58700,66773,57520738921
10050,SGA,1,0,101500,101500,2,101500000000
8446,PATK,1064,0,910800,930600,40366,914572184511
588,ANTA,49,0,85500,90500,486,87993827160
10861,TD,3857,0,1068300,1077100,177704,1072649854814
4768,GLSI,355,0,255400,290300,21180,276860953729
3841,EZU,3757,0,658400,662900,175610,660233341495
8336,OSTX,371,0,18500,19300,40365,18968985507
7007,MBUU,1218,0,261400,272200,44491,264312283383
3569,EOI,22,0,196600,198000,1837,197479804028
3752,EVLVW,35,0,500,730,90388,520818084
1150,BCH,592,0,353900,360500,39829,357348005222
8910,PRKS,2215,0,348800,370400,96168,364745063846
9649,RS,800,0,3587600,3642500,14034,3599927041470
4970,GSM,1356,0,39000,40400,182844,39451357988
3782,EWG,1714,0,413200,416200,108333,414518905596
2379,COF-J,30,0,180000,180700,2246,180244300979
12652,ZXZZT,24,0,121000,121200,1086,121056353591
5065,HAFC,2827,0,288000,294300,57282,290183190181
7460,MTD,1129,0,10280200,10533500,10765,10417477148165
9838,SBGI,1760,0,138400,143300,96437,140075052106
9493,RICK,165,0,237400,244700,3768,239976273885
6130,JGRO,612,0,969300,979600,41312,974740484604
2616,CSTL,2240,0,187000,196000,110152,191923603747
3367,EDZ,35,0,183800,189200,3993,187374555472
8454,PAX,2963,0,111200,114500,201198,113246463682
5745,INBS,241,0,39000,49000,25617,42035769215
11105,TMYY,5,0,246500,247500,262,246625954198
3837,EZPW,1959,0,321800,330700,110120,327590298764
3700,ETON,1567,0,281000,322600,116236,297553442134
2099,CGGR,1609,0,457200,461500,114703,458647288213
12372,XMTR,2406,0,833500,884900,115785,860546855810
12471,XYF,79,0,45900,47600,14821,46767478577
2198,CIM,584,0,130300,132700,32883,130865580999
6312,KCOP,9,0,238500,256000,420,239611904761
3671,ESRT,483,0,53000,54200,47568,53866700302
8758,PLTU,14562,0,337700,363500,402400,354286826292
6097,JD,16649,0,318000,326600,3366355,320920030121
4999,GTLB,14907,0,224000,241000,981306,236141425712
10086,SHLD,980,0,622400,640000,60436,624739302733
6538,LACG,36,0,99900,110500,5036,102648093725
10632,STRK,284,0,745000,765000,28032,753719777397
12059,WEBS,240,0,189200,197300,18026,192827554643
1937,CBT,847,0,807800,820000,25053,813143188440
9138,QDEL,6508,0,103100,113400,518814,106888873661
6817,LQDT,766,0,328800,342400,33032,333557768224
6674,LGND,588,0,2129700,2170700,11596,2144686633321
6882,LVWR,153,0,14200,14600,3482,14378202182
12068,WENC=,2,0,100200,100200,31,100200000000
1795,BWLP,452,0,204800,210600,44448,207843277537
3869,FAZ,474,0,450500,462000,33291,456729542518
10759,SZZL,5,0,103100,103100,91,103100000000
486,AMAU,27,0,139800,149800,3893,145783508862
10196,SLF,1459,0,710800,720200,52198,717493762213
5109,HCAT,692,0,11500,12200,58302,11862985832
8884,PRAX,1597,0,3341800,3435400,34040,3398599982373
6483,KSLV,69,0,342400,365000,10536,346109197038
1396,BKD,2425,0,128600,132200,186935,129917423168
3412,EFX,2183,0,1565400,1605200,80339,1581811233647
8499,PBR.A,3385,0,178400,182000,1410070,179322796527
3107,DOUG,304,0,15600,16800,50824,15824248386
8194,OIS,831,0,89600,92000,41439,90062520813
3737,EVER,2339,0,171800,178700,145430,175085793165
8824,PNRG,162,0,2520000,2681600,1981,2616142503785
9425,RES,1345,0,69100,71700,119075,69887655679
4338,FRSH,7483,0,83000,90200,2016657,88431068991
6684,LI,7100,0,182300,199000,788742,185671252576
9198,QQA,208,0,564600,570000,13115,566976172321
8287,OPTX,541,0,69000,73700,49959,70908220741
2545,CRF,209,0,71800,72700,23296,72302974759
7632,NBIS,43188,0,2118000,2287600,2549359,2202328429695
2121,CGVV,3,0,298900,299100,296,298967567567
12394,XOVL,17,0,203000,210800,7309,205562252018
3884,FBND,124,0,452000,454700,17574,452304296119
9895,SCHP,285,0,266400,267000,172512,266567825426
12581,ZEO,59,0,8599,8949,5527,8846505156
2308,CMRE,759,0,169700,175200,30666,171959861083
2209,CINT,58,0,36400,37400,3220,36928229813
12482,YANG,3134,0,272300,281600,208939,278066284417
7395,MSA,1066,0,1709400,1736800,22432,1719168629636
7729,NEXR,10,0,14000,14600,5618,14399110003
2642,CTGO,849,0,215200,235300,41522,224423527286
12132,WLDU,5,0,168000,169000,117,168036752136
1859,CALM,2775,0,758200,791800,123750,771241957171
6946,MARA,28822,0,121300,131000,5341363,124481805262
1713,BTMD,807,0,19100,20400,70952,19912096910
11986,VYMI,2473,0,981200,994800,67494,983088764927
12085,WFC-D,20,0,169500,170000,2434,169892440427
1812,BYD,1719,0,770300,800000,85605,790181630745
6899,LYEL,465,0,175400,187200,20841,178941759032
4646,GFL,2256,0,367100,381800,151656,370364281004
2104,CGIE,52,0,354100,355800,5910,354649357021
12377,XNDX,481,0,198000,225000,6601,200920405999
5306,HROW,3186,0,305400,330800,217569,311888490547
120,ACLC,8,0,827600,828700,799,828335294117
10393,SOXX,62185,0,5054000,5193000,1526518,5121846231488
1599,BREE,1,0,257200,257200,100,257200000000
11872,VOOG,3951,0,818500,829700,199954,823504847614
855,ATOS,66,0,48500,50000,4252,49243461900
11128,TOL,1593,0,1260900,1315500,54418,1270865474659
11227,TRTN-D,9,0,231300,233000,569,231730404217
954,AVX,51,0,4600,5500,34832,5105549982
5778,INHD,42,0,13400,14500,3351,13926589077
691,ARCO,791,0,81000,86300,59129,81609338903
11691,VBCI,4,0,749900,751200,115,750138260869
1082,BBBS,1,0,509200,509200,100,509200000000
11355,TWM,381,0,239000,248800,77388,246178895952
1198,BDTX,436,0,27000,28400,77074,27509756857
1099,BBHL,1,0,167100,167100,100,167100000000
11372,TXRH,2581,0,1769000,1804600,75179,1783790598438
3137,DRN,493,0,99600,104000,112006,100675639697
8224,ON,28167,0,1118000,1160000,1371013,1133980616230
2406,COMB,3,0,273900,273900,400,273900000000
7493,MUJ,12,0,121600,122300,1656,121800483091
2985,DHT,2855,0,174000,178500,204480,175606643192
1951,CBZ,837,0,283300,291400,31848,287563749686
1852,CAIIU,4,0,99700,99700,2108,99700000000
12125,WKEY,561,0,89100,94200,50649,90844782720
10089,SHMD,1707,0,61600,69700,224273,64781021344
2050,CEPI,161,0,336900,346000,14319,339459815629
5672,IIPR,312,0,535400,547500,9225,539882905149
10858,TCRX,235,0,10000,10800,79309,10258438512
585,ANSC,19,0,113300,113400,1922,113367221644
8511,PCAR,8731,0,1098200,1121200,370156,1105281214406
12173,WRB-E,3,0,215900,216700,123,215924390243
1900,CASY,5395,0,8446900,8810100,95836,8553408376810
1801,BWX,39,0,218100,218600,4936,218239951377
12074,WERN,4274,0,366400,376800,173176,371832648288
4785,GME+,131,0,33100,35200,18863,33742861686
3965,FDS,2151,0,1998700,2140000,82335,2108103672800
9052,PUK,2015,0,304500,309000,110023,306216899193
6659,LFVN,254,0,50700,52500,13055,51614745308
11746,VEU,3164,0,808000,813700,164961,810915511545
5141,HEAL,4,0,240800,243300,10,242780000000
10228,SLVR,448,0,615500,658900,29693,629990917051
10195,SLE,51617,0,42300,71000,2796311,61527001073
5108,HCAI,59,0,53300,65000,7782,58522757645
481,ALZN,18,0,10100,10300,1599,10161851156
10754,SYRE,4437,0,726500,753200,168614,742173197955
3114,DPRO,1188,0,52400,55000,117744,53240069133
8302,ORGN,8431,0,12200,23200,1474924,17268175444
3215,DUSB,42,0,508300,508500,4250,508374305882
7533,MX,1098,0,40200,44900,79989,42739631699
2446,COWG,221,0,368500,372200,20893,370681209017
7302,MNSO,1321,0,141100,144000,65103,142009978034
2588,CSAI,132,0,5306,6275,36077,5480893366
12362,XLY,19544,0,1163100,1176000,1127945,1167480645155
7648,NBXG,54,0,154200,156700,14123,154498767967
2561,CRMX,36,0,180000,198900,1965,185089414758
8735,PLG,199,0,16600,17400,59579,16976251699
2134,CHD,2597,0,934200,948100,87997,943040676386
12407,XPON,43,0,5900,6400,5186,6065866563
2233,CLFD,731,0,418000,445100,38760,436294860681
7320,MOD,2101,0,2670300,2890000,67488,2744106899004
4091,FIEE,35,0,63300,70700,1805,64852077562
9178,QLYS,2686,0,868000,907700,78351,896701054230
4003,FENC,2706,0,91700,101300,137087,97069897218
551,AMZA,12,0,483500,489000,1055,483599052132
10824,TBIL,107,0,499400,499400,123410,499400000000
5737,IMVT,3868,0,273400,289900,200922,276717764605
5771,INFQ+,307,0,65000,69700,29005,66067122909
8314,ORLA,5954,0,132200,144000,418318,135376236260
11024,TITN,1169,0,191200,197400,51414,194378525304
751,ARW,1219,0,2075600,2131500,47753,2091625206793
7261,MLYS,3581,0,265000,275100,175879,272151022578
12348,XLI,18754,0,1709200,1734000,859157,1716112879718
11302,TTAN,3136,0,573700,596400,135862,585604913809
1029,BAI,852,0,463200,475500,107176,469653132231
6116,JEPQ,2438,0,596400,599200,563583,597795297941
11198,TRIB,4,0,5613,5700,92,5672576086
925,AVLV,424,0,877600,887000,32923,879742174163
826,ATEX,1248,0,555700,590300,57330,571835346241
11099,TMUS,10036,0,1850000,1913400,524629,1861636735483
6012,IWN,668,0,2055300,2083000,23106,2060871492253
3809,EXFY,206,0,11200,11500,53148,11299535260
5384,HWH,9,0,10000,10500,2225,10338157303
10570,SSM,70,0,38000,44200,3798,39685123749
297,AGNCP,27,0,248600,249800,1142,249305604203
1145,BCFN,1,0,209800,209800,181,209800000000
11418,UBXG,195,0,1200,1450,36558,1362780157
6331,KEP,2876,0,128000,130000,163494,129089225904
1244,BETR,720,0,270000,289000,56722,274799095589
10231,SLXN,675,0,2367,5090,249196,2738058014
6284,KB,164,0,1033000,1045600,4942,1041904755159
5118,HCMA,4,0,101400,101500,301,101499667774
8089,NYT,3210,0,741100,760000,129174,745853095050
6521,KXIN,92,0,54700,57600,9253,56308732303
4121,FIVN,8907,0,200000,225300,581888,216942145739
2458,CPB,9783,0,198300,203900,1159615,199895072588
406,ALAI,4,0,425000,426700,103,426671844660
10679,SUNE,175,0,13800,17200,13288,16572531607
505,AMGN,8629,0,3224800,3366100,253520,3274466510334
5965,ITW,3433,0,2474600,2506100,86732,2486348095282
779,ASLV,1,0,292800,292800,100,292800000000
11052,TLS,1071,0,40800,42000,117149,41642934211
1549,BOH-A,8,0,160200,160600,503,160597614314
11822,VLO,4736,0,2460000,2509700,162613,2490267567168
6735,LLYX,95,0,197100,203400,20508,199744343670
11836,VMD,1316,0,91000,94700,54729,92845189935
1563,BOTT,29,0,551000,556200,576,552888541666
6650,LFMD,1637,0,43200,45100,260272,44196958566
4629,GEO,2382,0,226900,233700,103836,230278797334
9412,REKR,729,0,7432,8100,363221,7747353605
4325,FRGT,168,0,5100,6150,6380,5452049373
5443,IART,2563,0,140000,143900,154424,141227248355
12090,WFF,5,0,18300,19000,1173,18560443307
1817,BYRN,956,0,49300,51800,76898,49823207365
6904,LYV,2292,0,1674100,1699200,67716,1688238341012
9839,SBH,1921,0,117500,120400,125825,118739295052
4752,GLNG,4030,0,567500,575300,249719,571093606013
10092,SHO,1449,0,101200,104100,156586,101528293717
10878,TDS,1242,0,404200,417100,57338,411602248072
605,AOS,4176,0,559900,572400,193471,563735452858
1833,CAAS,31,0,46400,48000,6179,46596811781
1734,BUDA,39,0,91500,95400,3484,92666963260
12007,WARP,44,0,294700,302200,4626,299375832252
6272,JZXN,4584,0,11200,17300,518959,13883515075
3139,DRNZ,55,0,243500,250000,11265,246409063470
9422,REPL,5408,0,47500,54000,828235,51754275537
4335,FROG,4552,0,635000,674700,235967,661624241949
8132,OCGN,689,0,13800,14600,377712,14058177394
3045,DLO,12200,0,109700,122000,1321962,114860272685
8616,PFEB,2,0,420000,426300,119,425294117647
3529,EMPD,1163,0,49700,51400,38609,50798000466
11818,VLGEA,292,0,449000,460000,10083,451740821184
1545,BOEG,47,0,143500,157600,8666,149137756750
6788,LOW,5569,0,2182000,2224800,197080,2194380706819
3810,EXG,501,0,92300,94000,30493,92763129242
11472,UK,7,0,31200,33200,213,31600938967
7093,MERC,121,0,8899,9900,29059,9623627688
4736,GLDN,3,0,171100,178200,1201,178194088259
10975,THD,7,0,711000,713500,82,712406097560
702,ARGT,86,0,862600,881300,4093,872687246518
3059,DMAA,2,0,106000,106100,2,106050000000
8146,OCUL,3008,0,90400,94800,301042,91640006710
6914,MAAS,42,0,98500,105700,4083,102198946852
3619,EQPT,5719,0,236000,245000,435771,240464710134
8706,PIZ,33,0,557400,563900,3558,560366076447
9129,QCLS,496,0,43100,49000,88359,44657932977
7174,MHH,50,0,62700,70900,2351,67360399829
9531,RJF,1417,0,1528600,1559200,37953,1542106157615
4014,FERG,1958,0,2233900,2288500,60242,2248296022708
8921,PROP,1378,0,8400,10100,512474,8907349754
6375,KKR,6966,0,969400,1004600,346991,979028078826
8752,PLTG,147,0,122700,128000,33482,125167699062
3665,ESNT,1466,0,599600,606900,39536,604413499089
7144,MGA,2039,0,598400,619000,100634,606128547011
1958,CCD,63,0,238500,245300,5750,241969600000
12231,WU,1988,0,82800,84800,293378,83317347585
2057,CERT,2900,0,44500,47200,467300,45453105713
2009,CDLR,326,0,286900,294200,32776,289057087503
830,ATH-B,2,0,194300,195000,155,194661290322
11103,TMV,1282,0,405100,413000,77001,410607905092
4409,FTK,760,0,196000,206000,25616,200680555121
9496,RIG,3236,0,67500,71000,1201064,69321404604
6393,KMB,12141,0,955100,980000,687578,960986881924
11579,USFE,1,0,345000,345000,8,345000000000
1306,BHC,658,0,53000,54900,105688,53729921088
6210,JPM-J,14,0,193800,194800,1803,194283361064
394,AKA,5,0,100200,106600,8,102162500000
10667,SUGP,94,0,33000,37000,3867,34876157227
5580,IDT,381,0,519800,533400,6917,524610148908
12006,WAR,2,0,306700,306800,110,306709090909
1733,BUD,5250,0,799100,811900,253882,808093090490
4869,GPGI,2354,0,120200,128000,152178,122459460631
6484,KSPI,1204,0,863000,891700,104169,875323134521
8215,OMCL,1817,0,426400,440700,64905,431850752638
3128,DRH,1501,0,102600,104200,191993,102980158130
10226,SLVO,285,0,884000,913000,14496,890382719370
5139,HDV,1666,0,272600,274500,361167,273326786777
10271,SMMT,5549,0,168400,179100,403952,170427296807
5184,HG,867,0,308500,321800,23050,317501904555
5799,INSM,6512,0,1082800,1158800,355745,1099131346048
10985,THNQ,2,0,779300,779300,3,779300000000
712,ARKK,30888,0,746500,768000,1442486,754409811880
10886,TDUP,1854,0,40300,42100,318388,41054367312
2749,CYPH,401,0,10600,11700,248676,11023589731
6981,MBAI,41,0,17300,18700,4663,17836178425
2597,CSGP,20011,0,316500,330000,1530839,325980182370
2617,CSTM,2272,0,317900,330300,103082,320424456258
7704,NEO,2488,0,82200,84200,182834,82798006935
1310,BHFAL,15,0,167700,168200,997,167908826479
11583,USGG,118,0,167000,192800,9988,179812665198
6496,KTTA,94,0,7801,8151,42359,8001937651
6869,LUNG,237,0,12600,13600,19742,12803469759
12055,WEA,9,0,104500,105000,1060,104770566037
1782,BWA,5193,0,629200,660000,288006,638229669173
1674,BSMU,99,0,217900,218200,4545,218030011001
11947,VTIP,149,0,503600,506400,86430,503740671063
6860,LU,118,0,18700,19200,17365,18944255686
11771,VGRO,1,0,262000,262000,10,262000000000
1498,BMRA,8,0,23400,24100,55,23620000000
11672,VALE,5699,0,158800,164800,3696429,161492713778
3855,FAF,1146,0,661100,672400,33840,669031601654
8942,PS,202,0,393700,436400,12473,412569951094
4556,GCDT,46,0,7000,9200,6040,7651950827
9270,QURE,3993,0,263700,277100,285627,269258562390
5001,GTM,3301,0,37700,39800,1130015,38824729848
6907,LZM,472,0,48700,51200,22406,49432120860
1721,BTR,1,0,271600,271600,6,271600000000
11994,WABF,4,0,248400,248600,4,248475000000
5792,INOD,6248,0,847500,966800,388896,939071109499
10979,THH,15,0,3101,3233,1863,3136104669
706,ARIS,1613,0,180100,189400,102410,182962416756
8304,ORGO,1672,0,23900,26400,377812,24629361428
1952,CC,3648,0,231100,243500,187758,234992724144
4309,FPI,508,0,101400,103500,27580,101861845540
5254,HODL,376,0,222300,228000,156825,223944151123
10440,SPIB,248,0,332800,333100,299377,332863371601
167,ADAML,19,0,241000,242500,2171,242102671579
8206,OLMA,3153,0,130500,140000,185513,134127868127
3119,DRAM,11865,0,498200,519300,1124159,509984788450
3492,EMBC,2714,0,30800,32300,375538,31531317736
8579,PEB,1217,0,139200,142900,91499,140500497273
10811,TAXT,1,0,510900,510900,1,510900000000
538,AMST,11,0,8238,8542,892,8335336322
439,ALL-B,5,0,258100,258200,400,258125000000
10712,SVM,4012,0,132400,143000,316647,136094197639
3770,EVTL,451,0,25100,26600,56662,25731679079
8857,PPCB,115,0,644,759,64500,686000124
5403,HYG,4514,0,794800,796800,3572538,795671726990
2357,CNTY,89,0,13500,14100,4847,13944501753
7444,MSTX,1907,0,341100,384000,250141,354425062264
9518,RITM,1555,0,90900,93500,243238,91280713128
4431,FTSM,83,0,598400,598700,22212,598599351701
8397,PAA,2173,0,224700,230300,268185,228454087663
5857,IPI,314,0,417000,432900,8631,420997277256
9588,RNP,12,0,204100,208000,1032,204894864341
4874,GPK,4542,0,95700,101800,533474,97080871045
9961,SDOT,50,0,1820,1937,83178,1896407403
5892,IRDM,5779,0,412900,428500,348857,418295482102
2390,COIA,11,0,61500,72300,4529,64556855818
2255,CLOV,2973,0,33500,35000,1420338,34246780766
12429,XRX,3452,0,23400,27500,930175,25824384336
7342,MPB,877,0,309600,316600,29120,311040779532
7503,MUR,3950,0,390000,406500,106470,402018263360
5531,IBTR,3,0,245500,246000,116,245654310344
7165,MGRX,82,0,3700,4550,49241,4313286448
4502,G,6856,0,288700,299300,810487,290678878131
9589,RNR,1546,0,2879400,2943600,42020,2912523431699
8825,PNTG,991,0,354800,372300,46002,359242035128
8044,NVYY,153,0,139500,142300,28743,140500093935
4879,GPRE,4908,0,165200,172100,313276,169389116306
6453,KRAQ,4,0,98700,99200,1000,99050000000
4096,FIGS,3299,0,116000,120000,239715,118545230794
4849,GOOY,212,0,151000,152900,33278,152208729490
9936,SCWO,37,0,22000,23300,2571,22594126798
7206,MIST,437,0,14800,16100,161440,15369511892
2020,CDT,54,0,16800,18500,4701,17524867049
12293,XDTE,106,0,395000,397400,22076,396414377604
8558,PDBC,817,0,184900,186900,510358,185694275195
6578,LC,2173,0,154300,157100,97062,155805179163
1491,BMNG,299,0,225000,268300,30860,238958522359
2436,CORZ,25971,0,233800,250600,1945163,239571398900
2337,CNK,3125,0,258000,265100,149306,259952100384
12610,ZLAB,2393,0,200000,213100,108170,207355120643
8054,NWN,463,0,483900,499100,10734,487685913918
2967,DGRS,11,0,546600,552500,1647,547025986642
8975,PSEC,631,0,21500,22200,410615,21939514143
5402,HYFT,116,0,11800,12600,19417,12274331771
4755,GLOB,5285,0,356000,403900,323663,387125490093
5231,HLN,931,0,88700,89600,837307,89305601171
5318,HSHP,467,0,154000,159000,46367,156386736256
5066,HAFN,688,0,85700,87600,83067,86607980305
12555,ZALT,1,0,335900,335900,100,335900000000
2282,CMBT,1444,0,146300,149700,105902,148835910558
7369,MRLN,1674,0,63700,69800,330649,65348187352
10106,SHY,190,0,820600,821200,354104,820678202731
5019,GURE,30,0,38300,42700,1822,39930241492
7749,NG,2764,0,80300,84100,362133,81653196477
6747,LNAI,80,0,2577,2700,85434,2640002387
10961,TGEN,527,0,56000,66000,52321,61086844670
5894,IREG,459,0,198000,238000,51644,209166172256
11080,TMFC,6,0,771500,776800,488,773835655737
807,ASTN,178,0,89500,109000,34417,99368521370
2568,CRS,1742,0,4081700,4237800,29094,4109490193854
7655,NCIQ,12,0,196700,199700,287,197658536585
3440,EIC,17,0,107500,108700,1144,108132342657
8527,PCG-X,5,0,403300,412900,543,408096132596
290,AGMH,30,0,11600,13100,4366,12109390746
2647,CTMX,2059,0,35800,37200,589740,36222332553
7594,NAK,397,0,20400,21300,356413,20730310342
10478,SPTL,256,0,254400,257200,321081,254868025825
10577,SSS,1,0,207200,207200,27,207200000000
304,AGQ,2747,0,1151500,1305000,386322,1179646381774
3914,FCNCA,621,8,19164200,19490000,3218,19319251274083
9001,PSN,1304,0,500600,511200,49147,503616464891
7911,NRSN,10,0,7900,8499,12959,8116115055
2824,DCOM,1193,0,354300,365100,20005,356551382154
11163,TPHD,7,0,409100,409100,634,409100000000
890,AUUD,24817,0,12500,23800,7882007,19927065517
5977,IVES,118,0,359800,368200,7213,363622029668
7974,NUE,3171,0,2261200,2316900,79624,2273942517331
3260,DXCM,19535,0,590300,631800,1374212,616287728385
8347,OTIS,5980,0,706500,729000,274236,712450883545
8222,OMH,9,0,8500,9300,320,9007365625
7597,NAMM,170,0,14400,15500,19413,14833266367
2293,CME,7778,0,2978900,3046800,233978,3001299213601
11089,TMNL,1,0,497500,497500,200,497500000000
816,ATCH,119,0,2165,2380,43039,2252546271
5903,IRMD,709,0,857300,877600,27217,866862119263
531,AMRC,1425,0,317300,343700,74172,333715779539
6830,LRN,629,0,865000,900100,16477,886011956059
4473,FWDI,2175,0,44000,49500,242024,45792019799
705,ARI,672,0,107400,110000,116844,108502489644
10978,THG,647,0,1918700,1965600,13681,1943374877567
11077,TMED,1,0,303100,303100,12,303100000000
804,ASTI,669,0,45000,50000,79037,46610887305
5891,IRD,1181,0,46900,51200,126313,47830220959
12065,WELL,2530,0,2132100,2170000,58039,2147025295060
280,AGIX,543,0,430800,440500,33338,436213321135
2551,CRIS,44,0,4902,5100,30648,5006632243
7638,NBP,672,0,18100,19200,152612,18287078342
4654,GGLS,266,0,51900,52600,313936,52181005682
4840,GOOD,1006,0,122500,124500,60580,123244082205
9554,RMAX,2484,0,87500,91300,123480,89599343213
1638,BRX,2384,0,292000,294300,101985,293024070206
11911,VSAT,5148,0,692500,729800,211398,700171700299
3751,EVLV,3776,0,55200,58000,791744,56815713538
8838,POM,64,0,1042,1391,32852,1177962498
6133,JHAI,6,0,325900,328700,787,326455527318
8566,PDI,494,0,166700,169100,60839,168088433406
3479,ELS,1978,0,611000,620200,88488,613572538649
10987,THO,1033,0,737700,754000,30818,744184174832
714,ARKQ,184,0,1319600,1350000,8827,1328518579358
5801,INSW,838,0,834500,852600,20404,843151127229
6080,JBI,1353,0,46800,51000,98191,48079765966
7654,NCI,243,0,9900,10900,24789,10770745976
12025,WBUY,50,0,11600,12100,2399,11793622342
1752,BUG,2015,0,307400,318800,141020,314397739327
5327,HSY,2896,0,1860500,1906500,101578,1875943075272
4805,GNE,190,0,130500,135900,6993,134102216502
11899,VRME,4,0,7000,7290,314,7089872611
1626,BROS,4863,0,490600,519600,234734,512396070019
8585,PEBO,1308,0,327600,332500,36585,329737693043
46,AB,44,0,380500,384700,2244,381942156862
10319,SNGX,145,0,3500,4002,81449,3680332367
2930,DFLI,498,0,18000,19100,69804,18478726147
8017,NVDS,485,0,188300,197100,113500,193131245814
3503,EME,1239,0,8949900,9150200,12849,9102219550159
10052,SGDJ,17,0,895900,925000,1152,910299826388
4965,GSK,8493,0,493900,506900,529296,497002428319
6458,KRE,24933,0,664200,679100,2267384,668987147038
11545,URNM,485,0,599100,619100,40997,608028443544
1371,BITS,11,0,688000,706100,1485,702247744107
8186,OILK,12,0,593000,597000,1393,594354055994
293,AGNCL,10,0,248800,249500,697,249028407460
10566,SSG,273,0,136400,143500,25410,139994966548
8203,OLB,68,0,4062,4687,17759,4449460611
3116,DPZ,3875,0,3001100,3090000,92685,3039560606354
12453,XTN,7,0,1003800,1016300,402,1010187064676
2180,CI,7246,0,2849100,2956600,192078,2890373875196
2081,CGABL,23,0,167300,168100,3838,167599035956
12354,XLRE,4135,0,431700,438400,599003,433612340171
7267,MMED,897,0,106500,110800,82444,108794551453
5542,ICHR,2486,0,684800,739100,108790,724498096332
10629,STRC,3228,0,963500,993300,665962,991455430940
10815,TBBB,493,0,358500,369600,21873,364202976272
542,AMTM,3377,0,226300,232500,156453,228304412826
7613,NAVI,1854,0,80200,82900,130489,81737146426
2526,CRCD,533,0,26000,29400,140513,27665563328
3261,DXD,140,0,191400,193900,39866,192363660763
8348,OTLK,234,0,2180,2300,97139,2246457704
10549,SRV,16,0,493000,506000,1301,499002229054
276,AGI,14527,0,396000,423100,523446,404072101038
177,ADCT,649,0,32000,33500,66212,32613363136
10450,SPLV,3102,0,723100,731800,421091,726347617735
5363,HUN,3198,0,136000,141200,239877,138112620634
7326,MOH,1615,0,1838400,1883500,87179,1852298840317
2239,CLIR,63,0,47100,49900,2533,47998815633
6702,LIN,7122,0,5042100,5176800,178651,5074072180956
6123,JFLI,3,0,531500,534000,13,533807692307
2087,CGCP,110,0,221800,222100,38806,221848920270
12360,XLV,14794,0,1445000,1471500,822459,1457483674687
12459,XTWY,3,0,359900,361000,3,360400000000
2186,CIEG,17,0,136700,145000,3228,141988537794
575,ANGX,396,0,27100,28400,57909,27531982938
6540,LADR,1494,0,98600,101000,115325,99035612399
8568,PDM,659,0,77800,80000,39517,78392517144
6427,KOID,161,0,402400,414100,11797,405202627786
6314,KD,3626,0,110200,114500,308714,112557201811
1128,BC-C,5,0,245600,245900,324,245785185185
11401,UAE,203,0,188400,190000,15318,189068501109
7368,MRKR,31,0,14100,14500,1010,14304455445
1908,CAVA,2950,0,747500,778600,117521,767721877792
397,AKAN,109,0,194800,239100,4113,219117286652
12082,WFC,16836,0,727800,740500,836391,734153489217
1809,BXSL,2660,0,239000,242100,141976,240767743844
6896,LXRX,1125,0,22200,23200,236479,22502934721
8043,NVX,124,0,6180,6483,69019,6258917631
3329,ECL,2876,0,2460000,2501100,74491,2485433111382
8416,PAGS,3485,0,86600,92600,456951,88287321616
10474,SPT,2663,0,58000,62900,210251,61914788990
5760,INDP,227,0,15200,19000,15975,16721101721
3556,ENS,698,0,2291600,2370500,16825,2332536285289
3485,ELVA,1606,0,92900,107800,189808,99050993108
8199,OKTA,7615,0,804500,838200,391129,825828466311
1791,BWIN,2825,0,196100,203700,194254,200524887518
9682,RSSS,155,0,21900,26800,51778,22830335277
4595,GDXJ,12220,0,1154700,1220000,488492,1172673648903
4867,GPC,3148,0,928300,971900,105385,937087653840
211,AEFC,46,0,194700,195600,2862,195165932914
10484,SPUS,261,0,565400,572600,46702,569063082951
5397,HYDR,179,0,630500,665000,11147,648277401991
5278,HOVR,2139,0,22000,24400,412236,22411111596
5984,IVR,733,0,79700,80800,131271,80180574536
897,AVB,1606,0,1804100,1843800,48205,1814511158593
9692,RTB,19,0,59700,62500,410,59910975609
2621,CSX,15749,0,452500,459400,1619774,456387377436
8562,PDDL,13,0,177800,185000,1453,181733654507
3475,ELMT,433,0,153600,160700,34439,155458976741
6383,KLIC,2516,0,984600,1023600,93497,1012044383242
2548,CRGY,4731,0,126600,131400,548503,129275506423
7262,MMA,29,0,5200,5613,5439,5540782680
10065,SGRT,3,0,351400,358300,201,351981592039
1511,BNDC,2,0,219000,219000,232,219000000000
11784,VHUB,259,0,11900,13900,55019,13065210200
11883,VPC,2,0,158300,158300,2,158300000000
1610,BRIE,25,0,289700,292500,2300,290052173913
7462,MTEK,117,0,11200,12300,15823,11664867597
12648,ZWS,1197,0,479900,492500,40889,485404661400
2375,CODX,200,0,12800,15100,30280,13490333553
4112,FISV,17604,0,527500,557300,1206366,551316772521
1633,BRTR,61,0,497700,498400,4915,497992268565
11906,VRTL,290,0,1930000,2121000,6356,2034311894273
2322,CMU,9,0,34500,34700,1025,34591317073
12595,ZIM,377,0,254400,257900,19813,256333831322
2421,COPJ,155,0,424900,439100,8840,428483076923
1658,BSET,173,0,140000,143400,4943,141677989075
11931,VSTL,86,0,229000,239400,6578,234251687442
1757,BULL,8749,0,69500,72100,2609604,70404977191
11366,TXG,9485,0,209400,216800,606399,212641617317
1093,BBDC,405,0,85200,86400,28376,86045993092
1592,BRBI,12,0,136800,137500,506,137093478260
11865,VOD,3045,0,146800,151000,896852,147731616922
8762,PLU,99,0,453000,504000,3061,486422770336
3675,ESTC,5045,0,491000,515000,240812,507275459694
6398,KMLI,90,0,71000,75700,5074,73050137958
4697,GILT,1977,0,150300,157500,132609,152581633222
1076,BBAI+,9,0,5150,5400,901,5212874583
11349,TWI,853,0,75600,77200,46588,76198787241
2453,CPA,789,0,1304100,1346200,27856,1322105094055
2159,CHPT,699,0,63500,67500,44703,65703286132
7246,MLGO,3147,0,37800,68600,198742,51703642913
3974,FE,5491,0,437300,454200,231414,440810473869
9061,PVH,1220,0,792500,810000,49451,800385023558
2048,CENX,6666,0,558800,598300,281446,571443536948
6757,LNT,7132,0,708800,724200,312457,713455366338
4923,GRNT,398,0,53800,55000,32831,54458033565
10010,SEPN,1500,0,262800,286000,98332,271060802180
9637,RPRX,10064,0,520100,530200,726052,526431495540
2566,CROX,3802,0,947500,980000,188144,954078168849
11535,UPXI,444,0,13700,14700,399285,14169774722
6821,LRCU,16,0,520000,558100,747,528654752342
11022,TIPZ,3,0,527600,527700,295,527668135593
749,ARVN,3193,0,88700,93700,249326,90394744230
5836,IOSP,888,0,777200,798100,28852,782130919866
315,AHG,65,0,17700,19500,9570,19218641588
10588,STAG,1283,0,376100,380500,45085,378166223799
5501,IBM,6179,0,2171100,2208000,170347,2192950206343
10261,SMHX,138,0,551800,565000,13074,557180472693
5174,HFGO,15,0,292000,294000,2143,292671675221
7904,NRGV,3784,0,56000,61400,547876,59194046828
8888,PRCT,3561,0,258400,268400,191867,262293875444
6531,L,1289,0,1053100,1066200,28561,1058090329470
6172,JMIA,1609,0,70000,72900,139885,71038678914
7045,MDA,540,0,374800,389500,26033,380155487266
11534,UPWK,3264,0,79900,82500,404827,81329101072
8195,OKE,6327,0,910000,926600,227528,919877862065
6566,LB,345,0,670100,696000,12525,686199560878
1007,BABW,1,0,291900,291900,100,291900000000
11280,TSMU,167,0,681300,710000,13478,692829410891
4681,GIB,672,0,619000,636500,27583,631671692709
9768,S,8202,0,162600,173700,653724,169153920614
9940,SCZM,528,0,85300,89700,49870,86956097854
4853,GOTU,160,0,18700,19500,23538,19209643979
8573,PDS,203,0,928500,949500,9056,941044456713
3486,ELVN,1603,0,411000,429500,71878,415393949469
7478,MTSI,4617,0,3627800,3876700,144676,3776625750642
2391,COIG,253,0,77700,91800,59086,81828394205
10128,SILC,482,0,455000,500000,21037,475296981508
3451,EIS,57,0,1296600,1305700,1861,1301498925308
5550,ICOP,297,0,516400,537000,18839,521126779553
12066,WEN,4964,0,78600,81200,851453,80083500909
12165,WPC,1483,0,728400,733900,45893,730783435382
1892,CART,10781,0,380000,400200,793511,395090989538
281,AGL,573,0,735000,848800,19632,810640041768
5368,HUT,8046,0,996200,1072000,545606,1021137882831
9709,RVI,172,0,505700,580000,24369,533233128154
4622,GENI,1526,0,40600,43600,170959,42744266754
3257,DX,1264,0,129000,131200,184590,129753493688
4881,GPRK,536,0,95800,97600,18387,96290237667
9968,SDSTW,2,0,1010,1010,200,1010000000
6968,MAX,753,0,79500,82500,32966,80510407692
12527,YNOT,4,0,325100,325700,313,325487220447
2254,CLOU,255,0,216400,223900,13978,221239204464
9325,RBC,1921,0,5657200,6300100,29809,5882505458083
4944,GSAT,3660,0,815500,822000,214639,818658241978
12015,WBD,5053,0,269400,272000,1578863,270370187913
6928,MAGX,8,0,609700,616000,431,611246635730
5597,IEFA,6507,0,950900,956300,836573,953048466780
8663,PH,1818,0,8560900,8740100,25687,8619220601860
3576,EOT,5,0,168300,171000,358,169206703910
12185,WSBCO,1,0,257700,257700,79,257700000000
1912,CBC,2524,0,264300,269100,116905,266464563534
4269,FNKO,1238,0,49400,52000,96790,50338756069
9356,RCT,53,0,5900,6030,18640,5968072103
4637,GEVX,32,0,710000,742700,1887,721766825649
9724,RWAYL,5,0,250500,251200,340,251196176470
2710,CVV,564,0,47300,57200,62407,51523563061
5896,IREX,215,0,355400,426300,15941,391475641427
809,ASTX,811,0,267700,334000,79435,298898081450
3198,DUK,6397,0,1208900,1239400,224512,1215183359018
11624,UTMD,24,0,631100,641000,109,634421100917
1351,BIOA,1670,0,173800,185000,73013,176169365729
6438,KOS,1637,0,29600,32600,616271,31214269371
1825,BZQ,12,0,108400,110700,2018,109128840436
12098,WH,1126,0,796800,809900,33706,800879905654
1715,BTO,5,0,355500,355500,208,355500000000
11988,VYX,1797,0,66500,70300,140545,67753611298
6901,LYG,1487,0,50300,51100,3306558,50563856070
2560,CRMU,132,0,78100,89800,22976,80706824512
7647,NBTX,150,0,496800,522900,14662,510289537580
8019,NVDW,35,0,436000,445000,2586,440462645011
1601,BRES,3,0,262900,263800,257,263333073929
11874,VOR,1770,0,145000,154500,142143,148104537683
3887,FBRT,1712,0,89700,91200,129772,90256197022
6479,KRYS,1635,0,3060000,3200000,37283,3087983751307
11665,VACHW,1,0,1500,1500,100,1500000000
1392,BKAG,31,0,415700,416900,1750,415903828571
7350,MPT,1045,0,49700,51100,222763,50194895471
12536,YQQQ,43,0,103200,104400,1733,103581477207
2263,CLS,3628,0,3570000,3731900,106882,3613374112572
6503,KURA,2551,0,91800,97400,163530,93687259830
11689,VBCG,1,0,750000,750000,100,750000000000
1416,BKNG,42726,0,1530500,1566300,702148,1544262780496
7026,MCHP,37375,0,936900,955900,1569021,943044939678
2346,CNP,4644,0,413300,423200,221133,417167309266
12619,ZONE,115,0,5650,6332,21975,6058543026
2445,COUR,2064,0,50200,53000,278324,51728655092
5290,HPP,1923,0,110900,118000,84207,113407109860
6554,LAR,2211,0,96200,100200,213188,98381473159
11641,UWMC,1571,0,29500,30200,469656,30005475496
4725,GLAD,814,0,191000,193100,19491,192007506028
9812,SATA,373,0,999200,1000100,46034,999870487031
11861,VNT,2893,0,277800,286000,164428,282283004111
1588,BR,3791,0,1429500,1473200,168083,1457616805982
6675,LGO,346,0,9685,10100,90393,9936651709
6302,KC,2633,0,153000,157300,330240,154549609980
11488,UMBFO,10,0,268000,268500,589,268008488964
1215,BEEM,617,0,15400,18200,47115,17513085004
1820,BZAI,2376,0,12900,17300,1490746,14223740999
12093,WGMI,722,0,565500,599500,76113,576801644922
8764,PLUL,53,0,263100,319100,11854,273842264214
3677,ET,2942,0,201500,204600,526646,202341839679
1358,BIPH,10,0,163400,164000,700,163785714285
11631,UUP,71,0,277200,277700,51338,277454158712
1457,BLSH,2693,0,355000,390000,206849,369369782788
6421,KNX,7129,0,659500,693500,475141,684777527091
1235,BEPJ,1,0,249800,249800,99,249800000000
11508,UNMA,14,0,231800,232800,308,232198376623
7535,MXCT,658,0,10100,11100,150064,10365571356
7908,NRO,33,0,29400,30000,6839,29408685480
4619,GENB,1953,0,146600,219800,160692,168323939586
12382,XOEF,5,0,283000,283400,5,283300000000
2109,CGNT,1799,0,93600,99500,94034,96979240487
1264,BFOC,1,0,172300,172300,500,172300000000
11537,URAA,40,0,337000,355000,5536,340064288294
6450,KPTI,2186,0,75200,88400,233024,79670390603
6617,LEG,1103,0,91400,95800,153574,92227916183
5261,HOLO,286,0,16600,18000,52732,17007560873
10447,SPKLW,18,0,6900,8300,7939,7564617458
174,ADBU,3,0,246400,254400,553,253633273056
6351,KGEI,1715,0,55000,61700,101721,59635377159
10498,SPXT,2,0,1076400,1076500,1000,1076450000000
225,AER,1322,0,1386200,1414000,68145,1400182606207
5312,HSBC,6016,0,878900,893200,236965,883069576097
2582,CRWL,160,0,375600,419500,18502,407252794292
2564,CRNX,2341,0,364600,381100,150153,368428424340
12226,WTRG,3341,0,369900,377500,149745,373011018064
1953,CCAP,3244,0,110300,120500,163794,112512957739
3806,EXE,7132,0,964800,986900,361069,968667746884
11722,VEA,4627,0,688900,697500,472257,691123271862
1449,BLNK,412,0,8201,8825,269959,8434001648
6536,LABX,118,0,500000,642000,13951,583029223711
9694,RTO,3495,0,314500,318000,315086,315672270745
12169,WQTM,45,0,338000,350200,3785,341077780713
7082,MEI,2111,0,101500,108700,120940,104985319993
1995,CCU,107,0,113600,116100,5662,114365683504
2741,CXW,1801,0,205200,212500,105336,208627140768
5746,INBX,1515,0,1022700,1164400,51682,1068069668356
869,AUBN,14,0,238000,240400,1150,238743652173
11142,TOST,13161,0,228000,235500,795558,231892395526
11987,VYNE,57,0,6630,6710,18513,6693307999
1714,BTMWW,34,0,140,200,378078,144573818
6801,LPG,912,0,397900,410000,26420,406056847085
10976,THEQ,1,0,296000,296000,169,296000000000
703,ARGX,2968,0,7979500,8202900,42593,8081444361749
604,AORT,1165,0,223400,232900,59119,229652375716
10877,TDOT,9,0,159700,162000,581,161253012048
8447,PATN,23,0,337800,350000,1778,339994938132
3889,FBRX,630,0,216300,240000,27536,227225443056
1166,BCSF,317,0,133300,134400,15119,133696104239
11439,UEC,11502,0,136400,145100,992953,138992486250
2011,CDNA,2187,0,197300,207900,109519,199616766953
7098,MET,7009,0,783700,798500,203206,792654229697
2556,CRMG,244,0,49100,53600,92933,52018368071
6092,JCI,6267,0,1417300,1444700,214863,1426810541135
11278,TSME,20,0,459700,462300,2222,460408730873
1005,BABO,14,0,100200,103000,2210,100955972850
3735,EVC,2491,0,77700,88400,177082,80404984131
7282,MMT,75,0,44600,44900,4730,44666405919
4273,FNUC,1153,0,21000,25000,432920,22477876281
3864,FAST,10969,0,430100,440000,637627,432995587859
11498,UNFI,730,0,504200,515300,24178,507787215650
1405,BKHAR,2,0,13600,13600,1300,13600000000
11678,VANI,191,0,11700,12000,30475,11826132895
12127,WKSP,45,0,7678,8000,27986,7966469591
1854,CAKE,3889,0,577000,598800,180840,593469725724
6941,MANH,1831,0,1282000,1323500,62711,1308043448517
6568,LBGJ,58,0,8784,10000,15556,9260357225
9788,SAGT,150,0,9001,11200,30570,10110714098
4701,GIPR,15,0,2535,2686,3959,2560624400
5437,IAG,6603,0,167600,178600,534243,171049500508
3531,EMQQ,2,0,327900,327900,37,327900000000
8618,PFFA,207,0,215600,218400,15162,216271646220
1436,BLDR,4081,0,698900,721100,177462,706195923634
11709,VCRB,254,0,764900,767100,23901,765565256683
7840,NN,6758,0,196700,218500,474185,206977032592
2281,CMBS,5,0,484400,484600,400,484500000000
12554,Z,9520,0,368000,381500,560258,377006930735
9017,PSTV,250,0,50500,57000,20828,52654849241
8549,PCT,10558,0,118900,129300,1244915,124466732588
11853,VNO-M,9,0,174500,175200,848,175160377358
1580,BPRE,34,0,151100,161800,3724,159236600429
2936,DFNS,185,0,4261,4553,83239,4386189622
7436,MST,74,0,312200,342700,8514,331725088090
2250,CLOC,2,0,250300,250600,300,250400000000
12523,YMAT,1102,0,13000,23600,280682,17520423112
12622,ZROZ,191,0,601600,611500,16429,604058360216
2349,CNR,893,0,821300,856500,29884,831705186721
2083,CGBD,762,0,111000,112800,70978,112037567978
7329,MOO,97,0,810900,819700,8443,813768767025
6956,MAS,6077,0,649700,680300,262212,653740633533
12043,WDCX,73,0,763000,830000,4611,803819084797
1869,CANE,182,0,98900,100000,46516,99505464786
1397,BKDV,28,0,320800,321600,5401,321144973153
11670,VAL,1949,0,1012000,1059500,106073,1041636865177
11769,VGMS,6,0,508800,509800,545,509014678899
1496,BMOP,15,0,246400,247700,3585,247283988842
6583,LCDL,37,0,7940,8400,17644,8056603717
4599,GDYN,4422,0,63500,68300,557246,66801146172
12130,WLDS,43,0,9310,9700,30736,9490013111
1857,CALF,1815,0,465200,469300,72679,467121033586
2603,CSIQ,5943,0,169200,181500,677028,176085992750
7690,NEE,13160,0,927100,960000,590462,933999636894
6462,KRKR,19,0,33600,36800,2180,34398119266
1716,BTOC,28,0,2781,2849,3303,2842385104
11989,VZ,13263,0,463500,474800,1097018,468329010189
9413,RELL,4003,0,166400,198000,280271,181363382940
4326,FRHC,216,0,1393500,1421500,3117,1408708533846
6286,KBAB,32,0,104000,111000,4475,105629027932
727,ARMK,6904,0,522500,537000,429833,530059712027
11000,TIC,2810,0,84700,92700,190857,87391952089
5913,ISBG,2,0,206100,213200,229,206999126637
10983,THMR,4,0,267100,269000,400,268275000000
710,ARKG,7062,0,280500,290100,372465,282906068758
392,AJG,4016,0,1963100,2009700,131398,1984315100686
10665,SU,8220,0,669900,683700,449938,679508442718
10764,T-C,49,0,183900,184500,5009,184181593132
491,AMBQ,1049,0,668700,736000,44410,710332594010
5578,IDR,1331,0,380100,425500,35121,394658244355
539,AMT,4070,0,1674000,1723200,153086,1701973656637
440,ALL-H,8,0,203000,203900,793,203395586380
10713,SVOL,52,0,158800,159700,4109,159299586274
6705,LINE,2546,0,378900,410000,120186,384818649426
1146,BCG,92,0,18100,19600,10423,18679286193
11419,UCAR,98,0,12900,14300,28122,13559199203
10073,SHAZ,928,0,504000,561600,85374,525412381989
11015,TIP,1173,0,1104800,1110200,327711,1105946523918
10729,SWMR,592,0,284100,316200,47261,299183929667
5642,IGM,970,0,1530100,1560000,53877,1543425099764
9392,REAL,4695,0,88800,93700,420414,90609585551
11156,TPCS,19,0,39600,40500,1160,39878620689
883,AURA,1751,0,75900,81900,88098,77120606597
5970,IUSV,1584,0,1080500,1090000,42070,1082476246731
4203,FLUT,4585,0,915500,946200,283870,929811199140
8306,ORIC,2528,0,80400,85500,176767,82039696323
11695,VBIO,180,0,8503,10500,33997,9929719181
1422,BKTI,199,0,808800,856600,3425,837335620437
9573,RMSG,84,0,12500,13200,5199,12641873437
11930,VSTD,199,0,5039,6649,40273,5910791597
6843,LSPD,489,0,86600,88600,31565,88217421194
6219,JPST,38,0,504900,505000,13747,504906619626
1033,BALI,38,0,335200,336900,3720,335977069892
11306,TTE,2369,0,907400,923200,121610,915998451607
11405,UAPR,2,0,347900,347900,481,347900000000
1132,BCAR,1828,0,104600,109000,512452,107552494672
8993,PSKY,7846,0,98100,101300,2477079,99089106685
6837,LSCC,5421,0,1190000,1224500,323005,1206547767372
1651,BSCU,25,0,166400,166500,11855,166434162800
11924,VSME,3,0,8399,8900,640,8876515625
8337,OSUR,1653,0,29700,31800,322581,30446603178
1167,BCSM,4,0,227200,228300,400,227625000000
11440,UECG,95,0,79400,86000,16144,81658919722
3623,EQT,9606,0,561100,570300,458331,565115649170
10694,SUZ,666,0,82100,88400,128207,82940300451
520,AMP,1420,0,4685500,4756200,20599,4722413495800
8677,PHR,3189,0,84400,90300,205132,88332931965
939,AVRE,5,0,466400,467600,896,466871875000
11212,TRON,490,0,20800,21900,52812,21164417177
10565,SSFI,2,0,211800,211900,120,211816666666
292,AGNC,3361,0,103300,105500,1716158,103671543179
7276,MMM,5496,0,1436500,1468400,237011,1461644351106
12462,XV,3,0,244500,244500,126,244500000000
2189,CIFG,407,0,105400,119900,64552,112261730078
2562,CRNC,2458,0,96100,103500,159445,98169979616
9633,RPGL,400,0,2611,3895,90992,2989109460
10884,TDTH,17,0,14700,16200,1039,15587199230
611,APA,16529,0,372100,390500,1094568,384277589697
512,AMKL,13,0,187400,195000,529,189442533081
10785,TALK,128,0,51800,52600,103065,51937549119
5698,ILPT,1226,0,76500,79500,81020,78398815107
12014,WB,906,0,81100,83100,133218,81642243540
6927,MAGS,6990,0,694800,706500,472300,699864644082
12113,WIMI,95,0,14800,16100,67055,15349548877
1840,CACI,980,0,4864400,5100500,22404,4913900910551
5447,IAUI,40,0,551100,558300,3147,553637368922
7804,NKTR,3175,0,694000,744000,187636,706528984310
2717,CWCO,871,0,287000,291200,26975,289530354031
10315,SNDX,3966,0,201600,208800,258235,202944890506
12001,WAL-A,18,0,237800,238400,1037,237972034715
1728,BTX,259,0,84800,87600,11966,86694225305
1803,BWZ,1,0,270600,270600,100,270600000000
12076,WEST,2119,0,80800,85600,184884,83148872806
6989,MBC,2388,0,69400,72900,201160,70189117617
12175,WRB-G,11,0,164000,165100,738,164409349593
1902,CATF,1,0,499500,499500,100,499500000000
11783,VHT,227,0,2705500,2745000,3758,2718051197445
1510,BND,1609,0,727000,730200,491199,727400998373
6597,LCTX,236,0,12300,12800,36886,12524605541
6224,JQC,54,0,48000,48000,10595,48000000000
1038,BAM,7360,0,478500,488900,284752,483043259748
11311,TTI,1746,0,102600,109900,104487,105702616593
10141,SIRI,5627,0,255200,262200,456826,257640923677
5054,GXRP,67,0,277600,281800,6627,279358970876
2559,CRMT,262,0,110100,121000,14738,112326082236
9630,RPC,1014,0,82300,85200,55719,83008246738
279,AGIQ,1,0,234100,234100,4,234100000000
10552,SRZN,439,0,275000,295500,9913,283699152627
4703,GIS,9661,0,329200,336800,762529,331137445526
11774,VGT,3443,0,1122000,1148900,171514,1136638008559
11873,VOOV,29,0,2155500,2165100,1012,2159886363636
1600,BREM,1,0,510700,510700,1,510700000000
7585,NA,115,0,24000,26100,6121,25206632903
9942,SDA,182,0,6950,9700,27382,7606902052
4855,GOVI,40,0,266600,267300,9743,266949799856
5382,HWC,6202,0,633100,661800,209650,641073090388
6372,KJD,5,0,227200,232000,454,229337665198
11459,UGRO,153,0,45300,55000,12131,49259945593
8435,PANL,3562,0,80700,84800,242898,82545065006
8660,PGY,8192,0,130500,136500,506013,134454351568
11999,WAI,8,0,19500,20000,1534,19843546284
1726,BTTC,18,0,12300,12700,877,12515051311
4083,FIAT,28,0,199700,213000,2977,208430836412
9170,QLDY,155,0,465100,472700,17366,466879540481
10176,SKWD,1309,0,452700,465300,44709,459637630007
2,AA,6014,0,617700,644700,252609,623240419383
974,AXIN,1,0,102500,102500,2,102500000000
11247,TSAT,458,0,507600,529000,19952,520228433239
6390,KLXE,1340,0,39100,41900,49550,40452466195
8130,OCFC,2972,0,179500,185400,188485,181442038889
5773,INFY,2662,0,117500,121400,657899,120412710613
6898,LYB,8511,0,732700,760000,513070,748595671350
3288,EA,8364,0,2000000,2012500,184058,2005707368872
7315,MOB,235,0,53100,58400,20757,54867326684
173,ADBG,377,0,42200,46100,177287,44751458933
8384,OXSQ,534,0,16500,17500,247025,16767295617
7367,MRK,14426,0,1109500,1140000,579087,1115670006752
8430,PALU,86,0,249900,282000,6312,268498954372
8255,ONON,10883,0,360000,376300,796938,371477110013
5525,IBTK,8,0,194700,194900,6236,194882809493
3541,ENGN,1384,0,16300,17600,268664,16954144954
8628,PFIS,206,0,560000,578000,6925,567785935018
5784,INMB,884,0,15500,16700,111303,15831182447
598,AOM,43,0,490000,491000,3349,490257360406
10871,TDG,1445,3,11436700,11740100,15880,11532852833753
3427,EGO,4716,0,315700,332500,232636,319046409841
22,AAME,28,0,22500,23600,370,22670000000
10295,SMX,578,0,80000,102500,31558,86876202547
9750,RYAM,1806,0,87200,95000,131418,88629538571
12206,WTBN,12,0,250000,250500,865,250220809248
1933,CBRL,4270,0,288000,310100,264947,304083869604
7020,MCGA,35,0,102100,102300,9818,102190446119
10595,STCE,16,0,706900,718800,709,711486600846
322,AHRT,966,0,64100,68000,85327,65112695864
7313,MO,12461,0,722500,732000,575012,726883836337
2127,CHARR,1,0,1288,1288,10,1288000000
12400,XPER,1096,0,76400,81300,58298,77271014443
4419,FTNT,14588,0,1196100,1233100,731867,1223311805696
11251,TSCV,1,0,298300,298300,24,298300000000
978,AXP,6234,0,3103400,3154600,133758,3138457144993
879,AUMI,15,0,915000,927900,2323,919808566508
11152,TOYO,613,0,114900,131100,47972,122686056449
5727,IMSR,4698,0,71500,78800,493310,73968476211
10532,SRFM,169,0,11900,12400,42157,12001240600
5445,IAU,4396,0,848600,860000,293169,854876814738
10631,STRF,78,0,1001000,1006000,7469,1004077922077
358,AIO,14,0,260000,264000,588,262476530612
3461,ELBM,97,0,5897,6100,49646,5963726765
6459,KREF,647,0,63000,65000,39259,63587004253
11546,UROY,1039,0,37200,39000,492736,37769005715
11645,UXIN,249,0,25400,26300,6639,25618752824
1372,BITU,990,0,151500,160500,194294,154712118747
8125,OCC,540,0,115100,126900,51746,119646241255
7207,MITK,5354,0,133200,146800,232452,142522545299
12294,XE,8435,0,270000,290300,772896,274921122764
1648,BSCR,42,0,196600,196700,6178,196602347037
11921,VSH,5528,0,357500,376700,279074,369224904863
6834,LSAK,295,0,47400,53000,60225,48660542963
6535,LABU,742,0,1709600,1874900,34400,1745734819767
11721,VDV,2,0,759100,759100,100,759100000000
1448,BLNE,1961,0,10600,17500,381312,12824590099
7148,MGIH,16,0,14200,14800,9154,14280096132
450,ALMR,385,0,215000,225900,25172,217430104878
5537,ICCM,68,0,2200,2400,66013,2336987426
7896,NRDS,5932,0,73300,78800,428155,76815764384
4828,GO,5644,0,72900,79200,731423,74767212406
1124,BBWI,6843,0,170700,180000,470471,173478961508
11397,UAA,3148,0,50700,52500,659858,51660866428
6683,LHX,2760,0,3032200,3098600,55280,3054887832850
6881,LVS,7046,0,503600,512200,334369,509714419398
12440,XSOE,28,0,461600,465700,1631,464303188228
2167,CHRW,7195,0,1597800,1664900,332575,1639004151244
2068,CFFI,89,0,720000,756400,352,738505681818
12341,XLC,14637,0,1159100,1170400,518272,1164697698119
9486,RHLD,463,0,1025200,1071400,24219,1051120405466
4399,FTGC,420,0,296700,297900,41143,297474165714
1570,BOXX,390,0,1166800,1167600,72953,1167323208092
11843,VNDA,1677,0,62300,63900,154014,62899212409
10489,SPWO,48,0,320000,325000,2337,322657381258
216,AEIS,4589,0,3228500,3390000,112338,3262809907600
117,ACIU,950,0,27400,28200,62860,27971781737
10390,SOXL,146896,0,1606600,1752500,4493309,1674096364794
5303,HRI,1012,0,1341100,1402800,26565,1380886877470
2696,CVLT,3110,0,998100,1041000,124047,1028564027344
7783,NIO,1944,0,60300,62500,1071512,61203978490
5053,GXPT,25,0,319600,325000,4318,321625220009
10612,STKE,322,0,19800,22500,24678,20602317853
339,AIFC,324,0,9480,10200,56332,9906680057
240,AFG,536,0,1332300,1344200,15097,1337563714645
10513,SPYV,2628,0,598200,601300,251115,599440639945
11575,USEG,110,0,9146,9703,35888,9585409384
6488,KT,1010,0,195900,198300,50477,196945874358
9218,QQQU,29,0,610300,622300,1318,615877996965
4504,GAB,147,0,55300,60000,12633,55445674028
8656,PGR,4138,0,1972500,2025600,116298,2007195562262
9043,PTON,4405,0,50700,53800,1170214,52628663475
3956,FDMT,1926,0,91500,97100,120768,92845863970
9746,RXST,1936,0,54300,56900,127606,55931379402
9902,SCHX,722,0,289900,292000,847849,291008005081
2831,DD,6297,0,489300,500300,276796,493658204598
8457,PAYC,1829,0,1329800,1404500,56897,1376811482151
3743,EVGO,641,0,18600,19300,329229,18980183094
8830,PODC,72,0,35000,37900,16891,36251998105
6185,JNUG,301,0,1772200,1970000,17113,1849601034301
999,AZZ,359,0,1407800,1439500,7102,1414835694170
11272,TSLT,13489,0,207200,224600,372810,215306833775
11371,TXO,132,0,125300,131000,10396,129490717583
1098,BBH,22,0,1816900,1858500,1497,1823017100868
10486,SPUU,7,0,2115000,2136200,27,2132414814814
213,AEHL,3598,0,33500,51000,522247,41539800324
5300,HQY,2079,0,816600,828900,120386,822016517701
9602,ROBN,150,0,192500,202400,22696,197317042650
10274,SMN,1,0,105200,105200,200,105200000000
1,A,2394,0,1114400,1132500,71220,1119566659646
10175,SKT,1535,0,351100,355400,62111,353356601890
893,AVAH,5269,0,73400,80200,591792,77707705578
5980,IVOG,24,0,1371300,1383600,1616,1376548762376
4296,FOXA,8281,0,640900,655300,479755,646859644401
9383,RDW,31830,0,134600,152000,3153013,141042562970
11985,VYM,1077,0,1556800,1567600,40525,1559738383713
1712,BTM,762,0,25600,31800,84706,29558991098
11886,VPLS,144,0,767700,770200,12177,768978516876
7726,NEXA,1187,0,145600,153400,83042,147552834710
5369,HUTG,80,0,253800,296400,9373,264389352395
10456,SPMO,3968,0,1431000,1459400,191027,1440485806194
9050,PUBM,1808,0,93100,98500,114918,97291154562
1134,BCARW,413,0,15500,18400,135678,17231686787
11407,UAVS,247,0,10400,11000,71153,10592430396
3687,ETHB,149,0,283800,291000,57395,286250666434
3557,ENSC,160,0,2502,2899,60761,2737256809
143,ACTG,674,0,45300,46400,31355,45613595917
10416,SPDN,358,0,87600,88200,3168179,87832800261
2689,CVGI,687,0,50400,56500,49522,51522010419
7776,NICM,35,0,62500,64700,8714,63694640807
4597,GDXW,50,0,468900,495900,2890,473689377162
10909,TEKX,8,0,605000,611500,1660,609938072289
3092,DOCN,3085,0,1495000,1585200,108872,1538323241053
5360,HUMA,1916,0,8902,10400,547060,9289982246
5733,IMTM,433,0,517600,520600,41501,518684537721
3003,DIS,13148,0,1023000,1054000,506156,1032170821841
7344,MPG,92,0,70400,77500,7489,74859260248
3093,DOCS,13706,0,176100,197700,1024402,190755981831
8180,OHI,5166,0,472400,480600,401667,474711613102
12620,ZOOZ,57,0,2719,2819,8432,2765392196
2347,CNQ,9333,0,475600,480100,777883,478336314458
1455,BLRX,4,0,29700,30000,115,29714782608
11728,VEEV,4273,0,1553200,1609500,173867,1592035036550
11549,URTY,906,0,698400,738000,121114,711645610746
1276,BG,2136,0,1213500,1234900,72504,1222760086340
1177,BCV-A,1,0,210100,210100,201,210100000000
11450,UFOX,67,0,921200,940000,3251,929551368809
7409,MSFL,1498,0,179300,198800,282269,193329949091
1990,CCS,847,0,478300,499300,25484,485560104379
12263,XBI,15860,0,1302900,1341100,903376,1312903126937
4934,GRRR,1772,0,129200,138000,140139,132299222914
10021,SETH,5,0,437000,444200,605,443842975206
10493,SPXD,2,0,275800,275900,3,275866666666
220,AENT,15,0,64100,77400,1188,68131144781
5307,HRTG,742,0,223000,236700,27247,233610133225
1223,BELFB,1754,0,2542900,2644400,48016,2586661477424
11496,UNCY,1798,0,81200,88500,167559,82659204220
4425,FTRE,3460,0,135100,142500,225268,136833133423
9512,RIOT,27094,0,230900,241400,2393876,235335934233
3271,DY,853,0,4288900,4475000,14420,4385601317614
12060,WEC,3849,0,1088900,1110500,112095,1094765159016
1787,BWEN,2313,0,36500,48900,322972,45147824888
6874,LVDS,7,0,546200,550000,419,547525298329
148,ACVA,2696,0,54500,60700,293655,58808947574
49,ABCB,754,0,820100,830300,19118,825266544617
10322,SNOU,35,0,160600,179800,3228,172803004956
1318,BHR,381,0,24700,25300,21627,25012072871
11591,USLM,495,0,1025800,1060000,14001,1037700135704
818,ATCX,24,0,49100,51300,1109,49787015329
11091,TMO,4918,0,4370000,4477000,107564,4402688463612
6673,LGN,5681,0,809200,870000,333579,837737337482
1487,BML-J,3,0,201500,201500,217,201500000000
11760,VG,9345,0,130500,144000,1514687,140243576329
5870,IQ,219,0,11400,11900,383605,11567047614
684,ARCB,1260,0,1180700,1230800,32957,1211347977667
10957,TG,594,0,79200,81500,18378,79843541190
516,AMN,1789,0,284600,304500,73386,291145432371
10789,TAN,1637,0,619700,654800,152932,647124509585
8094,O,6476,0,611200,621000,258591,613676472499
8461,PAYP,1109,0,192400,197100,69224,193563412978
3374,EEM,10953,0,647200,659200,4458767,651174066216
673,AQNB,8,0,259800,260200,632,260074367088
10946,TFII,627,0,1388200,1420100,30044,1411203714551
11045,TLK,1664,0,165000,168600,94848,165660793058
772,ASH,1838,0,541800,554300,69257,547231009139
4446,FULC,1540,0,66400,70000,92587,67264811474
850,ATMU,1113,0,514600,536000,27213,517033065079
5937,IT,3068,0,1406500,1470000,134229,1441759978842
5388,HXHX,26,0,4199,4801,5242,4381966425
11551,USAC,230,0,295000,299000,9996,297144957983
1278,BGC,2711,0,111700,114100,648056,112853541206
7932,NTAP,9496,0,1160000,1214200,403768,1200452923956
5575,IDN,1480,0,41000,45200,121793,42254399678
488,AMBA,2723,0,780000,822800,105017,811399896207
3218,DUST,1663,0,483000,526200,78706,516166498106
10606,STHH,12,0,1211500,1230000,183,1227032240437
333,AIAI,307,0,127600,165900,59071,141826495234
2690,CVGW,1070,0,264400,268900,43183,266069955769
10710,SVIVW,1,0,11200,11200,1,11200000000
437,ALKT,4149,0,166000,171100,250718,168240839110
5524,IBTJ,5,0,216100,216200,2222,216177542754
1915,CBK,65,0,274400,278500,950,275691684210
12188,WSC,7942,0,241400,256200,434783,247534582538
2014,CDP,1524,0,313200,317400,62474,316574086820
5230,HLMN,2082,0,71500,75500,191095,72324125696
11162,TPGXL,13,0,242800,243900,271,243709963099
889,AUTL,914,0,15000,16300,159027,15866108899
7186,MIDD,1942,0,1429600,1466800,92524,1443144316069
9543,RLAY,5245,0,121900,127100,507681,124180155254
4456,FUSEW,15,0,900,1000,1011,981088031
5666,III,1148,0,40800,42500,65214,41611008372
8396,P,3111,0,788800,823100,134074,810013234482
2788,DB,3731,0,308500,314600,441612,310746221117
2713,CW,1096,0,7110000,7460600,15559,7211329333504
5070,HAL,9257,0,411100,417600,686453,414475985828
7599,NAMS,2487,0,350700,368500,162189,354620534068
797,ASR,415,0,2932700,2975000,5929,2958500826446
11070,TMCI,1987,0,26200,29700,152532,27527012692
8463,PAYS,1336,0,54500,58900,97201,55931160173
11982,VXZ,17,0,557200,563100,1291,557916266460
1709,BTGD,44,0,304600,309900,1938,306817750257
11236,TRUD,1,0,262600,262600,100,262600000000
963,AWP,62,0,116900,118600,3645,117504581618
6050,JACK,2770,0,104800,111300,185867,107370990008
4696,GILD,16108,0,1291100,1328300,902487,1297166454364
9196,QPUX,160,0,295000,338700,12976,303819551479
6183,JNJ,7910,0,2265400,2325000,287431,2281606504517
12402,XPH,34,0,568300,573300,16605,569615688045
2129,CHAT,231,0,848800,867600,30902,857698576143
7216,MJ,20,0,250000,261800,621,253933333333
10991,THRO,281,0,422500,425800,57846,424302937108
718,ARKX,280,0,337900,344100,27655,339562274453
12011,WATT,425,0,233100,259400,33706,244191535631
4940,GS,5679,0,9419100,9644700,91591,9517815163061
12435,XSLL,1,0,98800,98800,12,98800000000
2162,CHR,257,0,16700,18700,6464,17488196163
7249,MLM,1705,0,5565000,5742200,28982,5606427637844
793,ASPN,1965,0,55000,58600,138366,56063603775
7864,NOG,6232,0,234900,245800,356873,240796100013
9086,PYPG,158,0,55000,57300,58470,56316930049
552,AMZD,444,0,86500,87400,647995,86878108318
10297,SMXWW,5,0,379,490,3150,406476190
24,AAOG,57,0,148000,165500,3285,152385722983
5111,HCHL,430,0,30500,34500,128754,31940724948
1536,BNZI,378,0,58400,81300,24900,66261461847
11809,VIV,718,0,140200,143900,39322,140913358933
11908,VRTX,4904,0,4359100,4545000,110326,4391782900676
1635,BRUN,6404,0,262000,315000,505982,289732823104
4738,GLDY,57,0,144500,147900,3215,145747402799
1554,BOLT,1,0,47000,47000,5,47000000000
11827,VLUE,873,0,1795800,1817500,51139,1803398296798
6740,LMND,1930,0,508100,530000,62886,517019276150
11926,VSNT,7973,0,417900,443600,641543,425298683174
1653,BSCW,41,0,204600,205000,10771,204674254943
9470,RGLD,5130,0,2271000,2355400,118124,2290767732213
2183,CIBR,3480,0,772500,795000,202566,787383150183
7270,MMIN,15,0,237800,239600,1765,238382606232
8574,PDSB,1240,0,13400,15000,129837,13849034558
3487,ELVR,325,0,771900,800100,28110,781614603344
3860,FANG,7968,0,2005200,2046100,271994,2035869184246
11776,VGVT,2,0,745700,745700,395,745700000000
1503,BN,8978,0,454100,471600,712693,456982018344
3402,EFOR,1599,0,177400,184300,81136,179499456468
8116,OBE,463,0,130600,135300,26993,133274878672
5759,INDO,253,0,29100,31000,16891,30638730684
6793,LPAAW,8,0,1200,1300,2230,1201345291
11880,VOYA,2914,0,809400,819500,219875,813599747129
8777,PMAX,144,0,29700,33000,11352,30999876673
3337,ECVT,1434,0,144600,149800,71758,145664150338
8051,NWG,1301,0,149000,151100,334719,149736602642
2964,DGP,25,0,1699200,1730000,1583,1719329311433
2886,DEFT,1011,0,7040,7600,722661,7257330857
529,AMPY,303,0,50500,53000,18351,52388229524
5616,IFLO,7,0,325200,326100,1991,325466951280
2770,DAL,11319,0,695800,740000,692326,708264190135
6838,LSE,11,0,45900,46100,1116,46006989247
12397,XPAY,2,0,536400,537200,5,536880000000
2124,CHA,399,0,98500,101200,33399,99433872271
7211,MITT,407,0,74600,76200,9823,75179904306
8761,PLTZ,309,0,307100,328300,33209,315980011442
3674,ESTA,1286,0,642400,695000,47143,657771177057
1446,BLMN,3463,0,78600,83900,355221,81143977129
6533,LABD,2628,0,137500,148900,459325,145531094105
1347,BINT,5,0,315800,317000,1010,316856633663
11620,UTHR,1637,0,5653800,5759300,32687,5681349411080
3803,EWZ,7718,0,358800,367500,3836009,361276522291
8890,PRE,716,0,153000,176900,71973,161699192752
8570,PDO,182,0,126100,128000,21430,127317265515
6769,LODE,1032,0,34000,35700,95676,34770842217
1583,BPYPM,63,0,168700,170000,2867,169391873038
11856,VNOM,6752,0,480000,490000,302503,485969722283
11955,VTS,849,0,183400,185900,29116,184855186151
1682,BSSX,23,0,255200,256900,1796,255652060133
2736,CXIIU,6,0,101100,101500,11119,101102302365
7823,NMFC,694,0,80000,81300,59759,80861512073
2118,CGUI,10,0,253100,253200,2792,253110744985
12391,XOP,6862,0,1704700,1743500,322172,1732445654184
7304,MNTK,370,0,15300,16500,24380,15919261689
10879,TDS-U,3,0,221700,222000,58,221722413793
606,AOSL,1970,0,377900,400000,104991,385957042032
7356,MQ,1142,0,38000,39000,363915,38458723603
9340,RCAX,248,0,58600,64200,22417,61800419324
9615,ROKU,4948,0,1218000,1255400,212940,1240541619235
10460,SPOT,3593,0,4315100,4465000,66730,4376097203656
187,ADNT,1259,0,207700,221100,58752,212157046568
5274,HOTH,20,0,6310,6530,2539,6394206380
7258,MLR,439,0,463000,473300,7255,467252584424
2072,CFG-H,2,0,260600,261000,102,260992156862
12345,XLF,7814,0,509700,514900,3549608,512105305515
8326,OSCX,90,0,700000,776000,1122,748744741532
11370,TXNU,21,0,565300,589800,1396,575842335243
1097,BBGI,156,0,133600,149400,11618,142298975727
6184,JNK,1337,0,957100,959700,292310,958080694468
6557,LASR,3795,0,738000,797000,149767,754610243912
2759,DAAQ,20,0,103100,107500,1095,103157716894
1175,BCUS,1,0,347100,347100,100,347100000000
11448,UFO,1271,0,557300,571000,125539,563474026398
6361,KIE,3381,0,562400,568100,378527,564977136901
11547,URSP,4,0,443000,443900,345,443407246376
1274,BFST,1062,0,266300,270500,58679,268202510267
7305,MNTN,959,0,77000,80900,57881,78600946770
2119,CGUS,364,0,434300,436800,39544,435343543900
12392,XOS,437,0,18400,21800,39791,20318546907
12491,YCS,3,0,534400,534600,84,534533333333
2218,CL,8348,0,878000,902000,309520,885303178792
234,AEVA,3721,0,191400,215800,302005,203451056108
135,ACR-D,23,0,220500,222000,243,221720576131
10408,SPCI,2,0,396200,417000,37,415875675675
9540,RKT,8999,0,132800,142100,1251577,135439489699
7674,NDAQ,9601,0,903100,917900,370053,910183933382
2587,CRY,6,0,247500,249200,729,247596844993
6020,IX,506,0,361200,367900,16418,366151017176
8151,ODFL,6495,0,1959500,2048800,286175,2019561689525
235,AEXA,65,0,116100,117500,2842,117126988036
10508,SPYI,615,0,534300,537200,150312,535770005056
5959,ITP,10,0,1999,2140,10938,2053225452
872,AUGO,3972,0,743900,780000,181600,758597096916
8316,ORLY,24658,0,881700,906700,1052665,890520867512
6465,KRMN,3139,0,611500,650000,119083,627421637009
5206,HIMZ,836,0,255000,293800,88683,282248338463
10171,SKLZ,290,0,57500,69300,23028,62049548375
5084,HAWK,478,0,303300,326700,52367,316425712758
2873,DECK,2696,0,929900,950000,91563,939476609547
7960,NTWK,39,0,40500,41500,4027,40718301465
7085,MEMA,1,0,308300,308300,1,308300000000
10660,STXU,7,0,135600,136600,700,136114285714
387,AIXI,226,0,104000,115400,9080,109463502202
5474,IBGC,4,0,243000,243800,209,243402870813
11993,WABC,1258,0,535500,541800,47599,538138070127
1720,BTQ,1642,0,29100,31500,344141,29587380463
6807,LPTH,5189,0,111500,119600,373876,115514598957
1621,BRLT,164,0,12200,12500,3150,12322698412
11894,VRDN,3688,0,167200,175400,201807,168662389808
6434,KOPN,6587,0,49500,54200,1118896,51432595790
7043,MCY,500,0,978600,995000,7043,983816796819
11378,TXXH,25,0,274800,298500,3455,290750940665
1105,BBJP,2496,0,738900,744000,100196,741258094135
11543,URI,1863,0,9515000,9685500,19476,9633457059971
1369,BITO,1726,0,107400,110300,2652384,108165778069
7049,MDB,8051,0,2991200,3168900,195929,3115972712053
12235,WVE,4719,0,66800,69000,792287,67550270924
1962,CCEP,4745,0,893000,904400,250622,896402431550
1522,BNH,3,0,155100,155600,300,155400000000
11795,VIK,4777,0,808400,857800,234058,840930077160
6708,LION,2760,0,123500,127900,276201,126475783215
7081,MEHA,82,0,843,899,27336,853258560
8282,OPRA,1046,0,176800,181000,71284,178724946692
3195,DUBS,1,0,417000,417000,1,417000000000
5925,ISPC,87,0,38800,42500,6651,40334295594
11111,TNGY,8,0,103200,103500,570,103360175438
838,ATII,440,0,108600,111500,115039,109506642964
3568,EOG,5140,0,1351000,1403800,196544,1392790629579
11192,TRFM,10,0,564900,571400,463,567595464362
919,AVIR,1479,0,40700,42800,113949,41202450218
820,ATEN,2289,0,273100,286500,102117,281399781623
11093,TMQ,1517,0,40400,44800,344598,41192999669
3276,DYN,3597,0,171900,182800,216779,173757297985
2701,CVNY,16,0,233700,242100,837,237562365591
7359,MRAL,386,0,585200,670800,14390,609652063933
12545,YUM,2952,0,1499400,1527800,82661,1511856495808
2272,CLVT,965,0,23400,24300,172159,23993777264
7086,MEME,55,0,97100,100500,3704,98485772138
744,ARTL,6071,0,15100,31600,837787,24799423839
5831,IONX,3320,0,550000,654600,177142,575892194397
10172,SKM,3385,0,368700,392600,210150,382388509160
9623,ROP,5348,0,3179500,3250900,144487,3225039624326
4536,GAUZ,67,0,8780,11000,40360,10453821134
1707,BTF,2,0,211800,212200,3,212066666666
11980,VXUS,7699,0,828800,839500,704444,832118330342
2552,CRK,2529,0,147800,152200,157575,149170756147
7639,NBR,475,0,1016100,1057300,12841,1040233930379
4640,GFAI,54,0,4501,5100,14528,4664976390
1438,BLES,3,0,467300,467700,152,467594736842
11711,VCSH,448,0,786000,788400,132302,787976064609
6997,MBLY,6253,0,98800,102000,917317,100134996735
9231,QRVO,5536,0,885300,932600,175792,919649133066
3652,ESGU,2783,0,1605700,1618100,90259,1610748282165
6002,IWF,19524,0,1238300,1255300,609521,1245893450758
6619,LEGN,4065,0,270000,282700,296619,274630291383
11805,VIS,79,0,3337700,3361500,2339,3356840786660
1532,BNS,5813,0,764200,771200,190844,768333421538
4262,FNGD,166,0,362100,376800,17179,372110774783
9349,RCL,5772,0,2591000,2630000,150875,2604364456669
6931,MAIN,600,0,501000,512000,32292,505418512325
9419,REMX,721,0,955700,980000,49897,966318814758
4332,FRMM,960,0,37000,51700,109386,40006012652
11044,TLIH,21,0,32400,34100,1931,33066442257
11143,TOT,1,0,232200,232200,400,232200000000
870,AUDC,411,0,81300,84000,18057,82381026748
6330,KEN,27,0,877400,893800,947,881118479408
1144,BCEM,4,0,268700,270900,400,270300000000
11417,UBT,11,0,153400,154300,422,153672985781
3973,FDX,1969,0,3730000,3780000,35050,3754399517831
9407,REGN,5100,0,6938200,7151200,97690,6991781230422
2655,CTRI,2419,0,309600,322100,113753,313120564732
7742,NFLX,45934,0,865700,894600,3688500,875154797261
5830,IONS,5748,0,733000,757500,321663,740568437774
4263,FNGG,3,0,2340000,2360000,12,2355833333333
8770,PLXS,1919,0,2534100,2594600,39989,2570298859686
7149,MGK,2366,0,881300,894200,161982,887527820992
3679,ETB,6,0,151000,153200,870,151233333333
8766,PLUR,2,0,34000,34200,596,34167785234
943,AVSD,2,0,780400,780400,159,780400000000
11216,TROX,3376,0,79800,87500,230182,81099005569
6502,KULR,1911,0,35100,38300,156172,36822666034
11589,USIO,268,0,14900,16000,25564,15227253168
5868,IPWR,1930,0,52700,64600,264859,58705829894
10396,SPAB,165,0,252800,253100,84367,252859052710
123,ACM,1782,0,708300,734900,60135,717964220503
5210,HIPS,4,0,117300,117800,127,117772440944
8498,PBR,4325,0,195700,199600,759822,197940692951
4836,GOLD,642,0,387000,402100,28982,392003871368
3121,DRCT,18,0,34100,40500,4507,39727157754
8208,OLOX,44,0,50000,57200,1841,55828191200
10192,SLDP,1701,0,28000,29300,732399,28492973638
5543,ICL,679,0,62000,64500,52275,64194020086
1559,BORR,1524,0,60800,63700,223937,62545740543
11832,VMAR,52,0,7350,8100,10342,7691074937
6745,LMTL,16,0,319500,329000,3661,323097514340
8131,OCG,184,0,20500,23000,64325,22023387485
5774,ING,2541,0,293000,296800,294784,295061822894
5800,INSP,2940,0,395400,433100,130426,407014087681
713,ARKO,1502,0,69000,71700,194459,70034772368
8157,ODYS,193,0,43000,48000,15090,45123306825
12101,WHFCL,1,0,256000,256000,25,256000000000
1828,C,17575,0,1227200,1245000,546359,1235347095224
6915,MAAY,17,0,69600,72300,1149,69823411662
12002,WALD,460,0,14700,16300,45804,15143699240
5591,IE,5418,0,126100,134000,313356,128336503848
7948,NTRA,6041,0,1848700,1982100,261581,1880092455874
6486,KSS,5242,0,115400,119700,284532,118179492992
8843,PONY,5039,0,82000,87900,850033,83223751313
6189,JOBY+,12,0,10600,17800,1026,10996881091
1003,BAB,1,0,265800,265800,14,265800000000
11276,TSLZ,2284,0,108200,116000,489769,112545014486
630,APLMW,10,0,127,153,10059,140142459
10903,TECL,1071,0,1900000,2030000,65803,1962361837606
5816,INV,3739,0,66400,75000,453873,69384406871
2432,CORN,276,0,181300,186000,39430,182580644179
7519,MVIS,2124,0,5269,6100,1375353,5488380561
75,ABT,23228,0,841300,864500,1195425,846222651023
848,ATLX,1333,0,42100,46000,227776,43859219145
6679,LGVN,91,0,6510,6901,37561,6819641543
247,AFJK,15,0,400000,422500,411,400963017031
10520,SQM,1131,0,826700,848700,61666,839903721661
7156,MGNX,3235,0,39800,43400,351689,42125036609
2069,CFFN,1191,0,74700,76300,156015,75227678107
12240,WWJD,13,0,387700,389000,772,388386787564
1967,CCI,6503,0,854600,878600,305988,865623509745
7054,MDGL,1369,0,5224000,5431500,27911,5293127641431
1868,CANC,4,0,372000,375200,421,372007600950
12141,WLY,570,0,393000,400400,12853,397833089551
6171,JMHI,4,0,496400,497600,271,497312177121
4587,GDS,3043,0,416600,433000,271768,425235142106
5867,IPW,67,0,8106,9000,17403,8414463828
6771,LOGI,3430,0,1000000,1038300,188588,1026870772795
10098,SHPH,65,0,6400,7000,19645,6807528735
5011,GTPE,1,0,576300,576300,22,576300000000
6755,LNOK,164,0,769000,821000,3346,790682486551
1569,BOXL,20,0,8410,8600,1460,8550695890
11842,VNCE,131,0,40800,44100,17815,42591720460
2504,CQQQ,2254,0,517900,524000,140456,520079550179
7591,NAGE,1310,0,36100,37900,221997,36827842718
1659,BSJQ,17,0,231900,231900,353,231900000000
11932,VSTM,2431,0,43000,47700,296106,44320273483
12031,WCLD,1790,0,276300,290100,243815,284843657691
1758,BULLW,2,0,22700,23800,11,23700000000
8596,PEP,15000,0,1482000,1505200,664314,1491307164684
11798,VIOO,7,0,1239100,1244700,274,1241254744525
1525,BNKK,354,0,19400,23900,66444,21443055806
680,ARBB,4,0,44000,47300,23,45626086956
10953,TFPM,985,0,316700,332000,56044,321696138748
5866,IPST,366,0,75100,106800,32317,92994423987
2803,DBI,931,0,63900,67000,39536,64457016390
10620,STN,1297,0,724000,773800,64628,764199585319
6891,LXEH,18,0,9500,12200,1527,11090766208
12077,WETH,45,0,14700,16100,3839,15179239385
1804,BX,7895,0,1173500,1220900,336506,1187484887045
2177,CHWY,5538,0,211700,215900,403162,213477323507
9497,RIGL,1819,0,287400,328000,88728,307234055765
2426,COPX,5212,0,827800,862900,454210,835535435151
1317,BHP,9296,0,839700,858900,444648,846037592882
2063,CEVA,1852,0,353600,375300,100440,365866678614
9134,QCOM,42088,0,1980000,2073700,2629143,2030063784016
4047,FFUT,2,0,599900,617100,156,606074358974
5265,HON,8379,0,2115000,2169600,362375,2128041746257
178,ADEA,5158,0,293000,310000,300575,300694703152
1466,BLUX,7,0,307800,308100,961,307868470343
11739,VERA,2806,0,370300,397900,144032,375475565152
6652,LFS,29,0,17900,18700,15970,18251365059
7025,MCHI,4165,0,566300,572100,546106,567900268629
5349,HUBB,2311,0,4740000,4845600,45026,4814155201439
262,AG,17233,0,200100,220000,1343375,206479472150
8676,PHOE,104,0,125000,140100,2803,131187370674
5641,IGLD,46,0,239000,244800,4902,240211077111
10827,TBLAW,6,0,80,80,2418,80000000
554,AMZN,101227,0,2609100,2643500,4949791,2630632879206
455,ALOT,56,0,141500,144700,2930,143089965870
10728,SWKS,19996,0,655400,698900,984682,686401567815
3287,E,1153,0,548500,555600,118161,552527083386
8374,OXLC,1122,0,99200,100500,101486,99772715448
8001,NVA,875,0,57400,59700,132640,58618180790
6892,LXEO,2071,0,50100,56900,185593,51412256388
1706,BTE,992,0,49600,51800,903451,51083650911
11979,VXF,191,0,2242800,2263300,8986,2249321466726
212,AEG,932,0,83100,84100,865939,83686809117
7083,MELI,8065,0,15379900,15980000,75481,15568111218717
1996,CCUP,576,0,54000,63500,49619,57320351075
56,ABG,1070,0,1792000,1907200,22790,1831926472136
10329,SNPS,7498,0,4912500,5091000,167290,5005721652818
5242,HMOP,2,0,387900,389400,800,388087500000
4784,GME,5678,0,214600,220000,353101,217144379936
5893,IRE,1004,0,263200,316000,89351,280975557072
6753,LNKS,429,0,14900,18800,77724,16994166538
10080,SHEN,823,0,158800,161700,39594,159555707935
2202,CIM-D,11,0,244000,245000,818,244189731051
12475,XYZ,7601,0,700700,715400,309231,706439896388
3047,DLR,3529,0,1878600,1921000,119524,1886448496536
8134,OCS,671,0,295000,304500,50213,300627327584
5086,HAYW,2028,0,136000,138600,143634,136479190163
12256,XAR,440,0,2603700,2662000,10199,2623783057162
1983,CCNR,3,0,413300,414000,83,413861445783
7070,MDY,1791,0,6579900,6652300,73801,6600406452487
9939,SCZ,4284,0,840200,854800,157460,843060344849
4852,GOSS,1067,0,3156,3400,622794,3303901519
11765,VGIT,352,0,585900,588100,153174,586708460313
1492,BMNR,39191,0,197400,216200,4226027,203084092979
6759,LNZA,582,0,92900,160000,38053,103363377394
2410,CON,979,0,257800,263300,40531,260011262983
2311,CMRE-D,11,0,272500,275000,609,273372085385
12584,ZETA,10934,0,162100,175700,601261,170062995604
9481,RGTX,652,0,198500,226500,68733,210562265578
3582,EPC,2346,0,157600,174100,149310,159986781193
8296,ORC,619,0,68400,69200,169186,68727820268
3209,DUO,50,0,13100,13700,2748,13400509461
755,ARXS,779,0,345000,361300,68214,348304254258
6628,LEN,7241,0,820600,855900,317528,828508391071
1969,CCIF,16,0,34500,34800,2450,34681632653
12242,WWW,3202,0,149900,156500,194606,153520423316
2814,DBVT,180,0,194700,200100,13221,196291596702
7901,NRG,3756,0,1269300,1328300,135304,1292194938065
11978,VWOB,431,0,661100,662600,21003,661683607103
1705,BTDR,11179,0,129500,145000,1264409,132970648737
6633,LESL,4765,0,26200,41900,929812,33961912623
1546,BOEU,200,0,362000,394000,20704,370421261591
671,AQMS,79,0,41100,46400,3955,42407484197
1905,CATO,75,0,28800,30800,17655,29316862078
12178,WRD,2708,0,71400,75200,532062,72758311813
7091,MEOH,2658,0,617000,639300,160459,628253886039
6355,KHC,10349,0,229100,236300,1258989,231025407926
11541,URG,486,0,16600,18000,254928,17037695741
1268,BFRI,330,0,6200,11400,83123,9400015338
796,ASPSZ,5,0,2072,2100,601,2087138103
11069,TMC,4080,0,53800,57000,776449,55287259820
11168,TPOR,3,0,339100,340000,987,339900202634
895,AVAV,4390,0,1571500,1650000,118349,1584145491723
10252,SMCZ,144,0,147500,159500,56657,153106841167
10490,SPWR,486,0,9800,10400,109931,10148205965
217,AEM,3668,0,1791100,1880600,166605,1811857232976
5304,HRL,3963,0,197100,202700,312964,198174159328
8034,NVOX,807,0,142100,149100,40555,144634338552
5811,INTT,275,0,182800,193500,16456,188047326203
724,ARM,20939,0,2064500,2207000,1276438,2117227203749
625,API,346,0,37400,39400,33251,38708697482
10898,TEAM,15740,0,802700,891500,965527,866190767529
8168,OFS,27,0,35100,36200,764,35321989528
2699,CVNA,11911,0,658600,696000,477617,677207809395
3391,EFC,615,0,132800,134500,40354,133397906031
8478,PBH,3512,0,464100,481200,241871,471358880146
582,ANNX,2095,0,50600,55900,275868,51973024054
2094,CGEM,2190,0,154000,161900,152574,157227279221
12367,XME,3730,0,1148800,1190000,228266,1158179890128
6449,KPRX,42,0,25000,25700,10613,25031508527
6822,LRCX,22753,0,2798300,2950000,909736,2847339836502
8367,OWL,4391,0,93300,98000,895718,95494571282
6744,LMT,2751,0,5147900,5245200,49264,5166905594348
8311,ORIS,12,0,5011,5800,2100,5180190476
3224,DVGR,1,0,262200,262200,1,262200000000
2527,CRCG,3099,0,315200,369000,377830,332174101315
7614,NAVN,9339,0,181800,192500,606672,186169595596
5993,IVVD,2899,0,11400,13400,659264,12471367767
3636,ERO,2427,0,271500,287400,153862,276442772744
12383,XOEX,2,0,383900,384600,134,384594776119
2110,CGNX,5244,0,636100,651000,229626,643755109177
9181,QMCO,820,0,81000,85600,67649,83560456178
4094,FIGG,1231,0,223000,272700,169686,251272484471
496,AMCX,1051,0,82100,83700,61822,83091299213
5583,IDV,812,0,443000,445800,36256,444326470101
9924,SCO,2856,0,60200,62200,2329472,60836763438
3270,DXYZ,1697,0,435000,489800,148504,466816841297
8357,OVBC,263,0,453500,460000,4286,457569645356
3910,FCHL,445,0,15500,28200,39981,20410424951
11484,UMAC,4907,0,150300,167600,415993,157127561761
6379,KLAC,11326,424,17986400,18580100,99089,18185937394665
11565,USBC,52,0,5268,6050,17914,5691557050
1292,BGRN,34,0,471400,472000,1904,471694800420
11466,UITB,52,0,463600,464300,1766,463917893544
11748,VFC,10050,0,166700,173200,860306,170255345191
6661,LGCB,441,0,3787,5800,232467,4413034426
7965,NU,29526,0,117800,125400,11516654,121377787880
12401,XPEV,5039,0,154700,158500,551721,155980579677
7314,MOAT,4588,0,990200,997900,168903,994447604246
11527,UPS,10210,0,975000,993000,357193,987843985464
11626,UTSI,39,0,27400,28500,1879,28163650878
1353,BIOY,38,0,243000,304600,640,244996718750
6868,LUMN,9375,0,97200,106000,1094227,102145049975
12054,WDTE,5,0,309200,309500,375,309340000000
1781,BW-A,5,0,225600,228000,416,226782692307
1031,BAIV,6,0,248500,249500,478,248703765690
11304,TTD,21556,0,201600,211700,2908307,209176807537
10114,SIDU,10454,0,33300,41900,3378449,39609228731
5027,GV,270,0,1840,3050,40431,2343063936
5267,HOOD,44073,0,764200,790300,3648741,773435556127
6867,LULU,9399,0,1190000,1225000,438923,1198746829626
1681,BSRR,478,0,369700,374500,12736,372166747801
11954,VTRS,6705,0,164100,172100,956957,165722151570
4649,GFS,8026,0,701000,720900,502828,711589140421
9736,RWTN,1,0,250000,250000,1,250000000000
2850,DDM,456,0,590000,597300,42139,592949685564
2711,CVX,26654,0,1867800,1914800,776125,1898159611660
6889,LWLG,11692,0,135000,148300,1268528,138588774311
12075,WES,2147,0,460600,468800,178862,464982785611
1802,BWXT,2028,0,2012700,2126100,57205,2053059375928
699,AREN,48,0,16600,18200,2092,17336328871
10972,TH,3174,0,179700,189200,225212,186166246914
11071,TMCR,48,0,135000,140600,3701,137511915698
798,ASRT,199,0,233200,233500,41091,233349996349
8615,PFE,7168,0,252500,258400,1452655,253766192867
8074,NXT,7236,0,1338000,1471700,361362,1433012855529
2987,DHY,143,0,17500,17600,9603,17500020826
8213,OMAH,225,0,187800,189000,16260,188702361623
5856,IPHA,176,0,19500,25700,45490,21318107276
6965,MATX,475,0,1788300,1827400,8905,1803588781583
5214,HIVE,1648,0,26900,29000,1175162,27361956479
10773,TACOU,32,0,106600,107000,3821,106748285789
500,AMDL,18381,0,471100,516900,764521,498872556541
7700,NEM,10059,0,1085000,1133100,422894,1093274888269
7791,NIVF,31,0,8660,9438,9281,9007122292
2704,CVRT,4,0,503500,509000,274,506279197080
3077,DNA,1511,0,75300,80500,64227,76645448176
475,ALUB=,1,0,101900,101900,6,101900000000
10748,SYK,8348,0,3043500,3110500,256044,3080782206964
5661,IHS,561,0,82200,82300,118259,82281935412
5203,HIMS,15578,0,235400,253100,1015986,247698185014
10389,SOWG,103,0,19400,20000,5516,19842820884
116,ACIO,75,0,461400,466400,10346,461745959791
7421,MSIF,87,0,119800,121200,7250,120378910344
11824,VLT,5,0,103600,103900,938,103671748400
1551,BOIL,2991,0,133100,138500,506818,136173048313
7348,MPLY,8,0,327600,329800,760,328582236842
5855,IPGP,1441,0,995200,1039800,61690,1017652151077
3220,DV,2364,0,85000,91900,204052,90700592986
8307,ORIO,17,0,9400,9672,267,9556498127
18,AADR,22,0,843200,866500,1247,850165036086
10291,SMTK,22,0,2088,2345,23438,2175092414
4885,GPUS,801,0,1190,1870,966491,1530896388
7242,MLCO,1365,0,53800,55500,227104,54771537269
2528,CRCL,16085,0,1114200,1202500,884790,1143178258343
1320,BHR-D,2,0,164600,164900,110,164872727272
11593,USMC,19,0,726700,728900,1035,727429855072
4928,GROY,826,0,32800,35000,129605,33259351105
10487,SPVM,26,0,702100,703900,3224,702444168734
214,AEHR,6738,0,945700,1034900,321119,994006668867
5301,HR,2180,0,201400,204100,164492,202892448264
9642,RR,3868,0,25700,27700,1635400,26505503546
10059,SGML,7768,0,166000,193000,1033501,170806890559
2988,DIA,11806,0,4937000,4989500,538341,4961887957261
5268,HOOG,338,0,190500,203000,53857,196132903800
10454,SPMD,2501,0,632400,638900,138896,634179305379
181,ADI,13487,0,4125000,4220900,376813,4181404240034
8557,PDBA,63,0,370400,376700,9799,371034136136
641,APOG,996,0,339400,353600,31859,343525374305
10914,TEM,18108,0,436300,452400,1086089,441059314936
5827,IONQ,45737,0,512900,555500,1681022,524455276016
740,ARRY,6221,0,81900,91000,791062,88241997972
5310,HRZN,606,0,42500,43500,109688,42931236780
8040,NVTS,30117,0,195400,215800,3901695,205326944007
2953,DG,4652,0,1023300,1052600,227251,1036598480094
3554,ENPH,32981,0,455000,538900,2977972,514581542002
5770,INFQ,4859,0,121200,136800,540242,125880592771
9236,QSI,954,0,8832,9257,232234,8922831768
4149,FLCH,78,0,226700,228500,5543,227549558001
4522,GAME,260,0,3814,4323,187065,3996692614
10206,SLMT,453,0,54100,60900,32466,55250677631
32,AAPL,112979,0,2939000,3031900,5410523,3005491759798
2290,CMDB,46,0,183500,190900,1611,186936747361
12563,ZBIO,1577,0,174500,211200,77582,182248816735
2389,COHX,508,0,562400,638900,29233,607071285875
7476,MTRN,708,0,2016600,2112000,16487,2040503311700
7849,NNOX,364,0,16800,17300,152947,16918582907
6534,LABT,101,0,14400,20600,18230,16001733406
11621,UTHY,56,0,395300,396900,3067,395872024779
11720,VDIG,4,0,603400,604700,364,604613736263
1447,BLND,1279,0,13700,14800,351268,14482015441
9722,RWAY,1795,0,65500,67100,175740,66307321042
4635,GEVG,74,0,304000,318500,4032,307902777777
7365,MREO,154,0,2330,2502,69867,2398439835
12551,YYGH,200,0,10000,10700,10315,10284459524
2278,CMAG,3,0,264400,266300,64,265270312500
6765,LOBO,612,0,6180,8100,202808,7295972461
2593,CSCO,83771,0,1120000,1188300,5036934,1173310498866
3478,ELPW,4022,0,7578,22000,780325,10325224555
8565,PDFS,3951,0,439000,455100,220943,448002279320
5696,ILMN,4498,0,1382000,1438100,197008,1413063690306
510,AMIX,18,0,3198,3283,7436,3238753362
10783,TAK,1108,0,165800,167300,117723,166271119492
7844,NNE,5241,0,247700,278000,453790,253363088653
11046,TLN,3952,0,3315800,3510100,82768,3366011082785
773,ASHR,2293,0,354100,356000,533847,354828604075
2554,CRM,16446,0,1672000,1759600,802799,1737332544385
6871,LUNR,21266,0,337700,378300,1884948,349781192054
7360,MRAM,6684,0,365500,400000,515265,377534032779
2174,CHT,118,0,432800,436300,6738,433697091124
12447,XTEN,19,0,446900,448200,2457,447391575091
9896,SCHQ,112,0,304000,307600,35645,304403032683
7539,MXL,15399,0,804200,958000,951828,912172134356
2452,CP,7705,0,847800,867500,411351,852810901395
1010,BAC-B,39,0,248600,248900,8001,248719022622
11283,TSMZ,24,0,85800,86900,13940,86276506456
6196,JOYT,3,0,561200,562200,243,561614403292
4212,FLY,14938,0,378000,421400,1626785,395904239650
9162,QID,3935,0,147700,151400,1570740,149547968791
110,ACHR,5675,0,60000,62900,1597138,61142242561
10091,SHNY,127,0,119400,124900,8707,121622809233
7873,NOVT,1913,0,1515600,1552400,45824,1533536819134
11492,UMH-D,5,0,215400,216000,362,215648618784
1219,BEG,365,0,840000,950500,15630,886710121561
1120,BBUC,325,0,319800,331700,13948,328636313449
11393,TZA,1459,0,47300,50300,5507230,49246976846
3356,EDIT,1284,0,25700,28700,223808,26562555851
2247,CLNN,331,0,65200,72800,22449,70671593389
2148,CHMI,64,0,24000,24700,8738,24234870679
12421,XRPN,22,0,104200,105500,2227,104656488549
12533,YOUL,16,0,8300,9610,892,8840017937
2260,CLPT,1585,0,116100,126100,127099,118286937741
7347,MPLX,2510,0,545800,557600,202043,550342678043
9331,RBLX,14981,0,420900,441500,965001,427083028929
4617,GEMI,14777,0,54300,73100,2132237,61141831044
8995,PSLV,7660,0,244300,255600,1244100,247182875090
5668,IIIV,1373,0,187700,196800,55369,190067443876
482,AM,1978,0,216500,220400,111485,219677567385
10755,SYSB,7,0,877400,878900,816,877674509803
6115,JEPI,1442,0,558300,562000,219160,559165898430
10650,STVN,270,0,173700,179200,16134,176821891657
377,AIS,63,0,670000,695800,8251,681366391952
530,AMR,838,0,1764800,1829500,20633,1800597300441
7601,NAN,47,0,113600,114200,3003,114016416916
5244,HMY,5796,0,156600,167500,522879,159149280426
10331,SNSR,16,0,463400,471400,1181,468539458086
2972,DGXX,15385,0,65100,80300,2614742,73804056346
4854,GOU,15,0,360000,365700,848,362494929245
5039,GWRE,3275,0,1231600,1318400,148613,1299012892546
10126,SIL,2019,0,903300,959400,161506,917545507287
8265,OPEN,4913,0,42900,44400,1929753,43616884958
3178,DTE,2084,0,1397600,1437700,82710,1411123415548
5589,IDYA,2149,0,278900,300000,145170,281853225873
697,ARE,2589,0,448300,461000,95163,451868790391
10970,TGT,5994,0,1205200,1234900,226932,1214032997109
5883,IQST,251,0,12100,13000,18204,12791276642
10250,SMCX,753,0,134900,149700,190011,139855307850
10349,SOCL,1,0,454200,454200,80,454200000000
76,ABTC,777,0,11100,11700,1248252,11162371300
5163,HERE,83,0,29600,30600,17932,29905994869
8032,NVO,18875,0,442500,454500,1504552,446311290669
3040,DLLL,146,0,688700,749500,6469,717415566548
2195,CII,23,0,246900,249000,3279,248510521500
12468,XXRP,375,0,41500,44500,193454,42521840334
7381,MRVI,1635,0,41100,42100,284294,41507569980
2294,CMF,117,0,565900,568300,6973,566952631578
10365,SOLT,337,0,503300,539100,27537,512741199113
92,ACB,409,0,32700,33600,164736,33090121163
4092,FIG,51438,0,213200,239200,4929937,227649347060
7419,MSGY,103,0,5000,5768,30967,5431568024
6296,KBSX,112,0,11500,18000,7412,13553305450
6088,JBTM,832,0,1245000,1290400,21850,1257242018306
8445,PATH,7623,0,95000,104800,1707375,101422210996
1374,BITX,5043,0,192400,203900,587760,196060303184
11548,URTH,108,0,1997000,2008400,7885,2002198338617
3175,DTCR,778,0,294800,302100,75168,298065738080
10246,SMCI,56216,0,306400,321800,4507122,311652136574
11230,TRTN-G,5,0,238400,238700,137,238629927007
957,AVXX,99,0,71400,76300,27685,72763774607
858,ATRA,210,0,86900,96600,28600,92777552447
11131,TOMZ,11,0,7519,7976,3161,7710303385
8028,NVMI,2219,0,5089900,5450000,39329,5184745988964
10182,SKYT,2484,0,339000,352500,128565,345305821957
5095,HBIO,99,0,52500,55000,3986,53117661816
2266,CLSKW,16,0,2711,2800,12908,2750013015
12539,YSG,40,0,24500,25400,1633,24771769748
9212,QQQI,3711,0,562400,566900,757676,564525728279
3880,FBL,3153,0,249800,262200,169285,255801059160
941,AVS,219,0,72000,73600,241962,72866765442
7595,NAKA,666,0,1760,1886,217114,1834212938
204,AEAQ,1,0,99700,99700,4,99700000000
10477,SPTI,182,0,280300,285000,88442,282516515908
9745,RXRX,4059,0,29200,30500,1771602,29724387362
8425,PALI,829,0,17600,18500,224742,18159441937
3338,ECX,377,0,10900,11400,113924,11032681436
12418,XRPC,263,0,152100,156800,31706,153233867406
2244,CLMT,2381,0,307600,314700,137483,311797047634
7331,MORN,2995,0,1673100,1712300,74557,1694586203844
5347,HTZ,2994,0,55100,58100,920212,56051188530
161,ADACW,8,0,3500,3800,5100,3505882352
10434,SPHB,1654,0,1374000,1394400,27699,1383685053612
10061,SGOL,1329,0,429600,435200,173404,432713153099
2338,CNL,104,0,159800,163500,5074,161574221521
12611,ZM,15550,0,963000,1023700,935790,1007384380790
2437,CORZW,399,0,166800,176600,31718,173565697711
9131,QCML,1280,0,253000,275000,215271,265619619456
9656,RSG,2944,0,2073000,2110600,113657,2091558123124
4569,GD,3072,0,3333300,3417200,44807,3355566099047
2585,CRWV,44225,0,1064400,1122400,3030797,1081144061149
2199,CIM-A,1,0,218200,218200,1,218200000000
12472,XYL,3334,0,1080600,1102800,137949,1091281820817
7385,MS,9034,0,1911500,1949000,263974,1929613270625
1382,BIYA,6674,0,8500,13900,2273423,11408893961
1283,BGIG,42,0,351100,352500,5826,351563456917
11556,USAU,551,0,156000,165200,28860,159233461538
11115,TNON,58,0,7085,7300,866,7136596997
842,ATLC,237,0,766400,800000,7505,776426568954
5929,ISRG,11658,0,4205700,4315000,245973,4237488919922
3199,DUK-A,10,0,246500,250000,600,247809833333
8286,OPTU,484,0,7921,8934,92347,8161739439
6943,MANU,514,0,191800,195900,19885,193257053055
1856,CALC,28,0,6550,7238,12173,7139710917
9300,RACE,3776,0,3210800,3297200,89276,3240018356557
2044,CEMB,2,0,454900,454900,100,454900000000
12317,XHLF,1,0,502500,502500,200,502500000000
2143,CHH,1211,0,1047200,1079700,31300,1071775376996
7230,MKTW,146,0,166800,173000,4266,169361931551
2889,DELL,5131,0,2367800,2467800,169612,2426691100865
7976,NUG,38,0,72500,81900,1874,77241035218
8851,POWR,21,0,274700,276500,1074,275092830540
3764,EVRG,9347,0,804400,827900,340705,809468868962
3581,EPAM,2189,0,895000,931900,106164,922348739685
8668,PHG,3384,0,250700,254200,241870,252861658742
5938,ITA,791,0,2169500,2236300,57805,2185051351959
379,AISPW,17,0,6500,7000,6610,6732178517
10652,STX,10930,0,7657800,8075200,258203,7895067599137
8434,PANG,53,0,154000,173900,6630,164947843137
3026,DJTU,39,0,13100,13700,4944,13210052588
7740,NFLU,10,0,251500,265900,293,256882593856
10097,SHOP,29205,0,960100,1014300,2111281,997373492538
9374,RDNT,2338,0,515400,537500,92572,524628536706
7017,MCD,5812,0,2750500,2774800,138179,2762166765572
5311,HSAI,2333,0,219500,230000,245579,223376571286
2581,CRWG,1347,0,399000,441000,148221,411063666417
3796,EWTX,3490,0,327500,338100,167071,331196052576
6526,KYMR,1482,0,817200,840000,51466,824037197373
6153,JHX,8100,0,187300,195400,769823,192471897436
967,AX,551,0,821600,832800,17462,828720478753
11240,TRUP,1362,0,219200,227300,50974,222976905873
10019,SES,835,0,10400,11700,365433,11005265534
4932,GRPN,5404,0,167500,177800,416625,173546256465
5305,HRMY,1906,0,299000,310600,79078,301179488606
10392,SOXS,34343,0,87800,94700,28712779,90875145805
2103,CGIC,173,0,353100,355200,20244,353900024698
12376,XNDU,5685,0,134800,146400,681406,137231026289
8218,OMEX,164,0,10700,11000,29005,10835893811
3131,DRIP,353,0,43300,45400,967666,44113110515
3504,EMEQ,95,0,617200,644600,10047,622901194386
4334,FRO,2321,0,361100,372000,176924,366366652913
9421,RENX,318,0,19400,22500,47349,20879980569
11273,TSLW,48,0,256800,267000,7498,261052747399
1000,B,22681,0,400700,421100,1688564,407303783273
847,ATLO,298,0,274000,280000,14964,275600280673
11120,TNYA,1010,0,8264,9900,414557,8756435153
8763,PLUG,12778,0,35800,39800,13524478,37251409303
10308,SNDA,328,0,376200,383300,20314,378481574283
35,AAPW,3,0,402100,407800,260,405423076923
1646,BSBR,426,0,53000,54500,66237,53295778794
6733,LLYVA,501,0,961400,973000,19749,967631424375
7492,MUFG,3663,0,185600,190400,626135,188947654898
2350,CNRG,1,0,1115000,1115000,100,1115000000000
12623,ZS,9018,0,1522300,1627000,419950,1597928528396
2449,COYA,462,0,49000,53200,26606,50518353003
7446,MSTZ,1723,0,47000,51600,777250,49540303119
12174,WRB-F,8,0,191900,192200,297,192039057239
1901,CAT,9188,0,8800400,9130000,188686,8867026702034
10220,SLS,8101,0,69600,74600,1087339,71390978894
11065,TM,1364,0,1906700,1950000,47695,1920787763916
792,ASPI,4009,0,56700,60400,674340,57723924133
5879,IQQQ,37,0,489000,494900,3860,492213704663
7168,MGX,108,0,13100,13500,16062,13151562694
1609,BRID,4,0,76000,77400,13,76823076923
11882,VOYG,2784,0,327500,354000,104915,340083298860
12309,XFLT,13,0,192000,192500,1276,192252899686
2036,CEG,19134,0,2665900,2738000,517408,2687154055793
5803,INTC,253273,0,1067700,1119000,16962673,1087511606844
6081,JBIO,1299,0,221600,241900,70888,228050217244
994,AZO,805,305,33145000,34075500,4123,33476632840164
8021,NVDY,1051,0,143300,146700,186161,144879317902
10203,SLJY,8,0,334100,357500,546,334802197802
775,ASIA,2,0,423000,436100,65,435696923076
4794,GMMF,4,0,1002300,1002800,3020,1002796688741
4962,GSIT,2297,0,92600,107500,270541,99206038641
10049,SG,7360,0,67500,81000,832544,78153245113
485,AMAT,39685,0,4225000,4445000,1385667,4358944023491
3812,EXK,3875,0,96400,103600,597568,98916626392
8899,PRGS,2182,0,271600,279000,95345,276770111699
8600,PERI,1063,0,102200,104700,55161,103268856619
7491,MUD,6957,0,177000,188000,3325627,183158114965
4549,GBTG,235,0,93400,94200,48517,93575179833
9263,QUCY,54084,0,24000,49200,11353475,36627996335
2374,CODI-C,1,0,218600,218600,1,218600000000
12647,ZVZZT,562,0,101000,300200,108655,272344306290
2388,COHU,2549,0,459000,477800,136178,470064649943
2289,CMCT,21,0,52800,54900,3197,53774038160
12562,ZBH,4643,0,828700,842400,202779,836966065026
4745,GLIBK,1711,0,252000,261900,126955,254639139065
7102,META,34337,0,6060900,6211500,1094787,6146758013293
1129,BCAB,56,0,42000,45300,6252,43005566218
11402,UAL,11415,0,927500,949500,701798,935045241080
4331,FRMI,10383,0,64400,72000,2892583,68000488594
9418,REMG,5,0,353800,356800,560,355145892857
10212,SLNHP,11,0,100700,106700,322,104213975155
5125,HCTI,198,0,21500,23200,16707,22345819117
7109,METU,5194,0,243700,255600,385520,249683425503
11738,VEON,263,0,532000,544100,19695,539413079461
6651,LFMDP,1,0,238500,238500,2,238500000000
1783,BWAY,511,0,149000,158000,47847,151038368131
12056,WEAT,296,0,240000,247400,37505,241408473536
6969,MAXI,15,0,114600,117500,5890,115703701188
4985,GTBP,473,0,3785,4641,306467,4147635918
10072,SHAK,3001,0,599400,620000,126642,604780783626
3818,EXPE,4495,0,2152000,2208100,166335,2181406384104
3697,ETN,6130,0,3953600,4040100,140099,3986893154126
2580,CRWD,16409,0,5619700,5982100,356621,5887797363307
7667,NCT,25,0,24200,25000,9014,24955014422
3689,ETHE,2302,0,178700,183500,328733,180372524510
5726,IMRX,1486,0,50300,52500,101529,51237809886
8083,NYAX,67,0,633900,642500,4751,638212186908
2538,CRDU,375,0,439500,480000,21571,458783232117
11281,TSMX,2986,0,775600,810000,162027,793105437365
1008,BABX,1056,0,263200,282300,135279,268462442064
12390,XONE,18,0,493700,493700,2489,493700000000
2117,CGTX,244,0,11200,12000,70110,11467682213
2381,COF-L,21,0,164300,165300,2300,164682608695
12654,ZYME,2229,0,236500,243500,112786,238393765183
3226,DVLT,5329,0,4800,6937,4308789,5437743378
5832,IONZ,1772,0,36100,41100,964740,39157824491
745,ARTNA,187,0,312600,321100,9069,316254195611
646,APPS,2106,0,41200,43200,405162,42455463246
10919,TEN,350,0,416000,426900,13164,421352415679
10733,SWX,885,0,872600,884500,26858,876653857323
460,ALP,3449,0,2974,4117,1743414,3547122098
11708,VCR,99,0,3846100,3875700,2493,3857113156839
1435,BLDP,8109,0,39100,47200,4275879,43328876588
8197,OKLO,13379,0,617000,657500,664488,627528691413
3110,DOX,3276,0,602600,626100,151849,606954827493
10323,SNOV,1,0,262300,262300,300,262300000000
50,ABCL,3954,0,40100,43000,1210088,40986381899
10224,SLV,54837,0,685300,715500,4243660,693616160272
5137,HDSN,1644,0,47000,50100,156978,49003253959
9478,RGTI,45797,0,175500,188500,4916688,180425878111
4391,FTCI,557,0,42500,50900,61893,45700710904
1004,BABA,19278,0,1319500,1368300,1226408,1333516326214
11277,TSM,25174,0,4010800,4098000,719900,4055225049312
6190,JOE,251,0,630200,641900,8917,635412302343
9285,QYLD,2604,0,177800,181200,2019634,178778858298
7855,NOC,1649,0,5392800,5525100,18686,5421508701701
5498,IBIT,15383,0,445100,458000,5038427,448893652284
10684,SUPV,253,0,74000,79000,14735,75118181201
411,ALBT,17,0,3301,3450,3881,3414839989
312,AGZ,3,0,1087600,1088200,34,1088182352941
10585,SSYS,1975,0,83800,87000,143894,85252613034
1062,BATL,547,0,21300,23200,109027,22390260210
11909,VS,24,0,11200,12000,726,11421487603
1636,BRUNW,2753,0,149900,199500,80227,175850176374
6350,KGC,17023,0,281300,301000,1083969,285621681708
11536,URA,5826,0,497500,513800,395904,501566304710
1263,BFLY,1170,0,37800,40700,194552,38706436325
4727,GLBE,2597,0,276800,283300,167156,279968174041
9814,SATL,17653,0,81600,99000,2365025,94420992082
8332,OSRH,102,0,5700,6159,91508,5803457380
3618,EQNR,6875,0,379000,396300,689473,388651896013
1184,BDCIW,1,0,4908,4908,18,4908000000
11457,UGL,2714,0,561500,577000,112909,569799159500
6743,LMRI,3117,0,64500,76000,273880,68102233459
3631,ERIC,2980,0,123800,126900,1100465,124915978427
6958,MASK,129,0,16000,18300,10763,16754984669
12045,WDFC,389,0,1998600,2028000,4846,2014941683862
1871,CANG,76,0,4800,5252,17053,4949312965
12144,WMB,11783,0,771000,782400,620821,776901455008
7057,MDLN,15715,0,361300,391700,1251155,371973252394
7430,MSOX,765,0,27400,32500,164023,29315080811
4169,FLIN,431,0,343500,347700,51342,344059473725
1520,BNGE,1,0,304600,304600,300,304600000000
11793,VIG,1081,0,2293300,2304800,65795,2296932002431
6706,LINK,13,0,34200,36300,5021,36216729735
8237,ONDS,76658,0,104700,121100,17331907,111050053251
10211,SLNH,6258,0,19100,23500,4322803,21380211705
9214,QQQM,11980,0,2905100,2944400,809035,2923838455691
3669,ESPR,41,0,31200,31300,297196,31246307150
8756,PLTR,77019,0,1307000,1356300,4103346,1340291039946
10184,SKYW,999,0,811400,830200,33901,818698463172
2268,CLST,14,0,158600,159300,1434,158909344490
12541,YSS,3322,0,233900,300000,215719,242355388723
4779,GLXY,13320,0,293000,314400,772920,299203944780
5152,HELE,2099,0,225000,234100,108306,228020031207
6719,LIVN,1556,0,697300,717000,51332,703181230031
1533,BNT,14,0,454800,459700,749,456023230974
11806,VISN,6266,0,112200,115400,938511,113966432785
7606,NAT,891,0,53900,55500,115513,54639581692
2892,DEO,5313,0,805800,820500,146117,816038668327
7979,NUGY,75,0,151500,154500,2163,153456403143
300,AGNT,2538,0,46800,49600,325097,47722775048
10573,SSO,3848,0,660600,671900,411583,667100630978
65,ABNB,8735,0,1312000,1340200,392953,1328752214386
10338,SNXX,4144,0,1370100,1607200,218187,1520111629015
5251,HNRG,2883,0,181300,192900,161308,183927153643
2575,CRUS,1721,0,1581300,1613300,47754,1600773355111
10386,SOUNW,28,0,25000,26900,3093,25846815389
113,ACI,3141,0,164000,167300,314922,165103968284
10287,SMST,395,0,243300,268200,68953,260117275535
2470,CPNG,9080,0,160700,166100,846288,162883778335
4827,GNW,919,0,90700,92000,80622,90973115278
9914,SCLX,73,0,61500,65500,14137,63314635354
7184,MICC,12296,0,150800,185600,1939456,168084735204
8293,ORA,2445,0,1298500,1354400,99492,1318065624371
8855,PPBT,13,0,38000,40000,584,39352054794
6359,KIDZ,37,0,4600,5151,35084,4701904343
800,ASST,8953,0,163400,174000,545520,167322018807
11073,TMDE,18,0,8700,9000,10302,8855775577
2441,COST,10425,0,10392300,10574200,190698,10476184626477
7528,MWA,2634,0,254300,260500,147794,257480712342
4450,FUN,3643,0,199600,221100,245402,213697288530
9537,RKLZ,3760,0,24700,27400,2316826,26134664407
8759,PLTW,97,0,207000,215000,2608,211297852760
3672,ESS,1390,0,2652800,2699200,28696,2666037315305
1423,BKU,924,0,448900,457100,42360,452176994806
11696,VBK,195,0,3369500,3420300,6288,3382976017811
9339,RCAT,13320,0,92300,96800,1570803,94400376368
4252,FNB,2840,0,169900,172700,287189,170903959065
9099,Q,2953,0,1548100,1611000,97909,1571708398615
6742,LMNX,38,0,108700,114000,3639,110839296510
1619,BRLS,94,0,12800,14100,3582,13719318816
11892,VRAX,396,0,1351,1567,122310,1435424053
11991,W,6129,0,577500,611900,337327,586178136051
1718,BTOP,10,0,297400,300000,327,297580428134
6805,LPRO,762,0,17600,18600,122851,18309671064
9535,RKLB,43477,0,1218100,1303000,2731628,1254077900065
8426,PALL,137,0,1278000,1294900,7342,1287370552982
9813,SATG,190,0,201500,222500,22090,214514617473
5099,HBR,22,0,125000,128200,3555,126845569620
10186,SKYY,1446,0,1261100,1300400,69630,1284165010771
12156,WOK,8395,0,5800,12700,3722128,8024079183
7069,MDXH,1054,0,6800,9795,233060,8904935415
7442,MSTU,6116,0,74300,83900,1418198,78683578245
2728,CWVX,182,0,326600,360500,31630,339704369269
4807,GNL,948,0,91400,93200,90314,92699726509
7164,MGRT,90,0,1320000,1370000,750,1343388800000
4892,GRAB,3050,0,34700,35700,3121609,35310219281
6751,LNG,5512,0,2410800,2481200,132738,2432518180174
806,ASTLW,33,0,325,450,36397,410952138
11079,TMF,5296,0,325600,333700,458910,327917152818
2555,CRMD,3867,0,75100,82000,408196,76799011259
4912,GRID,894,0,1900400,1950000,56351,1914497041756
8239,ONEG,84,0,9200,10900,25981,9555572302
7509,MUU,13425,0,4893500,5622900,322690,5187333274659
7346,MPLT,517,0,277900,297200,23404,290139877798
4616,GEMG,296,0,158700,255400,13761,187187951457
9703,RUN,15871,0,136400,143700,1489839,139996721659
6059,JAKK,212,0,212000,215100,6024,213202888446
1541,BOC,574,0,108700,112100,24326,110248117240
11814,VIXY,10410,0,266600,278800,627998,271292414466
11913,VSDA,9,0,543900,546200,25,545320000000
1640,BRZU,35,0,960500,994900,2005,979730573566
7339,MP,6276,0,585000,622800,265630,609185493731
9696,RTX,8808,0,1707500,1760000,388074,1718582221947
1046,BAMY,5,0,276000,276200,363,276119008264
11319,TU,792,0,121900,124100,244755,122907606790
9087,PYPL,19554,0,442000,452300,1751587,447582230343
4000,FEMS,18,0,466400,468600,906,466680022075
4009,FEPI,270,0,444000,451300,25685,446710399065
6366,KINS,757,0,146100,152100,61794,147793017121
11552,USAF,1,0,274400,274400,1,274400000000
1279,BGDE,115,0,59000,65000,13249,60537610385
821,ATER,528,0,10700,11900,95387,11199381467
5908,IRTC,1359,0,1138100,1168600,54330,1149024018037
6007,IWM,87975,0,2764400,2824400,5706133,2783283072459
170,ADAMO,22,0,251900,253100,4024,252344408548
10443,SPIR,2291,0,176000,204500,132390,194876758063
5356,HUHU,76,0,90000,97300,15253,94180816888
7616,NB,3761,0,54000,57600,587965,55196702354
2529,CRCO,14,0,234500,242900,579,240274265975
9973,SE,4361,0,855000,902700,283877,888621382500
6495,KTOS,11602,0,516500,542100,624041,521114219578
5386,HWM,4427,0,2596700,2705600,161879,2629563914405
10572,SSNC,9169,0,645200,657800,533642,650676247746
299,AGNG,21,0,347700,351500,279,349025089605
4834,GOF,331,0,111500,112500,35129,111950639073
9548,RLMD,3355,0,67700,75500,260937,69526518278
1632,BRT,31,0,141900,142900,847,142544155844
11905,VRT,10892,0,3566200,3737600,244922,3684282306203
3688,ETHD,121,0,517500,541000,7262,530641889286
8402,PAAS,17666,0,558200,591100,730848,566511340114
3315,EBS,720,0,79100,84400,32628,79947728944
7293,MNDY,4991,0,684700,729700,290369,713200140855
2107,CGMU,121,0,271400,272100,40851,271740287875
12380,XNTK,150,0,3337600,3394700,5148,3369897843822
12479,YAAS,7,0,8720,8722,3007,8721199534
2206,CINF,3154,0,1647000,1676400,131487,1661705278848
5130,HDB,4319,0,243100,245900,553855,244318417816
10316,SNES,27,0,16100,16900,8693,16629541010
43,AAUS,1,0,594000,594000,1,594000000000
10217,SLQD,44,0,500000,502500,4606,502405058619
7487,MU,199266,0,7151900,7647100,5547213,7345838011448
2400,COLB,7505,0,284800,292400,595907,287611928706
11965,VUSE,2,0,698300,698300,4,698300000000
1692,BTAL,194,0,121100,124400,21172,123106055167
9509,RING,443,0,755600,792900,24804,767414876632
4422,FTPA,2,0,85800,86300,1100,86254545454
12368,XMHQ,37,0,1070900,1076500,959,1073623774765
2095,CGEN,1194,0,27200,30300,108147,27910048360
11259,TSI,1,0,45200,45200,100,45200000000
986,AXTU,58,0,255000,352000,3369,314494360344
342,AIFU,121,0,18400,25000,21739,23062969777
10615,STLA,2266,0,74400,77000,1754967,75232544543
4653,GGLL,1200,0,1415100,1463800,58530,1440552157867
1451,BLOX,73,0,168000,177100,13460,170213291233
11724,VECO,4766,0,559700,588500,201211,579598611904
6637,LEXI,4,0,392500,395100,346,392990173410
2852,DDOG,12816,0,1985000,2112100,631196,2070636467277
7780,NIKL,109,0,159700,165500,10649,161178814912
2693,CVKD,65,0,50500,54000,6732,51924792038
224,AEP,15302,0,1246900,1288500,930675,1256732880543
10497,SPXS,3670,0,272100,279200,2062757,275296413149
4843,GOOG,52348,0,3892000,3958800,1630369,3930364484359
271,AGGA,2,0,249900,249900,200,249900000000
10544,SRRK,4052,0,489400,514100,268544,495879270063
7441,MSTR,37302,0,1736000,1841600,1874881,1770688231786
12627,ZSL,4280,0,186300,201000,2145561,195926539119
2354,CNTB,134,0,23400,24600,10888,23956934239
9937,SCYB,38,0,260100,261000,5541,260464681465
4850,GOP,1,0,444800,444800,1,444800000000
5223,HLAL,38,0,697800,707700,2431,701852941176
37,AAPY,1,0,264400,264400,4,264400000000
10310,SNDK,51806,0,13160000,14261100,1320054,13891929310467
9836,SBFM,417,0,2814,4694,62237,3528903289
1920,CBNK,259,0,299800,302000,7806,300590481680
12193,WSHP,82,0,68800,73900,4607,69270045582
408,ALB,3502,0,1796500,1888000,121000,1822125721487
4844,GOOGL,84104,0,3927000,3995400,2443118,3966532859894
5499,IBKR,19007,0,860000,878100,738928,871201572954
785,ASML,22219,0,14866900,15350600,259014,15093569377330
5221,HL,9520,0,175400,187700,806837,178560350107
9414,RELX,5816,0,314700,324300,438090,322591693944
5126,HCWB,46683,0,7111,14200,20177538,11563586448
10213,SLNO,1062,0,529800,530300,470615,529986752653
9701,RUM,4490,0,69200,77400,537601,73916523964
11231,TRTX,576,0,80600,85900,39405,81205215074
958,AVY,1001,0,1560200,1584700,25182,1572700293860
303,AGPU,916,0,48600,62600,52848,58299286633
10576,SSRM,10752,0,309100,334000,574845,314263543215
10675,SUMAU,1,0,101000,101000,8,101000000000
402,AKRE,191,0,528500,535300,41831,532997683536
5519,IBRX,6726,0,78100,81400,1414428,79762330001
7876,NOW,57017,0,904500,966700,2483004,945878409901
2789,DBA,732,0,277600,279600,175205,278365495847
99,ACEP,2,0,191900,191900,205,191900000000
10372,SONY,5282,0,222900,226600,619562,224949670896
5285,HPE,16001,0,327000,335500,1275329,330437127909
10471,SPSC,1877,0,497000,520100,66138,513217238198
198,ADUS,1099,0,899200,925300,42010,908019900023
5658,IHG,637,0,1477200,1491900,27835,1483705173342
10844,TCBIO,20,0,208700,210500,954,208940356394
571,ANGHW,59,0,86,185,87457,153129503
515,AMLX,3927,0,131700,138200,261874,133443326943
5602,IESC,1231,0,6663300,6918700,17968,6785330014470
2872,DEC,1199,0,159100,162800,82900,160968628468
6477,KRUS,642,0,474000,507000,30532,497527322153
8834,POLA,92,0,15200,16900,11198,15803268440
12036,WCPB,3,0,251100,251400,400,251275000000
1763,BURU,149,0,1820,2000,88551,1930867872
1664,BSJV,12,0,261500,262600,832,262055649038
11937,VTEB,952,0,497400,500200,437684,498026083658
2604,CSL,1145,0,3306300,3450000,18318,3343168249808
7318,MOBX,3677,0,21500,27300,1159092,24004587125
12504,YEXT,618,0,34600,35900,52348,35189386413
2231,CLDX,1907,0,311500,328900,106014,315277941592
11996,WAFDP,24,0,164100,165200,856,164532710280
1723,BTSG,7279,0,572700,582900,321435,578493669948
1624,BRNY,4,0,547800,550200,41,549024390243
11897,VRIG,18,0,251200,251300,1116,251246594982
6437,KORU,1100,0,7200000,7840000,18542,7554118897637
4411,FTLF,61,0,102700,108500,2045,105660733496
11482,ULTY,363,0,307800,318300,16218,314730207177
11581,USFR,132,0,504200,504400,96315,504300554430
1308,BHE,608,0,832000,854000,16193,847164750200
6395,KMDA,266,0,77100,80100,14754,77716104107
778,ASLE,2067,0,63600,64600,155468,63969813723
11051,TLRY,1761,0,52300,54500,441288,53282614754
5964,ITUB,1336,0,77800,79900,1701008,78190172415
8694,PIII,61107,0,47400,143400,5625220,105833524342
3607,EPV,6,0,198500,202500,28,200800000000
12313,XHB,8950,0,963000,990200,314445,968226982143
2040,CELH,14928,0,287500,304200,1249821,299800262757
7127,MFIC,1173,0,109100,111000,125010,109921357491
4086,FICO,1864,0,10700000,11120700,13842,10936476527958
6443,KPDD,121,0,72500,75500,53752,73971307114
1257,BFH-A,6,0,252000,252000,352,252000000000
11530,UPST,15250,0,284000,306600,1337360,294647058009
884,AURE,22,0,24100,25000,1613,24785678859
11157,TPET,395,0,3801,4133,53218,4028164042
983,AXSM,1921,0,2250000,2300600,57120,2278108524159
6070,JANX,2542,0,136300,143900,158890,138656289886
9261,QUBT,20930,0,103700,114800,3723628,107402405852
12463,XVV,6,0,564500,565900,209,564655980861
2190,CIFR,32196,0,200400,219000,2878536,204829106601
3795,EWT,11359,0,906800,920400,843564,914153529666
12579,ZECP,3,0,366400,367400,248,366938709677
2306,CMPX,1511,0,18500,19500,500800,18830622404
1461,BLUC,3,0,309400,310600,266,310024812030
11734,VELO,4193,0,178200,204500,714618,186799029691
2584,CRWU,145,0,75800,83100,65562,79531594521
7298,MNRO,2497,0,155400,163600,137888,157736159781
12484,YBIT,7,0,242500,244200,165,243860000000
2211,CISO,70,0,2826,3066,12676,2967310350
9029,PTGX,1853,0,1017200,1043100,58792,1024376983263
3942,FDEV,34,0,361300,361800,2383,361532731850
6811,LQD,7936,0,1076900,1081600,3031141,1077914792647
9307,RAMP,1047,0,290200,300400,26864,297046616289
12410,XQQI,175,0,517000,527500,26472,521417010426
4593,GDX,72256,0,868600,915400,3584168,881016587308
6710,LIT,330,0,837000,848400,20643,841279479726
11896,VREX,2197,0,96600,100500,167936,97291112685
1623,BRNS,8,0,6369,7200,1834,6980482551
4882,GPRO,955,0,10900,11600,544186,11292652879
9969,SDTY,6,0,423400,425800,201,425593034825
2525,CRCA,603,0,474700,554900,21069,513263505624
7612,NAUT,469,0,24700,26200,44478,25183146724
2372,CODI-A,1,0,206200,206200,1,206200000000
12645,ZVRA,3602,0,110000,115200,184078,111786323732
10288,SMTC,5477,0,1328900,1402900,333516,1372209573453
5201,HIHO,11,0,7700,7702,307,7701954397
10387,SOUX,46,0,204200,224800,8279,219769996376
114,ACIC,1890,0,106400,108900,102842,108006280507
5991,IVV,13899,0,7404900,7469400,318404,7438663244494
11177,TQQQ,63013,0,742300,773600,15690290,756637494437
904,AVDV,122,0,1072200,1085800,7587,1079171648873
805,ASTL,2591,0,50000,53500,462352,52104824679
11078,TMET,4,0,320400,322400,210,321234285714
3634,ERNA,1737,0,90000,150000,207169,133380219530
3122,DRD,596,0,261200,278800,24979,265860975219
8184,OII,1539,0,368600,383700,56789,376095182165
3549,ENLT,651,0,850000,888500,33467,860366853915
5350,HUBC,5461,0,1130,3085,6075304,1945055709
10536,SRHR,2,0,565800,566300,20,565825000000
263,AGAE,45,0,3901,4262,11353,4032758037
164,ADAMG,9,0,252000,252700,2073,252672358900
10437,SPHQ,2745,0,824000,828400,110019,826201258873
12157,WOLF,8464,0,595500,670500,516748,628696620015
1884,CAR,1783,0,1460000,1524500,50448,1497948301221
1785,BWBBP,6,0,198500,198800,1003,198500299102
12058,WEBL,145,0,237500,251400,28112,247826462009
6598,LCUT,240,0,70900,77500,17918,73135227145
11312,TTMI,5933,0,1591900,1696200,255262,1660518506475
12172,WRB,3898,0,660000,670300,160941,663562543416
1899,CAST,86,0,14300,18500,12048,15771621845
3839,EZRA,275,0,1134,1232,90201,1207880910
8553,PCVX,3047,0,518600,540000,137734,526620991185
3466,ELE,871,0,167700,183000,102206,170858563098
3850,FABC,479,0,37600,42800,165883,39639236690
8937,PRVA,3917,0,228400,234400,174813,231475716336
6207,JPM,12582,0,2965000,3002800,374078,2979943388009
1021,BACCR,70,0,3300,3500,11832,3346374239
11294,TSUI,16,0,217700,224700,1202,219648918469
11766,VGK,4731,0,856700,867600,178300,858790152551
1493,BMNU,3808,0,16200,19500,2728540,17534374390
6580,LCCC,18,0,103500,105000,2378,103855719091
370,AIRJ,2275,0,35500,40900,179714,38370600509
10643,STSM,1,0,227500,227500,10,227500000000
10774,TACOW,2,0,6500,6500,200,6500000000
501,AMDW,31,0,893400,927300,1610,909581863354
5588,IDXX,3068,0,5273200,5397200,55446,5310146562421
5449,IAUX,479,0,14400,15100,1473441,14725608151
2719,CWEB,571,0,255000,265700,80819,258553816553
9252,QTOP,341,0,375200,380000,34099,377769087070
4165,FLGT,1618,0,156700,161000,82346,158317397323
3842,F,16386,0,132900,143000,5296671,134886771653
10397,SPAI,4968,0,41200,55500,316791,47448834405
124,ACMR,5439,0,596700,651200,370638,632108681246
3366,EDV,1602,0,613600,622100,91534,615318927393
11282,TSMY,48,0,163900,166000,6117,165067009972
1009,BAC,16798,0,493100,499900,1541914,496493119006
8080,NXTT,177,0,14000,15800,32160,15116623134
7947,NTR,5297,0,704400,716300,211668,712097656235
31,AAPG,193,0,191100,200000,10339,194177966921
10304,SNAP,4444,0,52300,56200,1117598,54730426682
5217,HIYY,18,0,138700,145000,4060,144162660098
8018,NVDU,968,0,1550000,1668200,63230,1599977763719
2931,DFLIW,35,0,500,669,18817,619506456
11081,TMFE,4,0,295500,296300,265,295851698113
808,ASTS,38314,0,771000,861500,2855682,814184507063
5895,IREN,119004,0,524000,574500,7960411,541275809691
709,ARKF,46,0,401200,412100,3470,408852219020
10982,THM,484,0,24300,26200,43202,24755932595
10236,SMA,1141,0,294200,307600,42669,296477346551
3342,EDBL,3965,0,3037,6400,1128881,4715987851
11258,TSHA,3747,0,58100,64900,552361,59397086325
985,AXTI,21057,0,1081600,1285000,1444048,1215157051427
7429,MSOS,2121,0,43500,48000,486861,44898481085
12615,ZNB,21,0,16400,17300,691,16887988422
2342,CNO,1305,0,467000,473000,44401,468768617823
9786,SAFX,513,0,4120,4510,173619,4238735374
1870,CANF,3,0,33600,34000,144,33877777777
12143,WM,3044,0,2188200,2220900,83482,2202045649361
5072,HAO,705,0,202,263,4896541,222488601
600,AOMN,4,0,250100,251000,164,250835365853
10873,TDIC,16254,0,6801,21300,5535663,13993534900
3802,EWY,16185,0,1767100,1815100,1183589,1794104872468
8009,NVD,2854,0,40600,43400,7956987,42293459257
2922,DFH,1299,0,128100,133300,55830,130853272434
9257,QTUM,672,0,1421000,1460000,41899,1433528492326
6900,LYFT,11186,0,127600,130500,2063927,129312705391
4184,FLO,3094,0,71200,74400,706495,72013748717
9271,QUS,4,0,1833400,1844300,61,1841798360655
6541,LAES,2117,0,28200,29900,748430,28803002017
1355,BIP-A,6,0,171000,172300,369,171808672086
11628,UTWO,31,0,480900,481200,2648,481004531722
982,AXS-E,13,0,194300,195000,780,194694102564
11255,TSEM,5648,0,2625000,2786900,234488,2725658540309
7865,NOK,22485,0,136200,141700,10662331,138408701080
9359,RDAC,42,0,81800,88800,2188,86207678244
12561,ZBAO,303,0,6715,10000,105147,8800523505
2288,CMCSA,16444,0,247000,255300,3183509,249544498570
7375,MRNY,42,0,157200,162200,2502,159394844124
7002,MBRX,197,0,20200,23000,23535,20726666666
12089,WFCF,43,0,92000,105700,2268,96138227513
4645,GFI,13493,0,402500,423800,679070,407931173958
1026,BAFN,176,0,64600,65700,13958,65084725605
11299,TSYY,214,0,31100,31900,27633,31299822675
1125,BBY,5282,0,560000,567900,237841,563956567622
9528,RIVN,20941,0,136600,143600,4705592,139398766085
7074,MEC,297,0,250000,259000,14500,255192717241
47,ABAT,1674,0,31000,33700,573197,31496365472
10320,SNN,2341,0,294800,298900,150924,296686529644
4775,GLW,21087,0,1894000,2015500,1002627,1954769698601
2557,CRML,7896,0,109500,118400,1038552,112056992813
39,AAT,781,0,205600,208500,17525,207534841654
10312,SNDQ,7246,0,90200,105200,2052048,96551985382
10411,SPCT,3,0,271800,272000,120,271915000000
138,ACRV,469,0,17600,18900,70835,17955623632
2257,CLOZ,19,0,263900,264400,1878,264217997870
12530,YOOV,1099,0,9800,13000,230498,11290661524
7443,MSTW,53,0,83900,88500,14651,84975360043
12629,ZSTK,388,0,40900,55000,22661,49101350337
2356,CNTX,630,0,21400,23000,74377,21919219651
331,AI,3535,0,86200,89600,304121,87196057819
232,AESR,8,0,195000,195200,531,195075894538
10505,SPYD,1100,0,461600,466700,113092,462963575672
5418,HYPD,356,0,32700,35300,51188,33812626006
11698,VBNK,119,0,170200,174900,20604,171272529605
1425,BKV,1382,0,282300,287600,46299,284611315579
6512,KVYO,6704,0,141300,148700,502246,145306103781
580,ANNA,209,0,34300,38400,36593,35994348645
10853,TCOM,7456,0,495400,502200,520472,497777921386
4060,FGMC,37,0,103200,103400,904,103339380530
6417,KNRX,13,0,7720,8001,2682,7826652125
1231,BEP-A,1,0,182000,182000,19,182000000000
11504,UNIT,2277,0,108900,111100,223263,110360642381
12480,YALA,119,0,65200,66300,9971,65520639855
2207,CING,286,0,42000,46600,47162,45372352741
7294,MNKD,1525,0,30700,33000,387053,31032790858
4564,GCT,1748,0,353600,368100,85236,360581464404
783,ASMG,113,0,386000,409100,4560,397499561403
11056,TLT,17631,0,835900,844000,6005921,837830003874
11155,TPC,783,0,790000,807000,21122,796504313038
882,AUR,8806,0,76500,80200,2557897,78042446353
11348,TWG,12,0,31400,32400,1197,31803592314
1075,BBAI,3624,0,40600,43000,1198588,41533772322
6162,JKS,786,0,240800,248800,43620,245400527281
11249,TSCM,5,0,192800,194400,667,194071064467
7634,NBIZ,913,0,14400,16700,1143720,15534927517
2366,COCH,62,0,6470,6598,24617,6477876467
12639,ZTS,8089,0,736100,768700,430193,743965442719
7552,MYGN,1225,0,35700,37400,218677,36149578144
10282,SMR,22139,0,111100,117800,2332362,113517724435
5195,HIDE,9,0,243500,244600,428,243558411214
10381,SOTK,6,0,49900,50500,1363,50461261922
108,ACH,1276,0,29000,31700,77916,30152894142
3211,DUOL,4292,0,1078100,1128800,202837,1108982206895
854,ATOM,1768,0,84700,93500,189937,88577063973
4734,GLDI,51,0,1642100,1666800,2398,1650715721434
10293,SMUP,116,0,93700,104900,9502,100179846348
20,AAL,10568,0,122800,126500,3669806,124075550887
6396,KMI,7561,0,332900,338100,526653,335335374905
11483,ULVM,4,0,1007600,1013100,117,1011758119658
6023,IXHL,258,0,38300,40200,69980,39553778222
11209,TRNO,748,0,648600,656800,27177,651844118188
936,AVOS,1,0,263100,263100,1,263100000000
6812,LQDA,5116,0,561100,585800,339125,570444394249
9169,QLD,12796,0,901700,926400,772789,913217027804
1253,BFC,312,0,1409400,1430000,5727,1413533036493
11526,UPRO,4291,0,1385000,1423000,306847,1406146923059
11625,UTRE,1,0,491500,491500,100,491500000000
1352,BIOX,28,0,4300,4506,4208,4401901378
11269,TSLQ,12605,0,168300,181700,2708933,175271999233
7945,NTLA,20241,0,128600,141400,2074132,136107965163
67,ABNY,1,0,401900,401900,2,401900000000
10340,SNYR,78,0,2735,2910,9722,2812076836
5253,HNVR,213,0,224800,229700,7120,227648707865
11185,TRAX,282,0,132000,182200,28896,173095989064
912,AVGO,52530,0,4220100,4331000,1853883,4266582959334
10965,TGLR,2,0,394100,394500,29,394486206896
692,ARCT,2729,0,74100,82000,166261,74811308123
12477,XYZY,7,0,266000,270300,650,268335846153
12576,ZDAI,337,0,13600,21700,43670,18843400503
2303,CMP,868,0,287600,300000,31470,293677836034
5823,INVZ,997,0,6800,7515,485396,7204371846
6654,LFST,3499,0,75800,81500,616755,76457795883
1095,BBEM,25,0,747400,755800,1273,751264807541
11368,TXN,16877,0,2979900,3075500,633944,3038941032961
6281,KARS,2,0,357000,361100,26,357157692307
6057,JAGX,123,0,34500,39500,8799,36807682691
3327,ECG,890,0,1546400,1642500,22376,1567262182695
8041,NVTX,97,0,760100,923400,4605,836720390879
11639,UVXY,34283,0,353200,377200,2709450,361426445145
9282,QXO,15507,0,161900,174200,1528588,166238131661
4195,FLS,3873,0,647500,672700,190906,656311457471
1227,BENF,46,0,32000,37100,5305,35248689915
11500,UNH,13998,0,3750000,3975800,370066,3922032516632
8294,ORBS,2124,0,8200,8904,1967727,8355257864
239,AFCG,2077,0,29400,33100,160928,31128535121
10512,SPYU,614,0,330000,339500,88788,335315525746
4596,GDXU,680,0,1538000,1986400,37829,1641776703058
9749,RYAAY,2946,0,531100,543600,209500,536881253937
4662,GGRP,426,0,5000,6666,78201,6028606935
6422,KO,16756,0,804600,813300,749795,809340749404
11608,USSE,9,0,388900,389900,800,389350000000
1335,BIIB,3545,0,1905900,1949100,146180,1930315281844
7568,MYO,112,0,8700,9128,17087,9038915549
2481,CPRT,11674,0,322900,331600,1165832,325978062276
497,AMD,86757,0,4195600,4390000,3777875,4303210764517
5584,IDVO,101,0,418800,426500,10120,420019041501
398,AKBA,980,0,10600,11400,466998,10942041721
10671,SUIS,9,0,282800,291700,687,288022416302
7012,MBX,2132,0,318200,354900,96648,333016997765
9369,RDHL,42,0,9900,10300,6815,10094211738
4282,FOFO,78,0,23200,24200,6774,23712725125
6849,LTBR,3152,0,114100,124000,237801,116746444716
1663,BSJU,24,0,257100,257400,2065,257356271186
11936,VTC,137,0,760500,761500,10872,760850956585
9206,QQQ,141889,0,7055500,7151300,8962966,7102595204890
2676,CURI,2525,0,23000,29000,368057,24729597589
9747,RXT,18971,0,57800,73200,3919021,64066391989
9886,SCHF,1108,0,266300,269600,325336,267175544052
2815,DBX,8389,0,260800,268600,474074,266081694419
7529,MWC,187,0,70800,81000,68167,79598817609
10025,SEZL,1285,0,973900,1020000,39529,999329001492
4938,GRWG,575,0,14600,16400,89064,15704030809
3037,DLB,1073,0,541300,551000,41284,544928613990
12564,ZBRA,3514,0,2535000,2605700,108357,2578774974390
2291,CMDT,5,0,344200,345700,664,345558433734
7751,NGG,15177,0,794700,840800,1026651,804777939728
2664,CTXR,136,0,5800,7335,36534,7064409207
8833,POET,75763,0,150000,219000,14677037,179099720508
12452,XTLB,15,0,25500,26700,1578,25645183776
2179,CHYM,18622,0,172600,182200,1511353,176873651820
2080,CG,13400,0,476600,495800,811624,484848115013
12353,XLP,9203,0,845100,855800,1505213,848834378855
3083,DNN,1229,0,32600,34800,928896,32980315019
6707,LINT,550,0,1656400,1820000,26217,1726009417553
1521,BNGO,215,0,11500,12400,13795,11625059804
11794,VIGI,157,0,920000,923600,6804,921673265726
4489,FXN,471,0,218000,222900,62026,221427312739
9576,RMTI,103,0,7690,8499,38542,7826767292
4739,GLE,52,0,3525,4403,11618,4072345928
10298,SMYY,82,0,82800,85500,13668,82979572724
25,AAOI,25911,0,1860500,2006100,1298395,1920764464049
8301,ORCX,1624,0,419700,452300,205412,434509330516
9244,QSU,32,0,167000,182000,2504,170898043130
11601,USO,4801,0,1445700,1486400,353029,1471917203685
6514,KWEB,10612,0,281000,287000,4402453,283059875006
3560,ENTG,9493,0,1315500,1378300,560415,1334874879687
11476,ULE,6,0,127900,128300,813,128127798277
1203,BE,9963,0,2745000,2934000,352841,2815579445415
8274,OPK,558,0,10800,11200,423138,10957844722
5596,IEF,2479,0,934700,940400,904447,936204328832
410,ALBG,28,0,141000,150000,2425,145738309278
10683,SUPP,2,0,810100,814400,20,813325000000
12403,XPL,3,0,8799,9098,38,9042947368
2130,CHAU,23,0,236900,239000,4503,238040084388
4487,FXI,6157,0,361600,366700,3275825,363541941129
729,ARMW,12,0,448800,471900,424,462852830188
11002,TIGO,3449,0,777400,822500,187751,798207112079
8645,PG,12980,0,1412000,1435000,433626,1419383852905
3558,ENSG,1587,0,1774700,1803400,57443,1785461553191
1598,BRCE,1,0,284600,284600,300,284600000000
11871,VOO,23271,0,6774600,6835200,528834,6808981359557
6784,LOTI,5,0,256600,258100,516,257088372093
346,AIIA,2,0,101200,101300,101,101200990099
10619,STM,26639,0,599300,622100,1731854,610138312756
5725,IMRN,37,0,9800,10500,7640,10211780104
7180,MHO,441,0,1214000,1273700,9514,1225257883119
2093,CGDV,1267,0,477800,480400,157039,478944653239
2387,COHR,11959,0,3709500,3948200,327466,3823482661711
7967,NUAI,5569,0,48600,52800,1024011,50242647784
10324,SNOW,9710,0,1487000,1598300,442841,1569097522361
5237,HLXX,2,0,251400,332800,100,316520000000
3253,DWSN,1022,0,35700,48000,100989,42960876927
8340,OTEX,12095,0,222300,227500,925340,225655706875
9989,SEGG,2204,0,13900,20800,532413,17768519739
226,AERO,162,0,147600,151200,8202,148862679834
10499,SPXU,6854,0,381800,391900,1867127,386127118401
5412,HYLN,6178,0,34000,47500,565909,43666955464
1153,BCHT,4,0,14800,15200,1106,15197830018
11426,UCO,4333,0,490000,504700,251269,499786860297
6339,KEYS,3916,0,3480000,3580000,110720,3508938613619
6712,LITE,32868,0,9230000,9878400,570399,9578087559410
11898,VRM,44,0,111100,122200,540,114427592592
1625,BRO,4981,0,557000,571500,217160,562805227021
3385,EFA,7482,0,1015000,1021300,1167046,1018004805894
404,AKTX,15,0,34900,36000,1764,35823129251
10677,SUNB,9871,0,760000,775900,633256,767182850063
10776,TACU,3,0,268100,269200,349,269044412607
503,AME,1621,0,2269900,2301300,40211,2279612914376
5640,IGLB,515,0,489600,491100,51620,490201747384
11656,UZD,23,0,198100,199000,1009,198198116947
1383,BIZD,431,0,125100,126600,119173,125883408154
9884,SCHD,2555,0,316400,318900,773846,317495548339
5448,IAUM,1668,0,449600,455700,159702,453025860665
361,AIOT,1433,0,31300,32700,288509,32203241146
730,ARMY,4,0,235000,237300,409,237122249388
11003,TIGR,1442,0,61500,63600,350160,62101386223
3932,FCUV,2956,0,6600,12500,978326,10478363966
6548,LAND,1282,0,92100,95000,102668,93272063349
1362,BIRK,5745,0,311300,340300,337189,320411525287
11635,UVE,500,0,383300,395400,15937,387690876576
4191,FLR,3519,0,441400,453200,164184,445060178214
9278,QVOL,54,0,986800,1001000,3655,994890424076
11361,TWOD,4,0,252700,253000,401,252849625935
1088,BBCP,826,0,71400,73000,24929,72480612940
11957,VTV,5917,0,2065000,2090100,237742,2070102654558
6870,LUNL,301,0,318900,400000,14601,339019587699
100,ACES,7,0,381300,383600,570,382668421052
10373,SOPA,877,0,1300,2600,1026451,2048316171
8016,NVDQ,2293,0,93700,100300,546697,97915469995
9098,PZZA,3909,0,338500,365500,567037,350079497281
1043,BAMO,6,0,339900,340400,365,340205753424
11316,TTWO,8251,0,2401200,2461200,286477,2435365892549
6229,JRSH,162,0,32600,33300,29166,32870657615
12578,ZDGE,36,0,26000,28900,2628,27099086757
2305,CMPS,3311,0,100500,106900,383409,104008411122
6880,LVO,24,0,52300,54100,8647,52684572684
9805,SAP,8811,0,1645700,1697600,478365,1680716507478
7448,MT,4277,0,599200,622500,327146,607222067822
12634,ZTG,354,0,21300,33000,17124,25617291520
2361,CNXN,1121,0,638600,649200,21170,643265569201
11884,VPG,1236,0,927300,1030400,32329,972172380834
11983,VYGR,1315,0,37600,43000,130938,39716219126
1710,BTGO,2255,0,87100,101200,174214,89258627320
4565,GCTK,53,0,6200,6800,95560,6594285569
1363,BIS,18,0,86600,88000,1331,87841096919
11636,UVIX,4872,0,50900,55200,5499458,52594482310
546,AMUU,544,0,1650000,1807100,13589,1747650408418
9511,RIO,12664,0,1026700,1064600,556798,1035490980750
10356,SOHU,155,0,152500,155100,10662,154393078221
83,ABVX,2505,0,1144400,1205900,143519,1158748549669
7657,NCLH,9437,0,154600,158600,1394283,156035211072
2570,CRSP,7202,0,482500,504100,396444,487602054514
12385,XOMA,371,0,415400,419200,23876,417196783380
2112,CGON,3916,0,664600,698900,215861,673738948675
7199,MINT,63,0,1005600,1005900,20107,1005798488088
2013,CDNS,6912,0,3456700,3520000,185163,3488530566041
12286,XCUR,16,0,28300,30000,1523,29900000000
8928,PRSO,118,0,9431,9987,34873,9662451065
6732,LLY,5102,0,9974100,10136100,78062,10048113272783
7867,NOMD,1538,0,96900,98500,110465,97771533970
3153,DSGN,2838,0,138500,145500,143182,142482430054
8284,OPRX,1459,0,51200,53400,91970,52148996411
3570,EOLS,1615,0,64500,66600,110946,65500386674
1429,BLCN,24,0,256000,265000,1321,259439364118
11702,VCEL,1240,0,310000,333500,50097,330039094157
8750,PLTA,17,0,131400,137200,625,133051200000
3692,ETHU,3416,0,238200,252200,276435,244109611662
8779,PMBS,80,0,489400,490400,13107,489764316777
3306,EBAY,12504,0,1122500,1168400,687101,1154561629512
8393,OZEM,31,0,307700,315400,1677,310287119856
8020,NVDX,27048,0,221600,239300,2387397,228408974502
4554,GCBC,30,0,247600,265600,483,248476604554
9641,RQI,74,0,129000,130900,9666,129460252431
6911,MA,4705,0,4897000,5021800,112256,4964743265393
1725,BTT,12,0,224900,226000,1300,225746153846
11998,WAGN,28,0,145000,145800,5076,145152718676
993,AZN,4422,0,1805500,1851900,148517,1819000243743
11266,TSLL,31081,0,147600,161000,11635788,154107102965
1092,BBD,382,0,34300,35500,1682220,34591198594
8561,PDD,19045,0,938100,961500,1365639,951966604205
3474,ELME,93,0,20000,20200,36883,20113729902
7494,MULL,1727,0,4288300,4906000,45210,4548092534837
9851,SBSW,5852,0,120400,126100,516814,122036710886
4764,GLPI,5291,0,462800,469200,213464,465706496177
9144,QDVO,70,0,306000,307900,7891,306499087568
1228,BENFW,2,0,102,102,200,102000000
11501,UNHG,4399,0,188600,213600,335816,208564699716
9142,QDTE,139,0,310800,314100,14211,312693603546
8014,NVDL,17656,0,1163100,1255200,1166740,1199176411711
3686,ETHA,4475,0,166300,170900,3818149,167843253262
8773,PM,6351,0,1894500,1930000,241766,1910410396002
961,AWI,462,0,1550900,1594200,10817,1564548386798
11234,TRU,2806,0,660400,672300,116954,665739935359
5813,INTW,2703,0,2613100,2880000,104177,2717320129203
4731,GLD,20884,0,4141200,4197300,935776,4172631533508
6682,LHSW,97,0,2251,2600,27516,2349405945
1123,BBW,805,0,349900,362200,37727,353234047234
11396,UA,2071,0,49100,51100,292770,50248301397
8069,NXPI,8537,0,2850000,2951700,348083,2916184239678
2982,DHR,7395,0,1609300,1659400,303533,1623218925784
4363,FSLR,6825,0,2198800,2375000,304448,2331288098460
7957,NTSK,7105,0,107700,113900,601739,111764918012
2870,DE,3267,0,5557200,5733300,47275,5600683564251
41,AAUC,491,0,282400,291100,18725,286756592790
10314,SNDU,487,0,826000,966100,35292,910706094865
5227,HLIT,5773,0,124300,132200,471933,126686576696
6017,IWV,694,0,4176600,4202900,18418,4186646150504
11203,TRIP,3330,0,94400,96800,389986,95474217279
930,AVNM,38,0,819300,825000,20779,821879532220
3660,ESLT,890,0,7440000,7755700,12474,7548077769761
12434,XSHQ,5,0,447800,448000,273,447963369963
2161,CHPY,107,0,734000,752100,13234,740292572162
7248,MLKN,2719,0,144500,148800,114995,146399530414
9232,QS,12013,0,78900,83500,4158554,80018736488
9965,SDS,2434,0,579700,589700,498722,583946005389
3033,DKNG,16772,0,246200,259400,1517392,252406783283
10104,SHV,23,0,1102200,1102400,26801,1102386172157
7747,NFXL,363,0,236800,252000,50083,242281428828
2242,CLM,198,0,75600,76700,44573,76076037062
12515,YINN,5426,0,326700,340000,298282,331349497120
7801,NKE,18168,0,418300,427700,1449331,422728885741
2714,CWAN,914,0,243300,243900,131909,243491127974
10190,SLDB,3067,0,67400,77900,307931,69452471495
11866,VOE,136,0,1906200,1922100,5730,1910113123909
1593,BRBR,4883,0,90500,97200,305417,94969076050
1494,BMNZ,217,0,148800,169100,33218,159297937865
11767,VGLT,1493,0,535300,537700,274871,536306459029
8664,PHAR,15,0,125600,130600,503,127739165009
8915,PRME,1917,0,29300,31300,515593,29817870490
4201,FLTW,403,0,884100,918300,56997,887828631331
9057,PURR,9960,0,65500,73200,1520646,69639363928
1748,BUFT,1,0,257800,257800,43,257800000000
12021,WBS,6560,0,711800,716600,288502,714071066751
6561,LATR,1,0,242800,242800,1,242800000000
1002,BA-A,34,0,705000,712100,3387,708633776203
11275,TSLY,314,0,302900,312000,16090,306813548788
6188,JOBY,8890,0,100400,105700,935235,103698883061
3074,DMRC,2079,0,95300,110000,69939,101121106964
10145,SIVR,2491,0,720500,751100,196354,727436076677
4600,GE,11277,0,2813000,2909100,302796,2835607516611
2077,CFR,921,0,1335600,1348800,26354,1342551851711
12350,XLK,82355,0,1746300,1786900,2602608,1766853223881
466,ALT,878,0,28200,29300,200733,28622061145
10739,SXTC,6,0,15800,16100,439,15984054669
7946,NTNX,7564,0,450000,464000,345201,459841183542
30,AAPD,805,0,116800,120400,784335,117770996066
10303,SNAL,12386,0,11000,15200,4665058,13036391851
2706,CVS,10748,0,955400,978600,544517,966282692367
10622,STNE,13578,0,94600,102900,2844855,96573799297
349,AIIO,10611,0,34600,57200,2794983,45109737840
250,AFK,11,0,266900,270000,814,268424078624
10523,SQQQ,33772,0,419300,435600,8022465,427663514829
1823,BZFDW,13,0,325,448,6407,355280942
12096,WGS,4660,0,376300,420200,288465,398794180229
7382,MRVL,39866,0,1704600,1821200,2562011,1775515793609
2295,CMG,11275,0,319000,330600,941433,326533773300
11324,TUR,435,0,410600,415000,58274,411973514775
11430,UCTT,3108,0,803700,868200,132488,848330289535
6716,LITX,982,0,448600,514000,68370,484035170396
3863,FAS,525,0,1280600,1317800,34144,1298584899250
8577,PDYN,2046,0,62800,65900,179991,64207705940
3490,EMAT,263,0,78600,88200,25200,79980551587
3332,ECO,777,0,529600,555300,53718,538267496928
478,ALVOW,12,0,2000,2100,3203,2018826100
10751,SYNA,1810,0,1238900,1293100,78593,1272686325754
10850,TCHP,50,0,516100,518700,5102,517444472755
577,ANIP,692,0,766900,796300,21842,778419315996
6037,IYR,12435,0,997000,1010100,906261,999999185444
11223,TRT,1192,0,136900,223000,98914,186794899609
950,AVTX,2644,0,174200,190000,202930,179915204750
10900,TECB,6,0,681100,684200,524,682728053435
627,APLD,50740,0,421000,456900,3089617,430776880791
528,AMPX+,68,0,66700,68600,5848,68193792749
10801,TATT,433,0,315900,327100,25385,319370892259
10079,SHEL,16068,0,841400,854800,935959,848916140877
9005,PSO,700,0,145100,146400,78897,145768532390
12207,WTF,41,0,27900,35400,3968,31541103830
1934,CBRS,45550,0,2750000,3330000,2170141,2931333121534
7470,MTLS,166,0,56500,58300,17649,57035225791
3713,EU,550,0,15200,16200,403643,15306842928
511,AMJB,1,0,368700,368700,100,368700000000
10784,TAL,3201,0,107100,109700,280383,108316765995
5219,HKIT,144,0,6500,7900,62418,7055861722
10306,SNBR,624,0,15000,17500,127907,15868731187
2412,CONL,14731,0,78700,95400,3815789,83832336484
9007,PSQ,939,0,260900,264200,831784,262540639516
3228,DVN,21359,0,472100,495600,1656376,489317641223
8725,PL,11319,0,405500,431600,556436,420411017798
5096,HBM,6074,0,247400,264100,480551,251651294867
1894,CARY,22,0,207500,207700,18663,207592707496
12167,WPP,1697,0,171100,175500,101169,173736766203
1691,BTAI,360,0,11400,12200,79895,11613288691
11964,VUSB,22,0,497000,497500,3866,497005845835
2536,CRDO,15481,0,1710100,1800000,651060,1741605977329
4181,FLNC,19870,0,190400,211400,1921147,201923245384
979,AXPG,1,0,117400,117400,22,117400000000
11252,TSDD,2211,0,71400,76900,1376873,74425854599
12514,YIBO,13,0,7500,7926,1478,7568691474
2241,CLLS,43,0,39900,41500,14171,40971858019
7328,MOMO,350,0,59500,61600,42147,60738973117
4598,GDXY,437,0,122900,129900,57212,124626567852
12138,WLKP,8,0,226500,229000,351,227935042735
1865,CAMT,2138,0,1654100,1721400,87079,1700212809058
1766,BUSEP,85,0,254000,255700,7359,254236825655
12039,WDAF,13,0,332900,336200,1468,334133583106
1020,BACC,3,0,104000,104000,267,104000000000
11293,TSSI,2992,0,107000,113000,208954,110885453257
3987,FEED,91,0,10700,11400,19809,11095769599
8701,PINS,16009,0,188400,196100,1349960,193325265933
9118,QBTS,41497,0,202000,215500,2732849,205933981606
2047,CENTA,1185,0,333800,340200,43744,336349378200
11812,VIVS,5,0,12800,13000,360,12922222222
5850,IPDN,51,0,6361,6752,11373,6575836190
11036,TKO,2079,0,1877800,1919200,71564,1891570717120
763,ASBP,121,0,52500,59400,6553,56725072485
8207,OLN,3069,0,267200,285500,160518,269688358937
1037,BALY,26,0,115600,118700,751,117446604527
11310,TTGT,2519,0,46200,53100,166966,50938037085
6223,JPY,4,0,361200,362500,439,361983599088
8683,PHYS,1724,0,341600,346600,146890,343879978895
2501,CPXR,8,0,301700,309600,262,303087404580
1656,BSCZ,12,0,203600,203900,619,203657512116
11929,VST,11499,0,1378600,1410600,436918,1395933759423
12028,WCBR,73,0,293500,304200,4208,297606535171
1755,BULD,4,0,318700,321600,578,319214532871
5292,HPQ,7655,0,205800,210900,916193,208186730197
7510,MUX,2049,0,221400,240000,100022,228473555817
10530,SREA,13,0,213700,214500,374,214125401069
257,AFRM,10379,0,649600,675400,556909,662532130922
5344,HTRB,25,0,334900,335400,2692,335158729569
1769,BUYB,1,0,391300,391300,180,391300000000
12042,WDC,20357,0,4650000,4861000,635396,4780061631014
681,ARBE,917,0,10100,11400,193302,10600224519
7411,MSFT,114280,0,4053400,4281600,4692935,4218177645481
4899,GRAN,23,0,10000,11000,11564,10290366655
2542,CREG,1265,0,4043,5879,837749,5013798054
11011,TIME,2,0,267800,268400,121,268295867768
738,ARR,1399,0,168200,170800,128202,169217406124
5825,ION,3,0,599000,602600,110,599327272727
3095,DOCU,19687,0,451700,482900,811885,473928741755
236,AEYE,442,0,69000,73100,24007,70054888157
10509,SPYM,3908,0,867500,875100,835892,871233912275
8324,OSCR,9687,0,220800,236500,513041,230205753341
2779,DARE,504,0,20500,24100,154349,21748852276
5828,IONQ+,15,0,403000,442100,1488,417884811827
269,AGEN,659,0,34300,35900,47104,34968968665
10542,SRPT,7772,0,175200,190000,641882,177876831567
10641,STRW,13,0,130700,131000,123,130904878048
368,AIRG,74,0,67300,70000,4887,68742029875
9033,PTIR,5548,0,125000,134100,846122,130974354171
3946,FDIF,22,0,374500,377000,2154,375595961002
7372,MRNO,7587,0,4000,8168,6060985,5641094031
2285,CMCL,417,0,227400,248800,16418,230880588378
7511,MUYY,165,0,252600,267500,9278,255858622547
5154,HELP,1125,0,46400,51500,129780,47323680844
9156,QGEN,4503,0,329100,333100,263824,330907804824
4442,FUBO,1093,0,95900,99800,62561,97064046290
12358,XLU,8063,0,438300,447700,2383689,441400783239
2085,CGC,781,0,10100,10700,1257029,10380381200
8297,ORCL,18624,0,1889500,1964100,937125,1928868171481
7936,NTES,3151,0,1124600,1146900,176352,1133428933610
10181,SKYQ,2369,0,25400,38000,469969,33114414567
8749,PLSM,284,0,41600,54500,8064,47604650297
6019,IWY,1078,0,2910600,2950200,62336,2930263478567
5839,IOVA,1676,0,34100,35300,499681,34612697501
10926,TENX,872,0,114900,123700,73446,118757709065
8196,OKLL,7618,0,77300,88000,1139164,80662064988
3109,DOW,9989,0,386000,393800,541359,388694327424
3115,DPST,567,0,998600,1066100,35629,1026661848494
8202,OKYO,40,0,15500,16000,2103,15815263908
2265,CLSK,17385,0,128100,137200,2251975,131672206441
932,AVNT,1487,0,335900,343700,53780,337836004090
11205,TRMD,3522,0,311000,321000,157366,318266028239
6118,JETS,3047,0,255000,258200,304745,256226531034
6491,KTEC,5,0,137500,140000,475,138000000000
7688,NEBX,139,0,1188000,1375000,11099,1281231858726
5331,HTCO,392,0,60000,73300,53068,64859680033
145,ACTU,391,0,26100,28800,10280,26998959143
10418,SPDW,1333,0,490000,493600,137267,492397364260
10920,TEN-E,1,0,268100,268100,5,268100000000
647,APPX,1047,0,364200,413100,112147,400832980819
4365,FSM,3029,0,94100,100000,445199,95926449071
1163,BCPL,1,0,260000,260000,200,260000000000
11436,UDOW,2777,0,597700,617500,400333,606899513904
7970,NUCL,179,0,102900,108000,25592,105877735229
54,ABEV,516,0,30600,31200,1081488,30804098149
10327,SNPE,220,0,676400,685900,17074,678220739135
3821,EXTR,8452,0,240000,251300,495348,246783082600
8257,ONTO,2264,0,2643500,2741900,42630,2720528433028
3170,DSY,3,0,20200,20400,70,20257142857
11962,VUG,13903,0,869300,882500,820885,875808608392
1689,BSX,15481,0,525200,543700,924310,529574050156
1590,BRAI,18,0,71100,74500,852,72990375586
11863,VO,3167,0,763300,769400,110150,766742624602
6776,LOKVW,1,0,15900,15900,1,15900000000
8760,PLTY,88,0,331500,339700,8607,336864273265
6403,KMT,2000,0,341900,350000,99696,345066559340
9731,RWM,546,0,143000,145900,869293,145120392433
4644,GFGF,1,0,350900,350900,2,350900000000
7374,MRNX,30,0,222800,240000,909,227744114411
12560,ZBAI,29,0,87000,94500,3771,89507186422
2287,CMCO,1289,0,141500,148600,61404,143770869975
9962,SDOW,3172,0,282300,290000,662488,286489143652
7605,NASA,1815,0,341000,384400,164855,346489504109
12041,WDAY,15989,0,1180000,1255500,837167,1237830091964
12140,WLTH,4422,0,109200,114600,266485,112259090005
1867,CAN,737,0,4812,5100,272052,4917706611
2369,COCP,217,0,11800,12700,18602,12140382754
12642,ZURA,873,0,45500,49500,101686,46801829160
3567,EOD,10,0,64000,64700,1452,64188636363
5646,IGR,153,0,45800,47100,9815,46021640346
10832,TBPH,1887,0,162200,165000,123985,163333074162
559,AMZY,179,0,120200,121700,46245,120815582225
8003,NVAX,5670,0,89300,93200,614448,91171622334
11330,TUYA,198,0,21400,22200,36220,21815654334
10251,SMCY,357,0,60300,63000,41651,61165215721
10350,SOEZ,18,0,154400,156300,1740,155294252873
77,ABTS,2,0,8780,9102,374,8792914438
5164,HERO,11,0,257000,259500,686,257990816326
11438,UE,1940,0,212400,215400,81315,213257756871
1165,BCS,3560,0,222900,227200,626930,225193724020
8236,ONDL,597,0,175500,230000,48219,195056819925
2731,CXAI,276,0,1360,1446,117766,1393841686
7818,NMAX,1194,0,61100,72000,94459,69329497453
1886,CARE,1958,0,259600,270300,60817,262594728447
12159,WOOD,61,0,650000,670100,3692,655576868905
1985,CCOI,3142,0,155200,165000,174591,161723334536
7445,MSTY,1474,0,246500,259300,77227,251288637393
2259,CLPS,13,0,8900,9107,101,8902049504
12532,YOU,2215,0,570000,597900,66627,588480009605
10466,SPRO,836,0,27000,28800,158758,28077858123
193,ADSK,6092,0,2320000,2382800,188467,2363942207919
94,ACCO,477,0,37400,38500,51750,37836003864
10367,SOLZ,444,0,89300,92000,119632,90004352514
5280,HOWL,135,0,5111,5400,30698,5238219004
12166,WPM,4773,0,1280500,1358900,291259,1301342554908
10905,TECX,689,0,277700,293100,40557,283112407229
632,APLX,181,0,300500,353600,20558,316675853682
5719,IMO,833,0,1324000,1350400,42707,1343986278596
71,ABR-D,8,0,166000,166500,605,166200826446
10344,SOBR,186,0,13300,14800,21340,13753509840
4594,GDXD,331,0,356400,401800,32874,383089821743
5812,INTU,11089,0,3795000,3994000,265410,3933225239440
9804,SANM,3347,0,2293000,2387000,96923,2352664759654
2592,CSCL,216,0,579000,651300,18253,635925847805
7306,MNTS,1333,0,52300,56500,215415,54377662651
2219,CLAR,478,0,26800,27500,59593,27195425637
360,AIOS,11,0,145000,158000,496,150334879032
10633,STRL,3131,0,8313100,8700000,44406,8464646516236
10732,SWVLW,10,0,58,79,50100,78834331
459,ALOY,973,0,84300,88500,116085,86157213248
5546,ICLR,1625,0,1154800,1186700,66845,1172535154461
8832,POEL,1608,0,665000,1452600,45131,1002840880990
3745,EVH,1671,0,38500,42300,149196,39970094372
12034,WCMI,127,0,183900,185700,13922,184661478235
1761,BUR,4229,0,46200,48000,476892,46692757899
1662,BSJT,17,0,211700,211900,1042,211710364683
11935,VTAK,9,0,7610,7926,2427,7817383601
4570,GDC,1265,0,1311,1570,1071679,1395003389
6394,KMCA,2,0,211000,222500,2,216750000000
8751,PLTD,2098,0,79300,82000,2964483,80139945177
3664,ESN,21,0,191800,192500,4183,192126751135
835,ATHR,69,0,35400,41000,1508,38776392572
11108,TNDM,10588,0,122600,141000,904971,128712442498
9899,SCHW,21592,0,893400,928700,1044545,912708121143
9482,RGTZ,1469,0,104000,116100,326617,111045723584
4395,FTEC,606,0,2679700,2742400,24954,2709108752103
2411,CONI,565,0,358200,422100,107204,386723328420
7125,MFG,1351,0,86400,87900,226335,87285240020
12311,XFOR,480,0,38700,40400,26275,39375649857
2038,CELC,3548,0,1280000,1392900,170807,1354980294718
631,APLU,1,0,244900,244900,4,244900000000
10904,TECS,1022,0,82400,87600,285957,84773679259
5817,INVA,2362,0,215000,228400,120298,220393472044
3833,EZGO,1051,0,154,247,4823867,191895205
8920,PROK,760,0,15900,17200,118251,16484077935
10749,SYLD,5,0,770000,773200,229,771509170305
476,ALV,2785,0,1143900,1183500,117474,1155124132148
5563,IDAI,107,0,21000,23300,6168,21637564850
2833,DDD,1363,0,29900,32100,206870,30488100739
7333,MOS,7796,0,217200,227200,595629,219623767479
4976,GSRVU,15,0,99900,100000,34844,99971461370
10063,SGP,153,0,219700,240400,4207,234242405514
2758,D,9491,0,616900,631300,366677,622603750439
7845,NNI,311,0,1248500,1270000,4245,1257524310954
2721,CWH,3075,0,65500,69500,258526,66474843536
364,AIPO,873,0,320400,328900,99729,323422457860
1876,CAPN,2,0,110000,110000,200,110000000000
12149,WMT,36602,0,1308000,1342000,2244752,1317584322856
10070,SH,953,0,333800,336500,1630019,335096359428
7713,NET,3489,0,1940000,2012100,122190,1982267710123
677,ARAI,282,0,6600,7200,195006,6725296760
10950,TFLO,48,0,505700,505700,18398,505700000000
8593,PENG,5841,0,455900,487000,378975,468174285375
7486,MTZ,2901,0,4136000,4290000,51582,4179540312512
5129,HD,11875,0,2968900,3035000,311603,2989788622702
10216,SLP,1295,0,132200,136000,62661,133266285249
2772,DAMD,1382,0,31100,33500,1148413,31877386445
9843,SBIT,185,0,390600,410000,26939,404567418983
10436,SPHL,21,0,26000,30000,1690,29011420118
163,ADAM,882,0,86800,89200,96023,87469659352
4877,GPN,3845,0,665000,684900,147352,677843718442
9964,SDRL,1425,0,509200,528300,55607,520498392288
362,AIP,5298,0,323000,364900,279135,334936024862
10635,STRO,921,0,384200,440100,30324,396543500197
10734,SWZ,40,0,59400,59700,3073,59519362186
461,ALPS,3,0,8600,9150,111,8985675675
11480,ULTA,3266,0,4924300,5095000,62508,4958882971779
1207,BEAM,10956,0,277200,292800,416536,280477118904
3564,ENVX,6183,0,59600,62700,1218457,61180977170
5897,IREZ,577,0,76000,86900,113781,82845369613
10984,THMZ,6,0,328300,328900,207,328403381642
1386,BJDX,23,0,16400,17000,1907,16799056109
11659,V,11347,0,3215000,3290000,348735,3266262131704
7223,MKL,309,0,18416300,18626900,2030,18490936945812
1517,BNDX,992,0,475400,478800,180687,475867180815
11790,VICR,3630,0,2638800,2803900,111387,2733480908903
1616,BRKU,32,0,217300,222800,4198,220438351595
6703,LINC,2143,0,484900,507700,89306,491556429579
9711,RVMD,5070,0,1412900,1490000,229656,1442543238147
7354,MPWR,6097,0,15437800,15867600,63836,15586702175888
2168,CHSCL,26,0,256700,257300,3845,257050455136
12441,XSPI,47,0,495700,498400,4336,496985562730
7376,MRP,2783,0,263900,272100,190613,266170076542
2111,CGO,7,0,134800,135500,614,134938436482
12384,XOM,40778,0,1523000,1580000,1776954,1561809830586
12483,YB,13,0,142500,146900,2153,143402693915
2210,CION,404,0,66000,68100,27378,67524800935
8436,PANW,22695,0,2303000,2458000,1062550,2404645250670
11638,UVV,322,0,532400,538400,7330,534736166439
1365,BITB,3720,0,426600,438200,273288,429721670911
1266,BFRG,43,0,5814,6449,13366,5982809217
11539,URBN,4506,0,680900,698600,216585,689864031673
6452,KR,9491,0,658600,674600,351820,662805823432
134,ACR-C,1,0,251400,251400,49,251400000000
10407,SPCE,3153,0,26800,31400,410546,28260250252
5320,HSLV,133,0,55300,57800,9305,55845029554
5788,INN-E,1,0,181500,181500,20,181500000000
229,AES,700,0,144000,144900,494354,144466162709
10502,SPY,92173,0,7368600,7434500,5781721,7404931989056
5415,HYMC,5554,0,355500,379500,371073,363203714363
3431,EH,1031,0,93200,99000,78926,95090603856
8518,PCG,4495,0,161300,167200,631941,163319211128
8907,PRIM,2086,0,1112200,1144900,69352,1129661882858
3820,EXR,2000,0,1367100,1416900,55288,1375860173997
3362,EDSA,226,0,128400,149800,23908,134910021750
10129,SILJ,11117,0,298600,318500,569997,303760508564
12361,XLVI,4,0,247100,252100,323,247682043343
2088,CGCT,21,0,103800,104000,11963,103816500877
6802,LPL,607,0,47500,48500,47975,48027249609
6588,LCID,5688,0,59100,62200,1589490,60262909046
6866,LULG,120,0,69700,72100,23798,70747693083
2746,CYD,296,0,480300,505600,19126,496082510718
9817,SATS,13862,0,1320000,1389800,809081,1368118447102
8408,PACB,1187,0,11200,12200,1168264,11556407712
4634,GEV,5289,0,10385900,10720000,101490,10512877400729
9070,PWR,4376,0,7490100,7754200,85354,7688647625184
6873,LUXE,91,0,75100,77600,7006,76014773051
9603,ROBO,93,0,846600,865000,2174,850776218951
10119,SIG,1067,0,752600,799000,44178,762556806555
10647,STT-G,25,0,220800,221500,2105,221128741092
374,AIRS,1340,0,43700,48100,176498,46071085791
3477,ELPC,637,0,115500,122900,38626,117350478952
7000,MBOT,474,0,18400,19300,117545,18889167552
8387,OXY,23133,0,570700,597000,1532577,588335958062
2737,CXM,1079,0,49100,51600,134419,50758158444
9808,SARK,426,0,287100,294700,73102,292394180733
6429,KOLD,5061,0,241500,251900,280383,245705037038
11615,USXF,143,0,657500,664500,8108,661187370498
1342,BILL,3836,0,391500,415700,193518,405652407527
11516,UP,178,0,50100,53900,8439,51294122526
4180,FLNA,260,0,11700,12500,26336,11853914793
6537,LAC,3490,0,49100,51900,599180,50108746119
11723,VECA=,155,0,99900,100500,20400,100055882352
1450,BLOK,184,0,625600,635300,9580,629737724425
11084,TMFS,7,0,333900,334800,14,334250000000
811,ASX,8927,0,337000,344500,537088,340505478431
3685,ETH,1212,0,209300,214900,266857,211172395327
8772,PLYY,12,0,100900,101900,309,101338187702
721,ARLO,2228,0,121300,126500,142555,123586070639
6856,LTRN,494,0,24300,32500,64871,30498996469
6295,KBR,2072,0,299300,308500,107975,301056908543
11481,ULTI,120,0,136000,139200,11409,136692225436
1208,BEAT,279,0,9596,10200,90183,9823600844
7714,NETG,191,0,89700,95600,41438,92925838602
643,APP,17613,0,4730000,5049900,531199,4974552902772
10817,TBCH,1357,0,108000,113800,73880,110232743638
3000,DIOD,2429,0,978000,1017600,99163,1001551688633
2971,DGX,1214,0,1864300,1898800,25254,1873086623901
72,ABR-E,7,0,164700,165000,505,164957425742
10345,SOC,4501,0,137300,154500,318740,147796500282
489,AMBO,13,0,22300,25200,991,24256004036
10762,T,11275,0,240300,249300,2418461,243917456183
5675,IJH,5454,0,721200,728900,545866,723715928451
6048,JAAA,168,0,506200,506500,70593,506454870879
3691,ETHT,761,0,158200,166900,97265,160845137510
7077,MEDP,1962,0,4134400,4217400,35267,4183066983298
10279,SMP,336,0,369500,381100,10163,374025819147
6,AAAU,1193,0,444900,450700,163788,448502873836
2039,CELG^,2,0,1199,1699,200,1449000000
12312,XGN,869,0,36100,38500,43045,37155188755
9854,SBUX,16364,0,1051000,1078900,793214,1066518514675
2082,CGAU,4793,0,167400,179000,289255,171836005600
7169,MGY,4010,0,288600,295800,184198,293416063692
9153,QFIN,3258,0,127400,131100,286229,128482826687
10170,SKK,4743,0,31900,54900,863562,46492656809
6634,LEU,2080,0,1785000,1875000,42040,1812225784966
11820,VLN,1520,0,30000,34700,152455,32031432881
1547,BOF,61,0,33900,38800,5878,34960275603
8991,PSIX,2696,0,382100,410100,151868,389644947586
3905,FCEL,16126,0,193200,228200,2167014,210360220146
2414,CONY,200,0,257700,276900,20431,263438725466
2315,CMSA,5,0,220500,221500,358,221131284916
12588,ZG,14160,0,372600,386200,385915,380755287045
2122,CGW,8,0,614000,620800,228,618765789473
12395,XOVR,1927,0,189700,195000,339740,191804373344
2221,CLBK,2682,0,193900,196600,102432,195308206419
2975,DHC,2214,0,82900,86900,259937,83616333573
618,APD,3160,0,2926100,3020900,65068,2947346254687
4459,FUTU,4806,0,1324000,1394100,421874,1348540823800
9546,RLJ,1067,0,88500,94000,160890,89247296910
10756,SYY,4914,0,724900,731800,185571,727652647773
483,AMA,371,0,226000,248700,45879,239488942653
10657,STXL,110,0,336000,370000,7343,353374683371
8444,PASW,13,0,1456,1587,2070,1508728985
3730,EUV,512,0,263600,273800,54572,268870305284
12251,XA,1,0,300400,300400,12,300400000000
1978,CCL,9396,0,245900,251200,816507,247803467698
11175,TPYP,62,0,433600,435600,4309,434653121373
902,AVDE,1923,0,892600,897200,52076,894541917581
3262,DXF,630,0,12600,14900,219069,13162980156
9385,RDWU,286,0,166400,208500,25364,180102440466
10786,TALKW,12,0,24,28,16595,25128894
513,AMKR,8465,0,685000,717500,437155,705302246342
10687,SURG,109,0,4969,7307,45790,6221529220
7371,MRNA,16229,0,479100,498800,936894,487156156939
10053,SGDM,25,0,717500,759500,1852,732941468682
5339,HTHT,6591,0,445000,466600,489829,461700608375
10525,SR,852,0,848100,862400,25096,853500868664
252,AFLG,5,0,430100,435100,672,431510714285
8252,ONMD,157,0,8400,9200,24496,8602991917
336,AIBU,2,0,601700,606800,12,603825000000
10609,STIM,486,0,12600,13500,151373,12888647909
10708,SVIV,38,0,100000,100900,4540,100277863436
435,ALK,3960,0,369000,379700,198030,372306940362
5522,IBTH,65,0,223700,223700,10261,223700000000
3538,ENB,5192,0,545800,555200,254173,550121940174
5205,HIMX,7340,0,186000,197600,1181724,191594204484
10391,SOXQ,5228,0,906800,929800,364476,916866342639
118,ACIW,2921,0,405800,422400,104944,417718446028
11137,TOPS,1936,0,8990,17400,808402,13435818429
864,ATYR,1097,0,4933,5800,322907,5149010281
10062,SGOV,685,0,1005400,1005600,254382,1005496615326
7705,NEOG,2349,0,81100,84900,244654,82394139887
9334,RBRK,4011,0,617400,645800,159269,637682456096
4247,FMUB,86,0,506300,508600,5018,507453387803
3025,DJT,3049,0,86300,88800,416493,87107545144
10235,SM,4782,0,315100,327400,258279,324126989805
5269,HOOW,48,0,231700,240000,3591,234954218880
182,ADIL,119,0,13100,13900,7647,13330887929
9983,SEDG,23657,0,472500,635200,1980447,583650109949
2912,DFDV,1521,0,45500,51000,106565,47375110026
12460,XUDV,1,0,302300,302300,100,302300000000
2187,CIEN,5785,0,5500300,5800000,107704,5623768826598
1961,CCEL,5,0,35400,36700,302,36558940397
12234,WULX,39,0,406200,460100,8524,419107848427
2060,CETX,49,0,7801,8300,21741,8003546019
7520,MVLL,835,0,708800,812600,75346,768652739362
449,ALM,6914,0,172800,182100,569460,175157209285
350,AIIOW,74,0,770,1062,45995,843932123
10623,STNG,651,0,814000,829300,22901,821233243089
5536,ICCC,76,0,85200,88800,7514,87244264040
157,ACYS,3,0,203000,203000,171,203000000000
10430,SPGI,4016,0,4014700,4115900,97438,4046288215070
5343,HTOO,31,0,28200,30200,4343,29345268247
9192,QNST,5231,0,109200,113100,320187,111104616989
4105,FINX,35,0,247700,251100,2181,249490554791
4478,FXA,6,0,708000,710100,165,708610303030
5309,HRTX,718,0,8400,9500,188300,8713265693
10495,SPXL,3562,0,2643300,2714600,185183,2680700842949
222,AEO,3920,0,152500,155300,268095,153626785654
10023,SEV,415,0,23000,27200,111731,24376920460
4936,GRVY,44,0,625600,636300,1090,629229357798
2397,COLA,157,0,108000,111500,19418,109895117931
2102,CGIB,2,0,250800,250800,33,250800000000
12375,XNCR,4500,0,109100,118500,202365,112007299187
7288,MMYT,4018,0,425000,438300,204546,432155258474
10018,SERV,7251,0,79300,87200,967164,81553767509
438,ALL,2439,0,2163800,2202000,92183,2179681579033
10711,SVIX,3377,0,188900,197000,491550,194159646221
10810,TAXS,2,0,501100,501100,200,501100000000
537,AMSF,945,0,304200,311300,34576,306172712285
8354,OUST,11041,0,310600,360300,905476,339648213757
3267,DXR,8,0,107500,120600,398,107655778894
1136,BCAX,2013,0,198700,206600,96895,201750149130
11409,UBER,22051,0,736400,755600,1077529,748021914212
3459,ELAB,1183,0,19200,23100,102335,21011122294
11514,UONE,53,0,55500,61200,3064,57192656657
1241,BETA,2082,0,153700,168300,136416,156416595560
11415,UBS,6815,0,452500,461200,720148,455960765425
8850,POWL,5000,0,2770400,2937700,139966,2875394269322
3575,EOSU,11,0,469600,484000,448,475308035714
9120,QBTZ,540,0,127500,141100,134289,136386415119
316,AHL-D,8,0,208900,209900,800,209275000000
10589,STAK,1623,0,9540,12100,329725,10784066237
8232,ONCO,51,0,3700,3840,9009,3790897546
1127,BC,719,0,769000,792500,23849,776758409157
3484,ELV,3682,0,3890000,3982700,68894,3951057225592
5841,IP,9630,0,301300,315000,605814,304735286408
11027,TJUL,1,0,300900,300900,253,300900000000
754,ARX,1301,0,144500,158500,97034,153840537337
8198,OKLS,170,0,214000,236000,27016,228740731418
977,AXON,6530,0,3810000,4034000,143238,3958782036889
11250,TSCO,11559,0,300900,307900,1067961,304630673123
4566,GCTS,3363,0,13300,20400,388030,16602976058
3457,EL,4408,0,796600,811100,175481,805126364107
10839,TCAF,166,0,399500,402000,27138,400697619574
566,ANET,12103,0,1413000,1470100,533912,1438060851226
5653,IHAK,33,0,513700,524300,2150,519069767441
9869,SCCO,2281,0,1746300,1821500,65665,1771590858143
10830,TBLU,2,0,493200,493200,9,493200000000
557,AMZU,15310,0,411900,422900,389864,418015877844
5644,IGOV,364,0,409300,415000,32862,410367004442
8037,NVS,4080,0,1478000,1504600,130085,1488131753084
8831,PODD,3701,0,1470000,1536300,142442,1491691574816
1760,BULZ,615,0,418400,443200,66245,432235007925
3934,FCX,26543,0,613900,639000,1151461,629053397553
6083,JBL,3957,0,3390500,3488800,91449,3420228225568
623,APH,13798,0,1247900,1285000,741963,1256144295200
1216,BEEP,175,0,18200,20400,5529,19729462832
11489,UMC,8358,0,168400,175600,1086261,171753022708
1315,BHK,347,0,87800,89700,27872,88510594862
9132,QCMU,304,0,316500,341000,35166,327462139566
10144,SITM,3421,0,7600000,8000000,48036,7759720214006
7926,NSP,695,0,287600,305700,23178,300263547329
1778,BVN,918,0,341100,362000,55220,344435021731
8849,POWI,3100,0,690000,733500,205543,719019898512
733,ARP,2,0,331200,332600,1625,332578461538
11006,TIL,122,0,80000,83700,6303,80850134856
3935,FCXG,54,0,129900,140400,2703,134400776914
8649,PGC,880,0,411100,417600,29254,414818493197
4024,FFAI,673,0,3590,4000,585401,3721750130
6381,KLAR,13042,0,148700,165600,999662,154543866026
11567,USCB,218,0,178300,180400,9584,179387719115
1294,BGS,878,0,41500,43100,90164,42058819484
10132,SIMA,31,0,111000,129800,859,113343422584
7775,NICE,1744,0,855000,900900,89159,888348330510
10977,THFF,376,0,647700,657000,6580,652049711246
704,ARHS,3609,0,57000,59300,433485,58010545001
5791,INO,735,0,13000,14100,260051,13377012201
5202,HII,1346,0,3250000,3368000,20959,3291289226585
10289,SMTH,71,0,255700,256300,13937,255944629403
12249,WYY,121,0,95600,107000,9329,100520731053
1976,CCJ,4610,0,1072800,1107700,240617,1082860648250
7063,MDT,13033,0,758600,772800,733923,764362213747
6690,LIDR,883,0,18300,20200,504961,18922179138
1504,BNAI,314,0,210000,232500,13155,220173857848
11777,VGZ,354,0,21200,22100,56576,21550540865
11876,VOTE,5,0,869400,872800,429,870896969696
1603,BREZU,11,0,99900,100100,9444,100005717916
7107,METD,105,0,161600,164700,34742,163088388693
2393,COIN,33909,0,1923600,2110000,1645213,1970064013535
7480,MTUM,1720,0,2979200,3014200,75887,2995959313189
10309,SNDG,48,0,110300,123200,539,119687940630
36,AAPX,36,0,335900,353400,4174,347187446094
11385,TYG,60,0,467500,470000,4421,468871002035
1112,BBNX,2117,0,90100,94700,147994,93289032663
6199,JPC,96,0,77800,78700,13971,78200594087
5826,IONL,1141,0,288500,340200,97022,304331909257
10913,TELO,461,0,12300,12800,18440,12606719088
739,ARR-C,9,0,208000,209000,363,208380716253
3469,ELIL,47,0,221700,228400,8645,223863493348
8556,PD,1873,0,67100,69100,138247,67865993475
11181,TRAD=,3,0,100600,100800,300,100666666666
908,AVEX,700,0,232300,251300,45548,246043209361
11904,VRSN,2769,0,2910000,2980800,83683,2964915160785
1631,BRSP,470,0,56400,57500,56369,56918315031
6718,LIVE,33,0,99500,108300,914,103666301969
2740,CXT,1138,0,381900,408100,52914,389373829232
7827,NMIH,1972,0,374400,380300,84312,376729752585
1960,CCEF,1,0,293900,293900,400,293900000000
12233,WULF,36050,0,220600,236000,4089032,223999802129
7146,MGEE,835,0,743400,757200,26420,747738319454
4748,GLL,1092,0,211000,216100,347562,213196302817
10307,SND,844,0,47000,48800,43164,47843536280
34,AAPU,15511,0,370600,394000,403821,384842098107
1544,BOE,48,0,115400,117400,2798,116678413152
11817,VKTX,4221,0,300100,316500,274873,305599761708
7877,NOWL,1662,0,40100,45500,1329163,43486060927
931,AVNS,298,0,247100,247400,27347,247229641276
11204,TRMB,10328,0,548400,561700,373186,551770382329
11303,TTC,1270,0,879700,899900,42142,885339566228
1030,BAIG,43,0,358000,387100,2107,372972852396
441,ALL-I,3,0,189200,190000,220,189409090909
10714,SVRA,2743,0,50200,53300,485288,51381579392
11260,TSIC,3,0,251800,252000,156,251875641025
987,AXTX,1213,0,473000,655100,48288,581473614562
3344,EDC,32,0,798000,824800,1892,809714164904
12276,XCBE,3,0,99100,99100,250,99100000000
2003,CDE,17336,0,175900,188000,1572290,178127370650
1904,CATH,21,0,884300,888600,1151,886094613379
12177,WRBY,4079,0,279000,292700,232579,286106088253
7090,MENS,125,0,20000,20800,4544,20154203345
6161,JKHY,4492,0,1340000,1389200,226621,1370525447332
7116,MFA,598,0,93100,95200,83197,93801765688
12302,XES,65,0,1282000,1298500,2523,1287821640903
2029,CECO,1801,0,806700,839900,64532,816217131035
9473,RGNX,5514,0,57100,64700,722486,60180330414
1083,BBBY,866,0,45400,46800,78036,45816186119
11356,TWN,26,0,890000,947900,1238,904807673667
6269,JYD,56,0,50500,57100,17033,52017871191
2898,DEVS,187,0,1760,1890,89054,1830930660
5255,HODU,44,0,78500,82900,12328,80787134977
4906,GREE,825,0,14200,15600,56101,14922233115
6334,KEY,5114,0,207000,211200,660935,209798358083
9366,RDDT,2948,0,1520000,1591100,118601,1566742269458
8052,NWGL,15,0,5500,7000,82,6428390243
6649,LFGY,10,0,237000,247600,687,238980203784
4292,FOUR,1518,0,415000,430100,63469,423294258614
7044,MD,1209,0,224300,235100,66935,229072533054
6905,LZ,3134,0,58300,60600,503398,59815878887
11992,WAB,1099,0,2617200,2662900,26115,2636666950028
12464,XWEL,42,0,14300,15000,4223,14765995737
2191,CIFU,158,0,255000,299600,22369,263575439223
4548,GBTC,7929,0,610400,628100,294254,615740983639
9635,RPID,483,0,20700,24000,56208,21356829988
9262,QUBX,327,0,150000,181500,18466,158895494422
4107,FIP,1433,0,45700,48800,158701,46697763719
9194,QNXT,2,0,292700,294600,134,294571641791
445,ALLR,242,0,13500,15200,33640,13946908442
10718,SVV,1596,0,71000,73700,122295,71842301811
10750,SYM,6635,0,468300,493700,392379,474315671582
477,ALVO,1525,0,32700,34100,137727,33191101236
378,AISP,502,0,24000,25800,59918,24567624086
10651,STWD,1118,0,170000,171300,79157,170618211907
10659,STXT,1,0,198500,198500,16,198500000000
386,AIXC,19,0,12800,13500,1452,13170454545
1898,CASS,475,0,452500,460100,14864,455348445909
12171,WRAP,242,0,14800,16600,20831,15353775622
2629,CTAS,7645,0,1640000,1694600,336390,1683812407027
1784,BWB,569,0,179400,181900,25454,180052624341
12057,WEAV,1158,0,48100,53700,116065,52639247835
6240,JTEK,243,0,1011500,1038100,15036,1023979921521
12585,ZETX,3,0,157100,158500,556,157117625899
2312,CMS,5017,0,715300,732600,148399,719191723663
1467,BLV,361,0,671600,676200,16116,672411677835
11740,VERI,1074,0,19700,20900,311110,20425330911
4010,FER,13729,0,667600,676500,626980,671286066541
5104,HCA,2127,0,4225500,4364800,44258,4278153954087
10191,SLDE,6036,0,185200,190400,386124,188435605142
10610,STIP,170,0,1035300,1046100,32071,1035470471765
337,AIDX,52,0,12700,15100,9664,13055349751
9765,RZLV,2051,0,24800,26000,914331,25308574794
8334,OSS,2523,0,161600,170400,181916,165634088260
3247,DWAS,29,0,1123200,1131900,3915,1128625491698
2358,CNVS,319,0,25300,25500,15212,25473507757
12631,ZTEK,81,0,6250,7600,47904,7013992380
2457,CPAY,1541,0,3262500,3310000,21196,3283585176448
9734,RWT,618,0,51700,53900,57645,52065592852
6724,LKFT,680,0,270200,275400,42865,271208256153
4095,FIGR,9651,0,415800,446300,642952,433141076938
7811,NLY,2991,0,216000,219500,306746,216809391483
2252,CLOI,12,0,528300,528500,1101,528463669391
12525,YMM,2301,0,86300,89300,352987,86870702037
10457,SPNT,1186,0,226100,230600,70053,228621894851
184,ADM,8136,0,794300,817600,395324,801896565095
9612,ROIV,10492,0,287400,299000,1037616,292271383826
4525,GAP,7143,0,209200,212700,524301,210964847482
2171,CHSCO,9,0,262000,262500,426,262001173708
12444,XSW,87,0,1545800,1580400,4447,1564868428153
7357,MQQQ,26,0,2290700,2342200,1489,2316686836803
10087,SHLS,16677,0,86900,104900,1850565,100667464585
5000,GTLS,2057,0,2070600,2073900,70705,2072087901845
4868,GPCR,1000,0,379400,397900,51380,389076588166
9582,RNG,3090,0,389700,415100,120806,408522925185
10989,THR,2139,0,650400,673100,102498,658121127241
8632,PFLT,725,0,84100,85600,42857,84716919056
11834,VMBS,456,0,463000,464300,56471,463472534575
1561,BOT,1670,0,240000,399000,283356,315256806279
5166,HESM,1958,0,391800,400000,74770,397234860238
10352,SOFI,20350,0,153800,158400,4447578,156122975426
79,ABUS,2113,0,41900,43300,226642,42383272738
10725,SWIM,1588,0,46900,48900,175893,47822407941
452,ALMU,3085,0,232000,258100,255969,244370998050
7906,NRIX,3448,0,155900,161600,178856,158478356331
2819,DCGO,246,0,5710,5991,18938,5820524712
5549,ICON,106,0,13600,15500,14999,15032668844
6872,LUV,9537,0,381800,390000,471444,385575286566
10809,TAXM,1,0,499200,499200,57,499200000000
536,AMSC,3210,0,503500,553000,164892,542094914246
6324,KEEL,8104,0,42100,45200,4820022,43376881848
1361,BIRD,788,0,42400,48400,95684,45159195894
11634,UUUU,8777,0,183100,192100,714282,185456430513
6547,LAMR,1589,0,1441100,1474100,52101,1452210548741
11733,VEL,297,0,166900,174100,7415,169089480782
1460,BLTE,1112,0,1416000,1499500,30043,1439422198182
5715,IMMR,698,0,60500,63300,59741,61362496442
1376,BIV,379,0,759500,761900,86311,760900659243
11649,UXRP,47,0,40000,42300,18992,40744850463
7630,NBIG,783,0,267000,311500,120149,289247693280
2543,CRESY,543,0,104000,106700,57399,105764842593
12204,WTAI,1,0,404500,404500,2,404500000000
1931,CBRE,6497,0,1264600,1324000,383114,1290130808323
7018,MCDS,1,0,637500,637500,3,637500000000
4288,FORM,23909,0,1194200,1276600,405851,1254467870228
9375,RDNW,306,0,76000,81000,27699,79612130401
10678,SUNC,1065,0,699800,716700,35058,709709823720
405,ALAB,14836,0,2104500,2398000,738214,2292678207403
7103,METC,4372,0,140800,149700,282816,144329739477
9833,SBET,6324,0,65000,73200,1574346,68224270903
10321,SNOA,108,0,10900,11800,46481,11295174372
48,ABBV,7510,0,2090700,2148000,259644,2109519691577
5135,HDLB,1,0,158900,158900,1,158900000000
2730,CX,3618,0,125000,129500,454043,127101865241
9801,SAN,1286,0,115900,117800,469981,117242757260
4173,FLKR,99,0,574000,586000,6316,580322925902
10980,THIR,4,0,335800,336000,305,335963934426
707,ARKB,645,0,260600,267400,194418,262810637389
10135,SIMO,1634,0,2510000,2654000,65993,2590899696937
446,ALLT,3009,0,70400,73400,154240,71035090767
10719,SVXY,4291,0,504800,516000,286391,511985482784
5026,GUTS,622,0,8299,9501,275830,8587531102
10113,SID,187,0,12600,13300,175688,12649496835
7383,MRVU,683,0,940000,1065000,28183,1020035290778
8450,PAVE,1088,0,552400,563700,88804,554727741993
7978,NUGT,733,0,1626000,1821200,27618,1663292265913
11180,TRAD,19,0,99200,99400,6250,99388800000
907,AVES,49,0,650900,660100,5538,652931130371
11279,TSMG,141,0,375000,389000,25548,379373794426
1006,BABU,33,0,145100,153000,3320,149176897590
11521,UPC,3,0,26500,26600,209,26568421052
1248,BEZ,185,0,19400,21500,195512,20712185952
11092,TMP,267,0,813400,831000,4909,820228315339
819,ATEC,4124,0,72500,77900,473214,76122555968
5906,IRS,102,0,132600,137000,4101,133525457205
10993,THRY,1352,0,32400,34600,143173,33669204389
10247,SMCL,187,0,548000,600000,8895,567125059021
11804,VIRT,1228,0,542800,552600,42995,546387326433
1531,BNRG,154,0,17600,20100,15586,18662716540
6317,KDK,1074,0,78500,83000,113916,80725015801
11503,UNHW,1,0,525500,525500,70,525500000000
1230,BEP,606,0,330600,344100,39272,340793394785
758,ASAN,2706,0,57400,62800,356418,61143909398
11031,TKC,317,0,60500,61800,55108,60854220802
11130,TOLZ,12,0,601100,602700,129,602439534883
857,ATR,727,0,1145100,1176400,17712,1153767750677
8867,PPLT,188,0,1783900,1824600,14187,1795598273066
3780,EWC,1379,0,571000,575300,158566,573679003064
11395,U,12053,0,267000,278500,852666,274795424937
1122,BBVA,1850,0,216200,219800,262937,218866919832
4521,GAMB,2696,0,23100,30500,792181,24636253204
9608,ROCY,54,0,536600,538600,7003,537505883192
4382,FTAI,5492,0,2375000,2569000,134965,2424390379728
9469,RGEN,5427,0,1025500,1074800,306055,1044145853196
6739,LMFA,55,0,2287,2600,10614,2348918315
11847,VNM,235,0,191900,193200,12681,192424390820
11946,VTI,7889,0,3619800,3648500,154117,3635091823095
1673,BSMT,35,0,229800,230100,1672,229990370813
4776,GLWG,2102,0,285000,321000,145041,306250407815
2419,COP,17766,0,1194200,1224800,696811,1217595018878
10469,SPRY,4991,0,62900,81500,488242,74004604478
196,ADTX,697,0,500,1040,1044583,777616994
5283,HPAI,84,0,11100,12300,13054,11709269189
1708,BTG,2333,0,48300,50400,1193289,49142260843
11981,VXX,25757,0,276500,288800,2046583,280790999436
12080,WEYS,99,0,343900,350200,2081,347927630946
1807,BXMT,1017,0,180400,183500,64223,181088955670
1971,CCIIU,1,0,104000,104000,1,104000000000
12244,WXM,22,0,4808,6062,7593,5193751349
9887,SCHG,1758,0,341300,345300,532964,343273162915
11969,VUZI,1730,0,24100,30700,348022,28083413692
1696,BTC,1730,0,347600,356600,157418,350162875274
1597,BRCC,1377,0,15000,16200,109456,15794388612
11870,VONV,343,0,1018100,1026900,28581,1020587544172
4952,GSG,777,0,339200,342400,62970,341656538033
10039,SFLO,25,0,316600,475500,1407,317837882018
7309,MNVT,40,0,277500,285000,3665,279711896316
9556,RMBS,6179,0,1223900,1297400,310096,1268356461869
4735,GLDM,3834,0,892600,904400,176039,898955555871
4251,FN,2556,0,6939000,7389200,33642,7176671761488
53,ABEQ,2,0,371500,372700,104,372653846153
10326,SNPD,3,0,283000,298900,19,290415789473
5239,HMC,4388,0,261800,268000,250595,263949383267
10425,SPEU,4,0,534300,535600,169,534563313609
152,ACWI,5874,0,1537600,1549000,305206,1543402523869
11968,VUSV,6,0,659500,661700,1467,660176891615
1695,BTBT,3836,0,17500,20500,3738143,18105779714
1596,BRCB,3129,0,69300,72300,249267,70451749730
11869,VONG,4978,0,1274600,1291900,173049,1283342000820
8181,OI,1301,0,83100,87700,91748,84510228015
3467,ELF,3674,0,547500,570800,149751,560540233454
9484,RH,1489,0,1224600,1267000,58384,1240545478213
10258,SMH,51144,0,5530000,5661400,1754666,5593856158209
10357,SOJC,30,0,216000,217200,1082,216566451016
84,ABX,860,0,89200,92700,39303,90889634379
5544,ICLN,3913,0,212400,220100,634009,216732506794
4820,GNRC,2689,0,2606300,2743600,81845,2640983113201
7177,MHK,1640,0,961600,982900,60911,970132228989
3055,DLX,752,0,227800,232900,20841,230550558994
10971,TGTX,4613,0,394200,408000,278921,397185189713
698,AREC,902,0,21900,22800,179930,22194441171
599,AOMD,4,0,250200,251200,295,250314576271
10872,TDI,32,0,440400,448600,4635,444137346278
5785,INMD,2177,0,138800,141500,169587,139633581583
3434,EHGO,24,0,15700,21400,2492,17769542536
11350,TWIN,101,0,173500,180000,4881,175966830567
1077,BBAR,317,0,140400,147900,15068,142736029997
6164,JLHL,367,0,210000,300000,4997,244970042025
8148,ODD,3887,0,122000,130800,312342,127124539767
4124,FIX,2110,0,19337000,20050000,15554,19707258145814
802,ASTE,671,0,466800,488800,26541,473599498888
11075,TMDX,3187,0,610100,643200,121559,629648567362
1300,BH,90,0,2563300,2725200,769,2686330299089
6387,KLRA,577,0,206900,214500,41528,209811922076
8300,ORCU,3720,0,150000,161800,332746,156367852055
1586,BPYPP,9,0,158000,158400,481,158182536382
11859,VNRX,41,0,20300,21500,7283,20914183715
11958,VTVT,231,0,344000,374500,4519,356164040716
1685,BSTZ,76,0,278700,285000,5249,281164450371
2431,CORD,198,0,55600,59800,34460,58519236796
4788,GMEX,93,0,18000,19500,14433,19197124644
10347,SOCAU,1,0,103100,103100,100,103100000000
74,ABSI,2951,0,49600,54400,604882,51334249985
10339,SNY,4558,0,426700,432000,415586,429254337249
5252,HNST,1057,0,31000,31800,88787,31324729971
11184,TRAW,1934,0,15500,19500,325869,18038442748
911,AVGG,98,0,365000,380900,18859,370908134047
5998,IWB,3532,0,4006400,4048300,109707,4032457801234
9536,RKLX,4898,0,768000,882900,250369,819032919810
4822,GNSS,712,0,17400,20400,83950,18099428231
9909,SCIO,9,0,206100,206100,1549,206100000000
3574,EOSE,10096,0,76000,80800,2501923,78731118663
5931,ISSC,1921,0,161900,171300,142890,164803814822
8010,NVDA,367454,0,2242400,2331800,22919809,2273625227103
4364,FSLY,12023,0,169100,175500,906558,171649043855
8063,NXE,3096,0,112200,117500,477781,113766559783
2976,DHCNI,3,0,187300,189900,60,188653333333
2482,CPRX,910,0,311300,311800,303586,311518594401
10398,SPAM,15,0,351700,359500,1726,353544727694
125,ACN,6290,0,1639200,1695000,286974,1671326392983
5212,HIT,589,0,10500,12400,85380,10832143359
9882,SCHB,1115,0,283700,285700,724906,284751209122
5168,HEZU,2,0,459800,466500,102,459931372549
10354,SOFX,666,0,80500,85300,157564,83167324388
81,ABVE,187,0,4849,5200,71470,4997757842
454,ALNY,3852,0,2867600,2970800,99712,2890332502607
7525,MVST,1293,0,13900,14800,672206,14323396994
2438,CORZZ,132,0,234700,243700,6443,238383206580
4311,FPS,7409,0,447400,495000,462465,458843103586
2152,CHNR,45,0,40400,53100,3653,43499945250
12425,XRPT,121,0,437100,466300,5105,448147796278
7338,MOVE,59,0,194000,209000,6797,199797734294
5354,HUBS,7154,0,1820000,2011700,212132,1951810928101
3891,FBTC,12321,0,683900,703000,468858,688631455579
689,ARCLU,1,0,100300,100300,1500,100300000000
10962,TGHL,10,0,3608,3850,16445,3614100942
5875,IQI,4,0,97000,97700,530,97394339622
6516,KWM,10,0,2697,2826,1306,2758318529
1330,BIBL,1,0,526000,526000,1,526000000000
11603,USOY,129,0,88700,89800,34078,89048251071
4159,FLEX,15528,0,1370000,1413500,984744,1387047552257
9577,RNA,1117,0,130100,139700,41439,132476657255
4490,FXNC,300,0,264000,268600,13395,265533146696
12196,WSO,719,0,4010900,4074900,11367,4040590947479
1923,CBOE,2034,0,3580000,3642700,43841,3621059978102
1824,BZH,1216,0,218800,229000,61497,223268266744
12097,WGSWW,43,0,16,98,28310,28102366
1078,BBAX,66,0,612100,615300,2086,613506088207
11351,TWLO,4669,0,1932500,2013600,197248,1983387805199
6264,JXG,25,0,58000,67000,1714,62281388564
5660,IHRT,1299,0,45500,50000,130494,46879556148
10846,TCBS,1,0,167000,167000,2,167000000000
573,ANGL,859,0,288200,289000,116511,288533970183
583,ANPA,10,0,60500,62500,1615,61456965944
10856,TCPC,500,0,38500,42800,58544,41696281429
10955,TFSL,2455,0,150700,153400,199297,152535814889
682,ARBEW,10,0,500,700,2713,509878363
3785,EWJ,7957,0,907900,914100,518806,910891749324
7412,MSFU,25153,0,270000,300600,2368282,290609789965
2226,CLCG,1,0,290000,290000,3,290000000000
12499,YDKG,14,0,8460,8788,585,8591610256
9769,SA,1132,0,288500,308000,60231,296064390430
7593,NAIL,1211,0,313300,345700,103542,320745799772
8013,NVDG,295,0,221800,237600,40197,228508194641
2232,CLF,4922,0,102300,107400,699614,103374350999
2785,DAVE,1393,0,2260900,2396900,31185,2336437190957
12213,WTI,2125,0,45000,47800,356605,46816986301
4344,FRVO,5042,0,373000,425100,622471,410532854221
2820,DCH,2411,0,63300,68600,283604,64650283141
6425,KODK,1442,0,94100,100100,82984,98304617757
11984,VYLD,17,0,281800,283000,304,282492105263
1711,BTI,10331,0,646300,659000,671900,651154765738
1612,BRK.B,5572,0,4817700,4882700,128126,4839387522438
11885,VPL,177,0,1106200,1116100,12214,1112338906173
5809,INTR,2494,0,57500,59900,1102026,58463433802
10995,THW,11,0,126600,127600,3155,127346497622
722,ARLP,358,0,250500,255800,26717,252232922858
8545,PCRX,1663,0,226100,238000,61355,228722977752
629,APLM,14,0,140000,160600,330,144128484848
10902,TECK,11230,0,601400,624000,512714,610559123604
5815,INUV,138,0,15000,17000,27122,15575035026
9665,RSP,17277,0,2014300,2029200,1343555,2019770125004
11086,TMH,4,0,521400,522600,106,522532075471
813,ATAI,1808,0,39600,41000,402395,40025261745
3698,ETNG,2,0,134600,140000,610,134688524590
11614,USVN,4,0,473600,474400,213,474015023474
1341,BILI,8946,0,190400,197000,889344,192338268993
11515,UONEK,273,0,50000,53400,732,51854371584
8412,PACK,1529,0,57500,61500,90976,59043078394
2065,CF,3489,0,1232400,1260000,135524,1246605609338
1966,CCHH,3,0,3884,4100,152,3886842105
12239,WWD,2997,0,3472800,3623100,61102,3513907304179
6424,KOD,1945,0,356100,389900,102281,368578033065
11844,VNET,13317,0,95000,102000,2473136,99801356658
1571,BP,10297,0,436400,443800,925460,440098676225
6658,LFUS,3388,0,4395200,4491700,102901,4425781667816
8642,PFX,15,0,399400,409200,413,404433414043
3555,ENR,1413,0,165700,169700,70628,168078403749
8726,PLAB,3368,0,488400,510800,137589,501654662800
3639,ERX,424,0,923500,957000,34826,943142675012
7631,NBIL,1461,0,381000,444600,187469,411739786844
2544,CREX,55,0,30000,37200,6912,34619024884
5453,IBAT,53,0,430000,442300,2935,440040988074
10639,STRT,418,0,655600,689600,25579,676281031314
366,AIR,859,0,1038300,1076400,23351,1046658627039
2251,CLOD,2,0,304100,306900,113,304422123893
12524,YMAX,315,0,84300,85300,46414,84755035118
3096,DOG,122,0,228100,229600,60868,229167606952
8183,OIH,876,0,4366100,4411600,29262,4386958095823
10798,TARK,12,0,423600,433500,465,426587526881
525,AMPL,3554,0,59100,63300,444660,61620962982
1281,BGH,2,0,141200,141800,565,141269026548
11554,USAR,23225,0,235800,255000,2399353,246092298465
7321,MODD,28,0,32200,38300,965,33782176165
5337,HTGC,1129,0,153500,155800,86523,154566873548
151,ACVU,7,0,296400,297300,425,296972941176
10424,SPEM,1442,0,507000,511100,143843,508900127222
2980,DHI,5207,0,1347800,1397100,184537,1355560798647
8067,NXL,4,0,3300,3440,2098,3435929456
8007,NVCR,3262,0,174500,182300,229200,176766500872
5277,HOVNP,4,0,208000,208400,386,208192746113
5650,IGV,38373,0,897800,927000,3812093,915035044423
10836,TBX,2,0,286500,286500,306,286500000000
563,ANDE,1054,0,708600,723000,27053,714254785051
4871,GPIQ,789,0,572900,579100,88593,576180084205
7228,MKSI,3695,0,2950100,3055100,109741,3019623359546
1630,BRSL,2208,0,106800,110600,196967,107881751257
11903,VRSK,4299,0,1571300,1636000,177426,1622443641292
463,ALRM,1286,0,420200,427900,52139,424608337329
10736,SXI,242,0,2475900,2555000,4494,2498693969737
2074,CFIT,1,0,259600,259600,100,259600000000
12347,XLG,1359,0,633600,640400,148754,636876570041
2173,CHSN,29,0,12000,13200,6441,12397857475
5276,HOV,306,0,961500,1019900,6110,978295793780
10462,SPPP,443,0,153300,157900,30678,153951554860
189,ADPT,5271,0,128100,131500,327066,129536778203
9990,SEI,3444,0,747400,795000,169031,779224942761
2396,COKE,2766,0,1630000,1703300,96127,1681983906706
8870,PPTA,4514,0,278700,300000,282418,282559694849
3783,EWH,1314,0,239600,241500,401107,240565746047
2070,CFG,8043,0,597500,613600,296737,603953337804
12343,XLE,18859,0,582900,594600,3685156,590562015882
10771,TACN,1,0,271700,271700,76,271700000000
498,AMDD,597,0,37800,39200,1358354,38352121464
8235,ONDG,889,0,63100,84000,268987,71001146152
10548,SRTY,2357,0,267400,283000,363519,278394728748
275,AGH,703,0,41200,45200,182729,43948880582
11403,UAMY,7907,0,84700,97100,872385,88035306544
6316,KDEF,8,0,526700,528700,860,527033720930
424,ALGM,8099,0,423400,440000,538474,429969165456
325,AHT-D,3,0,60900,61000,101,60901980198
10598,STEM,164,0,84600,91100,10289,86978112547
2781,DASH,13797,0,1520900,1601400,616972,1578503033038
4267,FNGU,5676,0,285400,299600,645313,291890717527
10648,STTK,1215,0,58500,67700,54119,63473415990
2425,COPP,275,0,394000,414900,42328,398002938952
6631,LENZ,2517,0,68600,74200,187388,71476780797
4274,FNV,1781,0,2228700,2320100,69009,2262010352272
922,AVL,585,0,590000,619900,41739,604092800498
8039,NVT,3082,0,1661100,1702800,124357,1687213376810
1830,C-R,19,0,249000,249300,1591,249166184789
12103,WHLR,32,0,11200,12200,3091,11647848592
1258,BFH-B,12,0,247700,248300,2702,248111250925
11531,UPSX,21,0,159800,179800,2055,161231970802
8173,OGE,3291,0,462600,475600,91700,465292974918
2522,CRBP,558,0,110000,120000,40229,112484632976
3583,EPD,1728,0,392100,396600,122584,393741054297
12122,WIX,7644,0,520000,557300,542098,541161693457
1849,CAH,5740,0,1937900,1970100,355053,1955932403049
2275,CLX,2830,0,901900,917600,108605,907538712766
10369,SON,2292,0,466500,491000,99969,472764419970
96,ACDC,2542,0,71500,74000,158502,73011588497
5837,IOT,6682,0,276100,300400,368629,295031774222
9024,PTC,4075,0,1398500,1428800,127485,1418210586343
5071,HALO,6990,0,662800,694600,386099,671689460475
10185,SKYX,311,0,10700,11300,298191,10882615504
4265,FNGR,194,0,7825,9001,110925,8662054324
5428,HYZD,26,0,225500,225900,3798,225675144813
8589,PEGA,4670,0,332900,341100,251576,336709766034
7571,MYRG,1227,0,4527000,4700000,13514,4646913016131
2484,CPS,295,0,268100,281900,8031,275197086290
2539,CRDX,2,0,224000,240000,51,239686274509
1458,BLST,4,0,249600,249700,334,249670059880
11731,VEGI,30,0,449000,453000,1442,451555201109
11830,VLYPO,2,0,250800,250800,16,250800000000
1557,BOOM,706,0,69100,73300,30823,70266907828
7420,MSI,2634,0,3914600,3997000,47960,3945975498331
6266,JXN,928,0,1094000,1107800,23197,1101434073371
11452,UFPT,681,0,2116000,2212800,13054,2169960556151
1179,BCYC,679,0,44200,46500,86576,44834510718
5772,INFU,190,0,84700,87600,13490,86930140845
11912,VSCO,2585,0,453200,474700,117674,459639394428
1639,BRZE,7969,0,196400,212100,460177,208886570602
6726,LKQ,14381,0,245500,260800,1054172,249287319336
2415,COO,6395,0,595800,610300,346925,601086849607
5270,HOOX,27,0,216000,232000,1962,220357900101
4821,GNS,19,0,2413,2594,8816,2490074183
7990,NUS,726,0,61200,63800,51199,61722340280
10735,SXC,1812,0,75500,78400,150450,76605853107
5648,IGSB,484,0,522400,522800,194114,522519137208
10834,TBT,757,0,371700,375200,73164,373632895959
561,AN,805,0,1836600,1922300,16457,1868117724980
5757,INDI,1980,0,40800,43000,495613,41851113469
11445,UFG,22,0,7700,7799,3538,7734358394
1172,BCTX,1337,0,29900,41000,197266,32929270629
1073,BB,2031,0,59700,62900,1082629,61572207191
11346,TWAV,2399,0,14300,24200,312298,20644357632
4780,GM,12438,0,747500,771500,579000,753851216407
10790,TANH,12,0,3897,4116,4376,4011904707
517,AMOD,210,0,2110,2225,52418,2143495249
6418,KNSA,1557,0,562100,582500,65090,567005360270
4872,GPIX,394,0,549600,552800,54051,550898754879
10702,SVAQW,1,0,2600,2600,91,2600000000
429,ALHC,6205,0,156900,167100,673280,160103431707
5516,IBOT,45,0,645000,650100,12444,645870306975
8217,OMER,5019,0,118100,131700,474989,123146129910
5601,IEP,1166,0,80200,82300,402723,81226094610
10787,TALO,3075,0,156600,163900,166653,161520213857
514,AMLP,1689,0,538700,543300,117218,540944581890
5599,IEMG,4863,0,790900,801400,509715,795799223683
11950,VTN,7,0,107700,108100,700,107985714285
1677,BSMY,14,0,242400,244700,1022,243502935420
3442,EIDO,480,0,140600,142800,95205,141172145370
3800,EWW,4130,0,767900,786500,155864,772579124108
3804,EWZS,102,0,137500,142000,12918,138594457346
11244,TRVI,2426,0,140700,151200,134839,143305616327
971,AXIA-,2,0,115800,116500,107,116454205607
3758,EVO,79,0,26700,27400,7998,27028682170
469,ALTI,769,0,34000,35400,27706,34766898866
10742,SY,521,0,27700,28600,102215,28413955877
10841,TCAL,5,0,220600,221200,260,220946153846
568,ANF,2376,0,700200,738000,80689,705697712203
4773,GLUE,2468,0,179300,186000,132767,181819598996
2401,COLD,2854,0,141200,143600,209423,142561988415
2302,CMND,21,0,5200,5300,5035,5255831380
12575,ZD,1695,0,403800,410400,87724,406515368656
2267,CLSM,1,0,268500,268500,100,268500000000
12540,YSPY,23,0,154600,155500,1040,155138557692
7408,MSFD,484,0,127000,132400,332530,128816550687
2321,CMTV,30,0,382500,394800,342,388930116959
12433,XSHD,1,0,132900,132900,2,132900000000
2160,CHPX,155,0,875700,913500,14180,884644583921
7247,MLI,734,0,1352900,1380400,16015,1362599650327
4519,GAM,7,0,639000,643000,452,642318584070
2645,CTM,34,0,6681,6795,2766,6736995661
7732,NFBK,1143,0,138800,140800,90384,139926567755
3071,DMLP,98,0,272300,278900,7986,275603155522
4081,FHTX,2014,0,37600,40500,67040,38387210620
4103,FINV,640,0,47200,49100,53095,47827691873
9190,QNCX,256,0,11400,11900,84183,11556757302
5689,ILF,3450,0,342000,350200,266636,343696648614
10875,TDOC,2828,0,62700,66200,259202,63949190592
602,AON,4175,0,3155200,3216600,101967,3188532529151
4650,GGAL,2794,0,401300,419900,207580,406061336833
5176,HFND,4,0,240700,244400,288,242143055555
7108,METL,30,0,285700,296500,1819,286533974711
12195,WSML,6,0,336600,338700,758,338168997361
4910,GRFS,1488,0,76200,78100,105991,77388495249
4584,GDOG,15,0,130500,135000,3148,131619282083
6939,MAN,944,0,255500,268300,43359,260083316035
8988,PSI,319,0,1458200,1507300,11625,1481632240860
3901,FCBC,382,0,408700,419300,17722,412190192980
10313,SNDR,3611,0,313500,333000,220973,320993522738
7033,MCO,3435,0,4263000,4378700,86652,4311295301897
1847,CAG,4862,0,134200,138900,804806,135446941995
12120,WIT,311,0,18400,19100,136781,18906549155
5521,IBTG,6,0,228700,228800,1242,228700322061
10608,STI,54,0,55500,57400,2335,55875931477
8724,PKX,209,0,777900,795400,7448,788200469924
6084,JBLU,2672,0,45800,48400,1880087,46454484340
11270,TSLR,25827,0,252500,273300,652283,262693131815
997,AZTR,7,0,1782,1824,893,1796736842
4984,GT,2921,0,56300,57700,1092955,56829753741
12357,XLSR,11,0,654200,655900,1321,654997501892
2084,CGBL,174,0,369400,372700,21081,370327745363
3594,EPR,717,0,572700,579000,16451,575492979150
10299,SMZ,15,0,243400,260000,733,255451023192
26,AAON,2746,0,1303500,1373300,117719,1344299704380
10200,SLGL,68,0,679800,730000,1609,708104350528
230,AESI,3593,0,184700,192200,260326,188623742154
3425,EGHT,889,0,22000,23900,169238,23341712854
11887,VPU,259,0,1900000,1932600,18064,1909216878875
1614,BRKR,8021,0,427300,441000,430715,430689528806
9110,QBIG,11,0,422400,426400,432,422855092592
448,ALLY,5987,0,415700,424100,212565,419724101804
10721,SWAG,135,0,18000,19400,10026,18855665270
5634,IGF,1847,0,660300,668700,85724,662526985441
11458,UGP,422,0,56200,59700,135181,57112472166
4753,GLNK,42,0,88700,94900,14154,89188490885
1499,BMRC,900,0,249800,254500,23588,253295548584
11772,VGSH,103,0,581800,582300,89019,581910132668
7787,NIQ,2060,0,80600,84300,199695,82220038058
2700,CVNX,29,0,130500,141300,3502,137751342090
4636,GEVO,347,0,16500,16900,196235,16732758682
9723,RWAYI,32,0,245600,247000,2887,246656182888
7712,NESR,4362,0,251200,259800,297305,254593093288
4750,GLND,610,0,28900,30300,69444,29240053856
8597,PEPG,381,0,15400,16600,94937,15659205578
5706,IMCC,11,0,2247,2477,2977,2342452133
3340,ED,4941,0,1053200,1073000,126316,1060873802210
8427,PALO,1,0,99500,99500,1,99500000000
9564,RMIX,777,0,162500,187300,62668,175974529265
10534,SRG-A,2,0,205300,206100,21,205338095238
261,AFYA,347,0,137000,142100,15979,140153151010
162,ADAG,74,0,35000,36200,4207,35774875207
10435,SPHD,1403,0,490400,495800,168043,492373764453
8601,PESI,1687,0,85500,105000,165967,98802868040
3318,ECAT,57,0,150700,153200,5136,152054653426
1746,BUFR,322,0,360300,363000,86370,360911082551
9897,SCHR,90,0,245200,246000,77764,245341803405
2974,DH,332,0,8078,8522,35358,8313862463
1035,BALQ,1,0,560500,560500,1,560500000000
11308,TTEK,9103,0,258000,265600,787786,261063630986
5814,INTZ,52,0,7100,7353,6715,7266755472
628,APLE,1961,0,137300,140000,154711,137748162056
10901,TECH,12061,0,432000,455500,843893,440372611930
2579,CRVS,7281,0,121900,135500,706438,124989127000
7666,NCSM,52,0,419900,440000,2399,428705835764
1011,BAC-E,8,0,193900,194300,828,194048309178
11284,TSN,3924,0,656300,669800,133903,659421125740
6197,JOYY,862,0,560800,573500,38678,563968607477
7697,NEGG,330,0,200000,228800,13479,213984880183
2610,CSQ,133,0,201600,202700,15222,202240185258
11831,VLYPP,4,0,252300,252400,4,252325000000
1558,BOOT,2859,0,1435500,1576000,91383,1467679997373
2940,DFSC,131,0,36000,41000,16334,38457511938
251,AFL,5489,0,1162200,1175200,124440,1168176677113
5338,HTH,659,0,362500,369900,24026,364306813452
11744,VET,787,0,126300,128700,70249,127755307548
1471,BLZR,2,0,100900,101000,245,100940816326
409,ALB-A,25,0,713500,729400,164,723835365853
10682,SUPN,1717,0,491700,510000,100798,499798653743
11059,TLTI,3,0,443000,443500,200,443250000000
786,ASMU,43,0,253800,266600,1920,261225833333
1928,CBOT,2,0,267200,273700,901,267207214206
12201,WSTNR,3,0,1601,1601,200,1601000000
12300,XENE,2354,0,543200,554600,106166,546159784676
2027,CDZIP,2,0,203200,203400,125,203240000000
3817,EXPD,1414,0,1524700,1568100,30989,1556246351931
8941,PRZO,126,0,5237,5505,34391,5350839318
3854,FAD,6,0,1805000,1819600,378,1811343386243
2640,CTEV,770,0,134100,210000,38095,156340819005
4632,GERN,684,0,12900,14000,953788,13263250848
9719,RVT,19,0,179200,182300,1216,180449588815
9020,PSX,3066,0,1730000,1765200,103846,1753884732199
3933,FCVT,4,0,513000,516800,120,515365000000
11220,TRSG,2,0,11800,13100,737,12681953867
947,AVT,3677,0,838400,855000,132725,844166365040
7842,NNBR,1152,0,21600,23000,134361,22021010561
8617,PFF,1618,0,312000,314000,258691,313036032950
726,ARMH,20,0,891000,907600,2789,899469057009
10999,THYP,112,0,249000,271900,35704,255565278400
11300,TT,2091,0,4649400,4780000,46341,4679747620897
1126,BBYY,9,0,119000,120600,239,119952301255
3544,ENHA,119,0,37000,47400,9568,41063262959
8115,OBDC,1098,0,111000,113000,166722,111962854932
638,APO,6013,0,1320900,1360300,222891,1349083997110
10911,TEL,3264,0,2007400,2058800,108295,2036260737799
12241,WWR,58,0,5910,6220,27005,6002017330
2067,CFBK,160,0,271000,273700,3629,271790493248
7154,MGNI,5337,0,124000,129700,417776,128015021686
12223,WTO,8,0,7800,8400,3614,8195400664
7136,MFSI,33,0,313700,315100,6949,314231313858
5512,IBN,1315,0,258500,260500,146626,259888795302
10698,SVACW,11,0,18000,19000,1400,18464285714
425,ALGN,2575,0,1569900,1610000,100259,1581065695847
9064,PVLA,671,0,1119100,1210000,28931,1138574919636
3080,DNMX,5,0,99900,99900,287,99900000000
4919,GRND,2120,0,133200,138800,138242,135808630517
4108,FIS,11169,0,413400,428400,617260,420434993681
9195,QOWZ,2,0,333500,335000,2,334250000000
6042,IYZ,4879,0,426500,434000,385495,429158635520
955,AVXC,32,0,791300,797100,5163,793424075150
7227,MKOR,4,0,593300,607000,36,600938888888
11140,TORO,115,0,51000,57500,12900,54323418604
867,AUB,4347,0,359400,368400,117571,362859169352
5735,IMUX,276,0,116500,123900,22539,120107502551
7489,MUB,1698,0,1058900,1066100,147881,1060709913376
4398,FTFT,37,0,11600,12600,1380,11884057971
9485,RHI,2888,0,243800,254100,151954,249542976163
10645,STSSW,1,0,350,350,1,350000000
372,AIRO,1213,0,62600,66900,80890,63838910866
10546,SRTA,1402,0,52100,54400,142792,52718762255
6100,JDST,985,0,315500,342300,70659,334458175179
12438,XSLV,2,0,486500,487500,101,486509900990
2165,CHRN,415,0,170300,195600,45652,184525801717
9415,RELY,8299,0,223800,232200,665159,226767014352
8351,OUNZ,338,0,433800,438800,16549,437303250951
9474,RGP,875,0,42300,44200,52647,43597217315
9378,RDTL,126,0,176200,192000,89343,182205392700
4291,FOSL,2832,0,38700,43700,322892,40248586524
10166,SKE,1659,0,306600,330000,98363,314833419070
1190,BDJ,138,0,89400,90800,8113,90026167878
11463,UHT,118,0,400000,407600,1773,402760349689
11562,USB-Q,7,0,148900,149000,800,148950000000
1289,BGM,246,0,3092,4484,119702,3666835023
6737,LMB,763,0,720700,780000,29480,729756282225
1650,BSCT,69,0,185900,186200,16455,185943597690
4633,GETY,548,0,7300,9200,131240,8372860583
3640,ERY,1492,0,107500,111700,400465,108919912601
202,ADX,29,0,250000,252000,3433,251122167200
5289,HPK,1687,0,68500,71100,114048,70174137205
103,ACGCU,1,0,100000,100000,189,100000000000
10376,SORA,4,0,26700,27500,262,27150381679
9458,RFIL,491,0,168000,182100,31076,177303771399
2439,COSM,63,0,2990,3083,36238,3036158010
5886,IQV,2569,0,1688700,1733000,73030,1710856802683
8854,PPA,166,0,1643900,1685000,5197,1652182143544
3626,EQX,9745,0,131900,139600,1486438,135034769025
9342,RCEL,4960,0,44500,55900,232006,48104843840
8755,PLTM,14,0,189000,191600,4269,189939728273
3301,EARN,112,0,47900,48400,7229,48209904551
8388,OXY+,124,0,354500,376400,12846,371007348591
9901,SCHW-J,22,0,177800,181000,1320,178527575757
4814,GNMA,22,0,437700,440800,1252,439187939297
2622,CTA,60,0,317200,320700,7785,320172626846
7709,NEPH,39,0,31200,33200,1377,31543282498
10624,STOK,2078,0,297000,307000,100060,301487484509
351,AIM,17,0,2410,2600,2954,2522754231
8487,PBM,135,0,48000,53200,5512,49804462989
12549,YXT,1,0,4418,4418,100,4418000000
2276,CLYM,995,0,106400,113000,68759,107998241684
7363,MRCY,1768,0,910000,940000,65196,918745892386
12411,XRAY,8515,0,98900,104100,1371007,100073379348
10864,TDACW,13,0,1200,1350,2082,1205259365
591,ANVS,528,0,20200,20900,28451,20544501072
5678,IJR,12404,0,1337400,1351000,334485,1342878460319
4835,GOGO,1737,0,38300,41000,306737,39137274277
6940,MANE,504,0,977700,1055100,19536,1004335426904
12126,WKHS,475,0,29900,35500,35281,31445055412
1853,CAIQ,309,0,268300,270000,23422,268702907522
1675,BSMV,9,0,208800,208900,614,208871335504
11948,VTIX,208,0,38600,42500,22241,39847911514
12047,WDH,19,0,15700,15900,1131,15746507515
1774,BV,1003,0,125100,127800,40154,126830146436
6861,LUCD,739,0,9505,10100,146003,9887613480
9561,RMD,1510,0,2016400,2055000,38423,2031389363141
4474,FWONA,525,0,820000,836700,25174,827238027329
1815,BYND,3440,0,7800,8345,2070099,8128296588
12088,WFC-Z,106,0,187400,188200,6340,187599794952
12187,WSBK,10,0,126300,127600,184,126600543478
1914,CBIO,407,0,186800,212300,32879,195373758325
4921,GRNJ,12,0,303700,308000,1367,304584052670
9698,RTYY,5,0,126000,127800,20,126270000000
3192,DTST,65,0,40000,43900,3144,41112309160
3799,EWV,3,0,191000,191800,141,191005673758
8886,PRCH,5249,0,97300,103900,403093,99861744064
7929,NSSC,1104,0,359800,374200,48861,363840212030
5151,HEI.A,512,0,2153000,2213000,14332,2168816864359
735,ARQQ,666,0,129500,137900,45322,132468370769
11008,TILL,18,0,182400,184300,1769,183216449971
11107,TNC,335,0,805500,827500,6408,810876029962
834,ATHM,1069,0,169900,176800,71144,172473649218
7287,MMU,12,0,100300,101200,2391,101049644500
8844,POOL,3311,0,1727000,1782500,119090,1749333315979
6715,LITS,371,0,11500,12000,187903,11653946983
11802,VIR,3391,0,86500,90000,289947,87455602230
11901,VRP,62,0,242900,243200,5082,243054348681
1628,BRRR,134,0,221700,225200,14600,222954684931
4259,FNDF,1088,0,524000,527500,29925,525797002506
7572,MYSE,123,0,17300,18400,12175,17906874743
972,AXIA-C,6,0,102600,103800,413,102733414043
11245,TRX,351,0,11200,11800,184759,11315325369
6158,JIRE,100,0,786700,790300,7655,788735519268
12439,XSMO,177,0,847300,853100,13695,849033566995
2166,CHRS,960,0,15600,16400,226414,15805240400
3491,EMB,5456,0,947100,952800,733182,948234974126
685,ARCC,2550,0,187700,189900,331032,188937921409
10958,TGB,3278,0,68100,73300,686041,69785806387
10120,SIGA,1177,0,41000,43000,159458,41974429630
2154,CHOW,31,0,4224,4506,4500,4352355555
12427,XRT,8381,0,790700,804800,664315,796172175398
3620,EQR,5278,0,638700,654300,163523,643155041186
9287,R,1018,0,2271100,2320000,20846,2296463297515
11110,TNGX,9687,0,193500,230000,914216,205702691377
837,ATI,1995,0,1540300,1603500,59953,1561169958133
5924,ISOU,50,0,112000,118500,2558,113658835027
10100,SHPU,161,0,83300,92400,72641,88890520504
5013,GTX,3888,0,308400,317100,290152,311747491314
12389,XOMX,33,0,449000,476900,3059,463176887871
2116,CGTL,686,0,4701,6980,96563,5722111088
7203,MIRA,34,0,9297,9630,16315,9513605638
8422,PAL,971,0,49100,52900,99305,50133741503
3335,ECOW,18,0,275600,277300,2526,276815439429
6472,KRRO,770,0,101300,113000,32882,104438808466
6933,MAKO,417,0,76100,85800,58906,80861436865
9848,SBRA,3213,0,206200,208600,228790,207028464967
301,AGO,668,0,744000,757200,20315,749211321683
10574,SSP,1010,0,33200,36200,165618,34048006859
11038,TLA,2,0,249800,249900,10,249810000000
765,ASC,716,0,186400,190300,32134,189052287296
10939,TFC,8678,0,462500,471400,485486,466829443691
8333,OSRHW,1,0,689,689,100,689000000
3246,DVYE,23,0,338500,340800,1567,339308934269
9081,PXLW,538,0,60800,73300,77895,67286040182
4610,GEHC,11007,0,606700,626400,538393,611473205632
7930,NSTS,28,0,135700,136700,12640,136464596518
10054,SGHC,4889,0,129600,132900,369397,131482614098
845,ATLCZ,20,0,254800,255700,3385,255259734121
11118,TNXP,1693,0,135500,158200,116160,150621332644
8695,PIIIW,5267,0,55,2500,11684748,965803581
3608,EQ,382,0,21300,26200,114060,24431030159
1564,BOTZ,1931,0,401400,406000,160367,403216111170
11837,VMET,302,0,109000,130600,36388,114216351544
9330,RBLU,29,0,58500,63200,3952,60090308704
4243,FMST,26,0,17300,18000,3631,17654172404
4215,FLYT,141,0,228100,280000,24827,250492141620
11555,USAS,5430,0,61300,67900,1184507,63556064337
38,AARD,1480,0,38800,53000,101562,47500297355
10311,SNDL,492,0,14100,14600,237104,14282235643
10410,SPCL,3,0,329300,342700,93,329660215053
137,ACRS,1379,0,45000,48200,165426,46245255280
9065,PW,2,0,6000,6000,1980,6000000000
6298,KBWB,3746,0,830700,840600,199624,836824745020
2310,CMRE-C,9,0,262900,264200,651,263485253456
12583,ZEPP,80,0,101300,117700,5973,104432613427
2409,COMT,184,0,356500,359300,20046,358145355681
4393,FTDR,1120,0,610000,626500,38102,615992236627
9480,RGTU,20,0,200000,225600,1014,208961735700
2460,CPER,635,0,380600,384500,87985,382073134056
3777,EW,5859,0,809600,822700,241141,814962927084
8864,PPIH,292,0,316900,332500,15492,321203266201
3882,FBLG,46,0,10100,10900,8315,10546229705
9434,REXC,163,0,210000,213000,24609,211153208175
495,AMCR,4093,0,366800,383600,211342,371459601972
396,AKAM,9625,0,1481900,1558300,556342,1511425942495
10669,SUIG,529,0,16000,18100,39570,16699216578
7028,MCHS,12,0,451500,454000,1005,452767164179
7414,MSFX,80,0,182600,198400,7104,191057896959
2228,CLDI,40,0,1585,1852,15491,1737790652
12501,YELP,2486,0,210700,218000,97560,216091245387
10791,TAOP,4,0,12900,12900,165,12900000000
518,AMODW,11,0,266,550,4883,315284046
1036,BALT,10,0,340600,340700,1343,340686299329
11309,TTEQ,93,0,404400,411200,13360,408449520958
9542,RL,1685,0,3257300,3320000,29222,3276136229553
4455,FUSE,339,0,14900,17100,24535,16631856531
5077,HAS,5388,0,938800,960300,225483,951535297117
9738,RWTP,7,0,246000,248500,202,246351485148
4651,GGB,701,0,45000,46200,272608,45824092102
5721,IMOS,159,0,505000,515600,7837,510413334183
10907,TEI,12,0,62400,63500,2029,62793642188
634,APLZ,37,0,40900,44000,10878,42787470123
535,AMS,36,0,14500,15300,2683,14935445396
10808,TAXI,2,0,509100,509900,14,509785714285
6487,KSTR,134,0,244200,247100,15976,246120017526
1301,BH.A,100,0,13960000,14317200,256,14104811718750
11574,USEA,41,0,22600,23200,3285,22810258751
10973,THC,3166,0,1948400,2004500,118530,1968465269552
700,ARES,3898,0,1232800,1275000,208182,1246002503098
9648,RRX,1886,0,1951300,2040000,56485,1972158215455
2146,CHKP,3526,0,1199700,1243200,233052,1233973057944
12419,XRPI,42,0,80000,82000,9817,80742110624
2245,CLNE,485,0,20000,20700,234377,20227867922
4216,FLYU,5,0,365900,369900,17,367664705882
1409,BKKT,1340,0,79100,86200,128213,82949057427
11682,VB,560,0,2810000,2860000,20611,2820899019940
5780,INKT,70,0,101800,119800,3288,108351064476
10867,TDAY,1622,0,71700,74000,125960,73144771355
10966,TGLS,639,0,385200,405800,22093,395082397139
693,ARCX,35,0,188700,200000,3191,193694766530
426,ALGS,262,0,57000,66300,27146,60354943638
327,AHT-G,2,0,50000,50000,200,50000000000
10600,STEP,1381,0,534700,550800,48780,537242224272
5500,IBLC,8,0,503500,519000,303,506599009900
7802,NKLR,1362,0,57600,61300,78211,58723719169
5940,ITB,6447,0,864700,892000,265788,869346157463
4914,GRML,324,0,3750,3960,104511,3831347982
10001,SEM,229,0,164600,165000,62310,164883285186
3186,DTM,1087,0,1468000,1490000,31836,1476258298781
2144,CHI,82,0,120300,122300,7196,121065675375
12417,XRP,268,0,160000,164200,57821,161136254993
12516,YJ,20,0,16300,16900,2314,16453197925
2243,CLMB,631,0,190300,197300,24993,194279298203
4631,GEOS,586,0,74500,79500,86428,75933148979
8911,PRLB,491,0,700100,727900,17179,722367605797
10189,SLB,12270,0,552000,559400,704057,554229496759
11377,TXXD,57,0,84100,87100,9175,85077645776
1104,BBIO,7642,0,660400,691700,388628,667972945078
788,ASO,5477,0,495900,507500,323423,503502626900
11061,TLTW,272,0,217500,218600,41788,217891112281
11169,TPR,2894,0,1281100,1306100,118354,1293713746894
11268,TSLP,5,0,196500,198300,483,197497515527
995,AZTA,3336,0,159600,167100,219947,162338728420
10225,SLVM,752,0,373300,385000,22473,379759676055
10818,TBF,49,0,249800,251300,13127,250640054848
10917,TEMT,116,0,153000,163100,6243,154853131507
644,APPF,1027,0,1502400,1547500,23155,1526556234074
746,ARTV,1276,0,96200,109500,88850,98586701181
5833,IOO,61,0,1402500,1415000,2023,1407807612456
5795,INR,369,0,151100,156600,13302,153301435874
7019,MCFT,739,0,234300,245600,31714,237889837295
5272,HOOZ,6,0,257500,267200,656,266393750000
8242,ONEQ,687,0,1027800,1041800,36558,1034905041304
3155,DSGX,1482,0,668500,690200,64632,677080823740
949,AVTR,2379,0,76100,79900,490514,77421125390
6036,IYM,92,0,1801200,1825700,834,1812337529976
2733,CXDO,1920,0,94000,99000,68290,98350055645
5370,HUYA,241,0,28900,29500,41596,29040402923
1408,BKIE,4,0,974700,975900,360,974900000000
11681,VAW,39,0,2268800,2316000,617,2281546677471
6594,LCR,1,0,392000,392000,4,392000000000
9795,SAIL,12075,0,128100,139000,891010,135381282477
4017,FETH,1817,0,219700,224900,133797,221504423866
3413,EFXT,663,0,273200,284200,54528,277001063673
2408,COMP,3376,0,75200,79500,503927,77986523047
2309,CMRE-B,2,0,259700,260000,200,259850000000
12582,ZEOWW,1,0,497,497,17,497000000
7495,MULT,2,0,249700,250600,201,249704477611
9377,RDTE,31,0,284700,288000,1948,285305492813
4290,FORTY,7,0,1372500,1401000,203,1386945812807
11271,TSLS,800,0,507800,527000,65195,518738410921
998,AZYY,39,0,165600,170000,2186,166207959743
899,AVBH,426,0,289200,293600,6793,291071323421
11172,TPST,238,0,18300,20000,61618,19141651790
6085,JBND,134,0,529800,530800,10914,530188482682
3117,DQ,513,0,179800,186400,33942,182308759059
8204,OLED,3563,0,908200,938000,139460,925278537214
3931,FCUS,6,0,434600,458200,21,438604761904
2534,CRDF,558,0,16400,17300,86298,16674756077
6280,KARO,519,0,433500,472200,31183,462860144950
4733,GLDG,274,0,11000,11700,117131,11190963963
7370,MRM,11,0,9000,9500,430,9280430232
8177,OGN,344,0,133500,134100,98228,133681292503
3090,DOC,3944,0,192400,196000,334045,194308876947
2705,CVRX,3295,0,56600,62200,222655,58919746244
11199,TRIN,1610,0,167600,169300,97461,168526260760
11298,TSYX,19,0,237500,238900,1507,237787524883
1025,BAFE,19,0,282500,284200,1612,283870409429
7825,NMG,281,0,18200,19400,84634,18968230262
4586,GDRX,859,0,24200,25100,176375,24557311977
10075,SHC,5113,0,152400,154600,721114,153289945001
3102,DOMH,246,0,32900,36500,31375,33915856573
3460,ELAN,8465,0,197500,214500,769701,202938251866
5016,GUG,10,0,155500,156500,764,155919633507
1271,BFS,181,0,327600,332900,4331,330736204109
11544,URNJ,410,0,275600,288000,56519,278172554362
465,ALSN,922,0,1169300,1206500,28632,1181097191953
10738,SXT,605,0,1138200,1167000,14418,1151529366070
10837,TBXU,4,0,291100,304900,10,292520000000
564,ANDG,129,0,342800,357500,7511,351231819997
6079,JBHT,6864,0,2504900,2642800,214316,2610287432576
3876,FBIO,1062,0,22700,24800,92874,23933046923
5798,INSG,1456,0,136600,143700,64410,138325896599
5385,HWKN,810,0,1528800,1610000,19256,1584944334233
199,ADV,496,0,335000,359500,11022,350421956087
10472,SPSK,35,0,179400,179700,2546,179545129615
9264,QUIK,1641,0,187100,201700,163489,192348139018
4177,FLMI,64,0,247100,248500,15893,247387334046
11154,TPB,516,0,893300,915900,7217,902451392545
881,AUPH,2393,0,151500,157700,193548,153379433525
5968,IUSB,286,0,456900,457700,41914,457248384787
9807,SAR,95,0,219000,221400,2510,219994223107
7537,MXF,26,0,215700,219400,2065,216135254237
2450,COYY,162,0,37700,38800,18777,38037434094
3642,ESAB,707,0,878200,900000,22583,887087025638
8729,PLBC,211,0,510000,513800,4666,511835769395
7927,NSPR,119,0,10600,11400,20003,10966535019
4925,GRO,403,0,25800,27000,92960,26229734294
649,APRE,5,0,8770,9650,156,9027493589
10922,TENB,7819,0,202200,215300,511755,213229550077
11021,TIPX,4,0,191600,191700,1161,191657192075
748,ARTY,230,0,652500,667400,19167,660629347315
3372,EEIQ,11,0,28000,29000,273,28472893772
11542,URGN,1842,0,282400,296600,93686,286419531199
6951,MARS,45,0,360000,373700,3881,366215279567
9365,RDCM,213,0,156000,160000,15855,158633402712
7587,NABL,1792,0,32500,34200,187960,33394561076
3142,DRTS,1094,0,102000,108000,88741,104840422127
8229,ONCH,6,0,102000,102000,5408,102000000000
5030,GVH,46,0,47500,50000,2669,49095166729
9957,SDIV,137,0,251000,253700,11774,251961814166
10333,SNTG,31,0,19600,23600,3428,20976837806
10473,SPSM,1788,0,520800,525200,99393,522380134415
200,ADVB,36,0,43900,47200,836,45643660287
9891,SCHK,87,0,354400,356500,10860,355121003683
4443,FUFU,326,0,19800,21300,12392,20250209812
9618,ROM,40,0,1343500,1392300,2280,1363801973684
2214,CIVB,299,0,241200,243500,7661,242428155593
12487,YBTC,12,0,224100,230000,462,225108008658
8355,OUT,4171,0,311400,325000,275742,313744781353
12252,XAGG,8,0,498200,499500,800,498562500000
1979,CCLD,294,0,21000,21900,47555,21259280832
1042,BAMG,4,0,420500,423200,352,422709375000
11315,TTT,7,0,728200,739800,928,728521875000
8012,NVDD,121,0,301000,309400,33305,305745590752
4333,FRNW,9,0,259800,263000,1641,262406886045
2200,CIM-B,11,0,244100,245000,738,244592140921
12473,XYLD,214,0,404400,406600,15918,405541355697
2297,CMI,2059,0,6933500,7080000,31695,6967926035652
7384,MRX,1623,0,558400,573500,71647,564968402026
6539,LAD,1229,0,2602500,2731300,18362,2651161224267
6208,JPM-C,33,0,249100,249800,12896,249366749379
11295,TSXD,8,0,82500,84700,2995,84065308848
11952,VTP,2,0,765200,765300,169,765220710059
1679,BSOL,548,0,119500,122800,182871,120497928594
6766,LOCL,52,0,19000,20000,2133,19352226910
8823,PNR,3376,0,726000,743100,144948,731856732069
3736,EVCM,477,0,94700,99500,18484,97096802640
11510,UNP,5635,0,2671200,2708000,162152,2692854477280
6857,LTRX,2056,0,61000,63500,142318,62386615888
1671,BSMR,26,0,235800,236000,2426,235913437757
11944,VTGN,178,0,6100,6400,55754,6231618161
9094,PZG,312,0,13600,14400,41039,13950751723
5294,HQ,111,0,108000,122000,11236,113193734425
334,AIB,302,0,11700,15600,23114,14348061780
10607,STHO,25,0,83800,85100,2189,84824760164
5520,IBTA,500,0,295500,317000,18323,308810342192
9026,PTEN,4562,0,120600,124300,677522,123170655713
8082,NXXT,5340,0,2800,6549,3516562,5278123381
2995,DIME,4,0,92800,95400,223,94296860986
11261,TSII,7,0,193800,201300,401,194332668329
988,AYA,498,0,187500,203300,43899,193430741019
6075,JAZZ,4610,0,2255900,2300500,99933,2284584817827
9203,QQLV,2,0,236800,241700,9,240066666666
3877,FBIOP,125,0,138500,153000,17630,146614764605
917,AVIE,1,0,743000,743000,50,743000000000
11190,TREX,3175,0,369700,380300,144127,373338989224
7456,MTB-K,15,0,249000,250800,1429,249942827151
2270,CLSZ,3,0,73300,74700,1123,73611665182
12543,YSXT,5,0,11000,11200,1099,11000545950
1645,BSBK,12,0,85000,85700,1117,85356042972
11918,VSEE,44,0,1730,1830,8915,1782566461
6267,JXN-A,8,0,260500,261300,308,260884740259
6008,IWMI,148,0,509200,515500,13224,511481578947
1864,CAMP,124,0,43100,43800,5244,43402498093
12137,WLK,2377,0,883300,922000,119575,894183532510
8898,PRGO,3255,0,105200,109000,207147,106203053869
1444,BLKB,1961,0,307100,321900,73413,311194265320
11717,VDE,332,0,1657000,1684100,22730,1673471438627
4900,GRBK,565,0,620600,630500,17925,622824423988
9987,SEF,8,0,329300,331100,779,330102053915
2018,CDRO,3,0,86600,86600,59,86600000000
1919,CBNA,37,0,365300,377400,196,373711734693
12192,WSGE,2,0,268600,271800,101,271768316831
7105,METCI,11,0,252500,253700,986,252955780933
4438,FTXL,703,0,2330000,2389900,38003,2363540546798
6855,LTPZ,104,0,501500,506700,5099,502290488331
8704,PIPR,757,0,782200,805000,27815,791618996944
8464,PAYX,11621,0,888000,919700,525896,913623103046
3354,EDGX,1,0,267800,267800,38,267800000000
1360,BIPJ,4,0,250200,250200,400,250200000000
11633,UUUG,491,0,93500,101000,82942,95458555376
12318,XHR,1043,0,158200,161700,68791,159267375092
2045,CENN,10,0,39800,42000,431,40816009280
3814,EXOD,46,0,64500,70000,1764,66095011337
8650,PGEN,2287,0,43700,46100,418456,44362435238
3563,ENVB,109,0,21900,22800,6614,22284487450
2649,CTNT,60,0,18100,19500,7768,18688195159
7736,NFGC,153,0,20000,21100,39371,20527863148
10720,SW,10361,0,373400,392500,362683,380641729278
447,ALLW,296,0,295200,299100,41934,296093864167
11149,TOVX,18,0,2835,3141,10649,3028282092
2917,DFEN,318,0,592400,641000,25077,607479339633
493,AMC,1272,0,12700,13600,411901,13026754244
10766,TAC,1156,0,126100,134000,83892,127989701044
10865,TDAQ,23,0,280400,282100,1736,280816820276
592,ANY,170,0,22900,23900,22449,23493291460
8214,OMC,5343,0,708000,723500,256864,713140865204
12246,WYFI,5035,0,239900,292600,554474,247698284500
1973,CCIX,12,0,105000,107700,1109,107316771866
6720,LIXT,87,0,47100,57200,19352,53838466308
913,AVGU,58,0,468600,481400,7247,475226314336
6000,IWD,4103,0,2320900,2336200,141837,2326806186679
2802,DBGI,362,0,10000,11700,56368,10697124254
7413,MSFW,11,0,288900,301500,815,298201226993
2326,CNC,8336,0,577900,593400,436270,583235777385
7166,MGTX,2915,0,93600,99300,166828,95377817272
1980,CCM,16,0,49800,52800,1635,50217308868
12253,XAIR,22,0,4659,5000,7015,4945516749
10833,TBRG,253,0,258300,258700,16851,258592582042
560,AMZZ,110,0,378000,385600,8922,382930228648
9903,SCHY,101,0,319400,320700,11198,320105152705
10724,SWBI,1585,0,149700,155800,84103,153599802622
451,ALMS,3238,0,224100,247200,143864,231552900656
5538,ICE,3200,0,1540300,1569700,100904,1548038174898
9712,RVMDW,77,0,48600,56900,7008,50984160958
2355,CNTN,570,0,35000,37300,76026,36168398968
12628,ZSQR,228,0,89200,98000,22792,93202255177
2454,CPAC,3,0,105000,106000,1080,105907407407
5087,HBAN,6658,0,151800,155500,2095024,153531653909
10174,SKRE,46,0,79600,81400,5841,79857404554
29,AAPB,44,0,360000,380000,14054,373143880745
10302,SNAG,17,0,60000,67500,709,62988011283
10401,SPBC,2,0,479000,479800,15,479213333333
128,ACOG,89,0,57100,62500,19228,59681896193
6187,JOBX,10,0,249000,270000,275,260984000000
1001,BA,10193,0,2199500,2325600,472939,2228902388468
11274,TSLX,577,0,175400,180300,32703,177125612329
4228,FMC,4955,0,134700,142200,320283,138997653013
7355,MPWX,9,0,232300,240300,411,235114111922
1528,BNO,3848,0,566100,579200,315307,574033748378
11801,VIPS,2451,0,139300,141500,161575,140126834596
11900,VRNS,4746,0,270300,282500,239308,279437061443
1627,BRR,450,0,19000,20400,102804,19611413952
6714,LITP,104,0,153600,159100,25654,156643451313
4022,FF,342,0,40200,41500,23149,40524973000
10745,SYF-A,21,0,199100,199500,329,199282978723
472,ALTY,18,0,122700,123500,190,122811578947
6289,KBE,8496,0,612700,623800,502605,617371966056
11570,USD,1661,0,945000,1004500,81601,973929535177
1297,BGT,4,0,108900,109400,330,109169696969
5753,INDA,2898,0,478900,481200,499657,479939345991
10840,TCAI,57,0,483300,491200,3350,487783343283
4120,FIVE,3374,0,2102600,2145900,112293,2132838973934
9666,RSPA,10,0,517300,521000,531,518379284369
8923,PRPL,67,0,4200,4320,35967,4221140489
8042,NVVE,50,0,3728,4090,8147,3978650546
2955,DGCB,67,0,542400,544500,4093,543079770339
11329,TUSK,1064,0,31400,34400,54764,33008806880
1056,BAP,787,0,3139000,3375300,20481,3213391977930
122,ACLS,2534,0,1526400,1572400,100477,1550068519163
10395,SOYB,23,0,246100,247500,2365,246699408033
9014,PSTL,316,0,224000,228000,10495,226982667937
5423,HYT,120,0,84900,85500,41182,85144529163
11718,VDG,1,0,759300,759300,1,759300000000
1445,BLLN,2654,0,819700,890000,137798,840089369221
1346,BINC,253,0,520600,521100,42141,520774279205
11619,UTG,37,0,422500,430400,7866,425359776252
3259,DXC,5954,0,81900,89500,787381,87500258705
2751,CYTK,3764,0,755000,784100,203438,761215555599
7838,NMTC,26,0,41800,45900,2555,43161056751
7870,NOV,3259,0,203000,206300,249095,204002037776
5997,IVZ,6161,0,267000,272900,346794,270026916555
2756,CZR,9365,0,267700,278600,729940,275557543496
7843,NNDM,326,0,15700,16100,120655,15868874891
10578,SSSS,177,0,130300,132800,7513,131906841474
2418,COOTW,8,0,166,300,4829,182062952
9622,ROOT,1293,0,548900,567000,41302,557039688150
4058,FGL,127,0,18500,20100,7135,19513538892
9388,RDZN,367,0,17500,18400,24321,17803182434
1756,BULG,11,0,406600,425200,386,413045595854
12029,WCC,1650,0,3553800,3633300,27988,3580886937258
172,ADBE,19768,0,2373900,2485900,711590,2455327241951
10445,SPKL,216,0,119900,120000,5426,119913509030
6749,LNC-D,19,0,260000,261000,2233,260250649350
10351,SOFA,61,0,116800,123000,11569,119835569193
12179,WRLD,411,0,1476500,1536200,9260,1506183509719
1906,CATX,1105,0,36600,38700,87423,37766074145
6993,MBINL,42,0,247500,248700,12864,248269449626
5717,IMNM,3059,0,206100,218800,197157,209271797095
4778,GLXU,75,0,120000,129800,4768,123056795302
10492,SPXC,1090,0,1965100,2031200,28968,2010622148577
6040,IYW,1272,0,2367500,2418100,64845,2392803744313
11226,TRTN-C,5,0,249000,249500,397,249388916876
953,AVUV,474,0,1170500,1182500,12717,1173236620272
9333,RBNE,129,0,12400,13500,12095,12702405952
4246,FMTM,361,0,408400,413900,140355,409744922517
5469,IBEX,831,0,300500,307000,30070,304856900565
10655,STXG,6,0,546300,549500,809,546484672435
382,AIV,536,0,41600,42300,90636,41896180325
6960,MAT,5433,0,149200,152700,758242,151750964072
11956,VTSI,375,0,32100,34600,22520,32818912078
1683,BST,40,0,452800,460700,2818,457155464868
1584,BPYPN,13,0,138600,139700,690,139212173913
11857,VNQ,7995,0,937800,950300,499215,940684823773
801,ASTC,20,0,25000,26500,2747,25938842373
12498,YDESW,3,0,4060,4832,188,4292659574
2225,CLBT,8476,0,125700,131800,634525,129280984358
7312,MNZL,10,0,575500,580000,434,576736635944
2126,CHAR,3,0,107400,107400,118,107400000000
12399,XPEL,698,0,414400,429300,23034,420631153946
10767,TACH,2,0,103600,103600,200,103600000000
494,AMCI,93,0,49900,52300,5967,50536768895
8552,PCTY,2144,0,1039100,1104600,77382,1080240354345
3465,ELDN,1339,0,37300,39400,138799,37899791064
10522,SQNS,253,0,39100,42200,26297,40257325930
5435,IAE,28,0,82000,82900,2262,82270424403
4407,FTI,5353,0,709600,731200,223686,714657885160
10602,STEX,158,0,8500,9582,33096,9114354967
10701,SVAQU,2,0,100500,102900,2,101700000000
428,ALH,603,0,238400,249900,29231,240044271492
5359,HUM,3495,0,2950800,3109300,107731,3044724391307
2193,CIG.C,17,0,31600,32100,1041,31876657060
12466,XXI,728,0,77700,81900,37145,78685753129
2292,CMDY,41,0,621800,623900,3954,622867298937
10385,SOUN,9416,0,81700,86400,2391469,84357733259
112,ACHV,2273,0,52800,56600,229045,53924472483
13,AACIW,5,0,2700,2700,300,2700000000
10286,SMSI,35,0,8213,8500,5509,8390513523
5869,IPX,621,0,356100,367400,41161,360433952041
683,ARBK,39,0,39500,43200,4405,41385607264
10956,TFX,853,0,1288400,1309000,36836,1299465970789
8048,NWBI,2029,0,133200,135300,146183,133941361170
2671,CUE,203,0,212400,245300,18194,228255353413
915,AVGW,12,0,491500,502000,547,497024862888
11188,TRDA,1092,0,63100,68300,54979,64004045180
10218,SLQT,491,0,11500,11900,44684,11662107241
10317,SNEX,4197,0,1089000,1150100,230459,1101805581470
44,AAVM,3,0,338200,338200,51,338200000000
9466,RGC,172,0,265800,300000,19701,282523775442
4242,FMS,1794,0,214700,217300,94377,216199598419
10112,SIBN,2400,0,138900,145900,137453,141043280976
8814,PNC,3601,0,2108700,2135100,88198,2123028303362
3147,DRVN,2851,0,124800,131200,190775,129801374393
11465,UIS,718,0,29300,30700,45166,29848144622
1192,BDMD,98,0,16100,16700,19771,16395746295
8540,PCOR,4141,0,460000,477600,160132,469974908200
6587,LCFYW,2,0,34300,37000,100,36973000000
11773,VGSR,10,0,110300,110700,1376,110605232558
1500,BMRN,5154,0,516800,533100,280438,520487216425
4675,GHRS,553,0,206800,220800,26211,212123215443
2339,CNM,3625,0,466300,480000,158560,470398973259
2031,CEF,72,0,475000,485200,10750,477687479069
8933,PRTH,791,0,57700,59600,39959,58501173703
3846,FA,3581,0,146700,151000,167803,148661342765
27,AAOX,2118,0,650000,760000,95954,694423631114
10300,SN,5353,0,1044200,1077800,232910,1059330325018
5213,HITI,211,0,23600,24400,34558,23953067307
9744,RXO,5948,0,174000,196000,425875,188974611094
4657,GGN,106,0,51900,52700,20639,52264673676
11749,VFF,504,0,25700,26400,165865,26083848913
1107,BBLG,11,0,12400,13000,1365,12889743589
11380,TXXS,42,0,57100,63500,27479,57576200007
4623,GENK,40,0,20000,21500,1693,21280153573
9710,RVLV,2702,0,182500,189500,163809,186361629092
9028,PTF,166,0,1181400,1212400,12301,1198545167059
1637,BRW,14,0,67100,67600,1169,67196321642
11910,VSA,40,0,3509,3970,19067,3691072166
4581,GDMN,10,0,930000,982200,255,939115294117
1806,BXDC,1004,0,198000,203000,110873,200644014322
12079,WEX,1409,0,1365700,1428000,34910,1411657224291
9775,SABR,1002,0,15900,16800,1356601,16399767580
11959,VTWG,12,0,2644500,2657800,803,2646029887920
1686,BSV,99,0,777800,779100,15249,777969014361
2727,CWT,681,0,424400,436000,19551,428295110224
6027,IXUS,3383,0,931200,938100,116658,934431676353
8504,PBUS,15,0,739300,744500,1587,740001008191
9248,QTI,296,0,53100,65400,26737,54305550360
5430,IAC,3323,0,395600,403300,163371,400057120908
10616,STLD,6547,0,2270000,2339000,179649,2287112473768
343,AIG,4829,0,757600,769100,164984,761930144135
9025,PTCT,2480,0,713700,730600,107757,719754951418
9119,QBTX,299,0,132300,145700,31527,138508357915
3654,ESI,8394,0,417100,427900,472606,421606906810
6405,KMX,4451,0,369100,380100,227873,371868464890
2010,CDLX,247,0,6215,6800,69950,6433445789
1911,CBAT,5,0,7800,7899,257,7829723735
12184,WSBC,5485,0,327100,333000,147562,329746403545
471,ALTO,1194,0,45300,49300,119238,46758505677
10744,SYF,7064,0,703900,717500,227529,709461883100
5657,IHF,99,0,508700,514500,8266,510362630050
6140,JHG,623,0,516800,517100,69507,516932908915
9613,ROK,2131,0,4425000,4496300,37873,4473371018931
1594,BRBS,154,0,32500,32800,9796,32542476521
11867,VOLT,319,0,395800,402400,35084,397267520807
11966,VUSG,4,0,647100,649800,782,649482097186
1693,BTBD,32,0,10700,11300,2689,10998363703
2792,DBC,452,0,309900,312300,60989,311423889553
6602,LDOS,1971,0,1227500,1274200,68250,1240216000000
1515,BNDS,7,0,509600,510200,983,509701017293
8687,PICS,2325,0,101400,120000,198940,104779337488
3445,EIKN,759,0,126500,134600,43281,130595674776
3320,ECC,33,0,40100,40600,2764,40307127351
5865,IPSC,796,0,22700,23500,134648,23097961351
10952,TFNS,1,0,259300,259300,1,259300000000
3571,EONR,56,0,6650,7200,12756,6910075493
6932,MAIR,639,0,408400,421000,63428,412488929179
3015,DIVO,435,0,453300,455200,23098,454260533379
1732,BUCK,28,0,234900,235600,3408,235320745305
12005,WANT,65,0,430000,446000,2845,436710087873
3129,DRI,1315,0,1938800,1969500,26352,1957141905737
8216,OMDA,2983,0,161800,169200,259849,166445477950
5234,HLT,3371,0,3141700,3186800,64540,3165788817787
5751,INCY,4851,0,943500,977000,216128,954497516749
10937,TEXU,3,0,413200,414700,142,413643661971
664,APXT,3,0,100000,100100,1253,100095770151
565,ANEL,251,0,157200,170300,103159,160386535348
10838,TC,14,0,89500,91500,542,90147970479
5960,ITRG,387,0,25400,26700,303676,25653090464
10646,STT,2194,0,1513600,1540800,63408,1531954879510
373,AIRR,908,0,1270800,1292000,62215,1276919721932
274,AGGY,8,0,431700,431900,274,431840510948
10547,SRTS,83,0,35700,36900,9481,36348570825
9918,SCMB,81,0,254000,255500,15075,254307462686
5389,HXL,1128,0,883800,914200,44768,893061827644
1141,BCDA,122,0,10100,11000,31590,10341497309
11414,UBRL,25,0,160700,168500,5213,165390255131
6327,KELYB,7,0,159400,163100,116,159515517241
3341,EDAP,16,0,41500,43400,1283,41681995323
11210,TRNR,169,0,10200,12200,12415,11131341119
937,AVPT,3126,0,97700,100400,240756,99284102992
3603,EPSM,241,0,11100,15000,44339,13690631272
2384,COGT,5969,0,324500,342400,326348,329450584039
7471,MTN,711,0,1201500,1226000,23824,1214545596877
11257,TSES,1,0,312600,312600,1,312600000000
984,AXTA,2509,0,268000,277500,126324,271078502897
11499,UNG,1056,0,111500,113700,698621,112850835431
1226,BEN,3611,0,314400,321500,205880,318216743248
10642,STRZ,1774,0,218200,239900,114255,230575496039
1955,CCBG,245,0,452100,459400,5050,454407029702
12228,WTTR,5090,0,183000,190300,286035,188275206530
3157,DSL,247,0,107600,109100,20820,108516335254
1202,BDYN,4,0,271300,271900,689,271735413642
11475,ULCC,2124,0,46700,47800,554466,47208655174
1698,BTCI,65,0,367900,375100,8362,371040851470
11971,VVOS,115,0,6405,7199,22882,6612675421
1797,BWMX,38,0,159000,165000,1738,162138665132
6884,LW,4403,0,419400,444500,217937,435122169709
12329,XIFR,1511,0,110200,113900,115314,111441338432
2056,CERS,1484,0,23300,25000,451611,23854360721
1957,CCCC,2327,0,32900,36000,390580,34747570280
12230,WTW,4807,0,2476400,2520000,121815,2493312401592
6380,KLAG,46,0,299100,316100,4650,304172516129
1293,BGRO,3,0,421900,423400,136,422504411764
1194,BDN,163,0,29500,30000,28088,29764294360
11467,UIVM,6,0,720600,723800,165,722337575757
7681,NDRA,84,0,50000,59000,21616,51532364914
7850,NNVC,161,0,14100,15600,16482,15058603324
8415,PAGP,3625,0,240000,247200,446474,245110253228
6121,JFB,139,0,51300,53100,14116,52448937376
7997,NUVB,2489,0,42700,46600,409150,44300183306
376,AIRTP,10,0,187900,194000,328,189816158536
10649,STUB,5573,0,81400,89300,527287,86284523798
11706,VCLT,2597,0,736300,741000,595097,737943570375
1433,BLD,2418,0,4001100,4089200,41411,4042348520924
5150,HEI,1918,0,2876900,2947500,74577,2894072179090
5775,INGM,1148,0,252100,260000,56658,253799841152
2744,CYCU,92,0,8800,9200,59035,9003335529
11627,UTSL,156,0,415400,436200,12872,423636847420
1354,BIP,625,0,376200,383800,41445,380574052358
2371,CODI,1928,0,117000,122600,118711,120811243271
2428,COPZ,15,0,171000,180300,2701,177583857830
11995,WAFD,4633,0,340500,347200,116417,342810909059
12094,WGO,915,0,288300,297900,38169,291334952448
1821,BZAIW,64,0,3440,4600,44998,4095426552
10506,SPYG,11683,0,1178900,1195100,333913,1186735812022
10605,STGW,1612,0,59700,62200,232697,60550643110
332,AIA,558,0,1311000,1331100,41237,1323392889880
5419,HYPR,239,0,15400,16000,93116,15521741698
8820,PNNT,664,0,40800,41400,66068,41098851183
9358,RCUS,1663,0,236900,249500,72107,239606197733
11667,VACI+,42,0,10200,12000,7453,11424553870
1394,BKCH,98,0,825900,874000,13959,839439623182
12596,ZION,7378,0,589900,600400,222405,594725688721
2323,CNA,667,0,432000,439300,21645,437722286902
6270,JYNT,319,0,81700,84200,14960,82499612299
11357,TWO,831,0,125500,126300,130678,125882449991
2958,DGII,1363,0,617700,647200,54389,623816648587
2816,DC,1598,0,56300,60500,160732,57264107333
2784,DAVA,224,0,36400,38600,10774,37389864488
8185,OILD,54,0,388500,407500,3165,394602906793
8674,PHM,3013,0,1092200,1139100,103458,1102074225289
11132,TONX,668,0,34400,38300,116889,35869221226
859,ATRC,2431,0,277300,289500,108992,281734483264
8448,PATX,37,0,64000,75000,11550,71530502164
1643,BSAAU,2,0,104300,104300,102,104300000000
11916,VSEC,2007,0,1691700,1772000,34692,1713694151389
6829,LRMR,1886,0,35500,38700,316209,36883738919
1484,BMI,484,0,1141500,1177300,20400,1153211372549
11757,VFS,852,0,37700,39300,128194,38510644803
6670,LGIH,1652,0,403800,432100,82092,411767289139
10004,SEMY,770,0,165800,168500,60615,166883518930
412,ALC,4898,0,636000,649700,335114,641275341823
10685,SUPX,998,0,100500,110000,85755,107401898431
5598,IEI,381,0,1169100,1170900,105070,1169819722090
12016,WBI,578,0,297500,308300,37679,303525945486
12115,WING,5613,0,1180000,1297300,265553,1259989073367
1842,CAE,1058,0,251000,255900,54708,253677184324
12431,XSD,136,0,5400000,5592700,6530,5479745176110
2158,CHPS,52,0,810000,825900,1979,816464274886
1430,BLCO,800,0,159600,161800,35643,160846575765
11703,VCIG,36,0,7600,8008,4103,7911371679
1805,BXC,487,0,504800,528400,12983,517662158206
12078,WETO,3,0,5100,5390,662,5128036253
7794,NIXX,130,0,5821,6197,48533,5946320318
2707,CVSA,419,0,1229300,1265800,8261,1237875063551
9258,QTWO,1237,0,450200,461100,39650,453677977301
3030,DK,1089,0,439700,453500,40738,448458341106
8117,OBIL,3,0,501000,501100,138,501023188405
5198,HIG,1975,0,1331100,1355300,62274,1343268020361
4806,GNK,942,0,244500,250900,34159,246935463567
9893,SCHM,272,0,339200,341900,36041,340073921367
10215,SLON,35,0,55900,58700,5169,56213136003
4643,GFF,587,0,818200,847400,13910,824075859094
12099,WHD,1290,0,565200,576800,55849,571034935271
1826,BZUN,451,0,24400,27000,57936,25148544946
8672,PHIO,73,0,10600,11100,8835,10767979626
5963,ITT,1043,0,1942700,2010000,38850,1962406519948
2444,COTY,555,0,20500,21400,203394,20735973529
7531,MWH,1891,0,431400,443300,98391,435245530587
11699,VBR,77,0,2272000,2287400,1366,2278202049780
1426,BL,3646,0,265500,280600,174334,273445757568
6513,KW,149,0,109900,110300,17801,110167861356
8417,PAHC,929,0,330900,361500,41527,340907879211
8742,PLNT,3318,0,514200,534600,184481,528884613591
12406,XPOF,894,0,47500,51000,48234,48476406684
2133,CHCT,442,0,167500,170000,12597,168982130666
9621,RONB,76,0,226800,229600,12786,228182809322
10461,SPPL,133,0,27900,28900,28663,28390538324
188,ADP,9682,0,2090100,2151000,309609,2138193225972
8275,OPLN,974,0,348500,358200,36577,351134330316
3188,DTSQ,19,0,112200,112500,1103,112304442429
7839,NMZ,32,0,101400,101600,4934,101506323469
2644,CTKB,1402,0,33200,35900,194552,34917236522
7731,NEXT,5756,0,89600,92300,769727,90988811617
9677,RSPT,79,0,573500,584400,8352,578715313697
9626,ROST,5945,0,2113000,2150000,212499,2129696511983
4539,GBCI,2664,0,454400,463800,57693,456882828072
4857,GOVT,183,0,225600,226000,205587,225721987285
9647,RRR,1703,0,510000,519100,76837,515363783073
10096,SHOO,2830,0,384200,392900,128800,388509324534
7422,MSII,5,0,81600,83800,541,83481700554
2236,CLIK,48,0,13500,15300,9588,14546756362
12509,YHGJ,130,0,30600,35300,3221,33207420055
2335,CNH,3093,0,103600,106200,536354,104546833248
8474,PBF,3455,0,408000,427300,174176,422313511046
2726,CWST,2328,0,843400,870000,81194,854235229204
1956,CCC,3146,0,42300,44000,989395,42902508906
12229,WTV,26,0,989500,992900,2384,991477265100
1535,BNTX,1923,0,886200,915200,91585,894950454768
11808,VITL,8015,0,82200,87000,976435,84661880309
4434,FTW+,68,0,10400,14000,19054,12186039676
320,AHMA,33,0,11500,12200,2957,11723605005
10593,STBQ,1,0,229000,229000,4,229000000000
10692,SUSL,135,0,1308100,1317900,9525,1312254750656
419,ALEC,1195,0,21500,22800,149516,22172943363
8057,NWSA,6683,0,258000,265000,471402,260368500770
6239,JTAI,125,0,65500,72500,16844,70675653051
1053,BANR,1248,0,624500,637500,36492,627266836566
11326,TURF,5,0,345600,347500,487,346938809034
12215,WTID,61,0,44400,47000,2935,45214310051
11106,TNA,21754,0,597800,637700,1474730,610178291755
833,ATHE,47,0,38400,44800,9683,42202303005
2553,CRL,2138,0,1499800,1600200,78163,1534708674180
4801,GMRS,236,0,130000,135400,32154,132397941158
9888,SCHH,780,0,229500,232300,348895,230277394631
527,AMPX,5618,0,167500,175600,428631,169703477816
10800,TASK,1494,0,53900,55500,133863,54855951980
8228,ONC,1585,0,2930000,3000000,47191,2951013337288
1550,BOH-B,5,0,262800,263700,228,263272807017
11823,VLRS,3723,0,65100,68500,187406,66432366092
1649,BSCS,12,0,204000,204100,1491,204052246814
9583,RNGR,302,0,161700,165000,11629,163793266832
11133,TOON,13,0,6300,6451,5465,6392447941
860,ATRO,1684,0,785200,819400,65389,794966763522
1875,CAPL,11,0,227500,231500,551,229503629764
3592,EPOW,72,0,6400,7104,41826,6826305527
8679,PHVS,923,0,293500,307500,50518,300539639336
6489,KTB,1059,0,617400,639100,27721,624880678907
12108,WHR-A,166,0,350000,366700,14683,354518783627
1835,CABO,479,0,471900,511800,11338,488188931028
10041,SFM,4946,0,850100,880700,271826,857855624186
4954,GSHD,1533,0,371000,387000,49021,377247092062
8155,ODV,615,0,30500,31800,93951,31013452757
2659,CTSH,16778,0,460500,474900,1177541,470330734641
1543,BODI,252,0,106900,123400,30620,112820845852
11816,VKQ,33,0,95200,95900,2824,95602726628
4317,FR,1250,0,600000,610100,44491,608174830864
420,ALF,2,0,108400,108900,561,108899108734
10693,SUUN,35,0,6448,6757,7788,6663858500
5606,IEUS,4,0,710000,724700,35,722765714285
7343,MPC,2925,0,2500000,2568600,86019,2539704237435
12430,XRXDW,191,0,2300,3475,84059,3070736744
6758,LNTH,2817,0,933500,965100,113853,940947770370
523,AMPGZ,9,0,901,1320,2401,1016087047
9534,RKDA,29,0,8911,10500,2122,10035034872
4447,FULT,3985,0,205000,210000,244989,206443927686
4859,GOVZ,123,0,345500,348300,32390,346303303488
1699,BTCL,2,0,201200,201500,6,201250000000
11972,VVR,78,0,29800,30100,19166,30035662109
6885,LWAC,2,0,101800,102000,116,101801724137
1798,BWNB,1,0,249500,249500,100,249500000000
4275,FNWB,95,0,93500,98500,8554,96347907411
11211,TRNS,548,0,732800,762500,12944,746516864956
938,AVR,3942,0,69400,73500,298131,71665198184
6025,IXN,174,0,1310800,1337000,5090,1324235972495
3317,EC,1312,0,129200,134100,115303,130978861781
7042,MCW,448,0,70800,71000,511397,70995996261
7913,NRT,14,0,79900,82100,1868,80944967880
2273,CLW,412,0,132500,137400,10400,135195278846
12546,YUMC,1601,0,452700,462000,84807,457397736035
7459,MTCH,7327,0,352300,358000,638246,354790777380
4405,FTHM,76,0,6554,6935,17905,6735206702
1975,CCIXW,8,0,3600,3900,910,3768131868
12248,WYNN,3921,0,941300,962500,144588,953900480676
7161,MGRC,328,0,1115700,1152200,7832,1125457201225
10551,SRXH,2447,0,1200,1390,1123200,1272358234
278,AGIO,2611,0,278800,285100,128042,281329248996
2687,CVE,4331,0,301300,308200,469419,305404470206
8163,OFAL,103,0,5013,6400,37095,5857726647
3076,DMXF,32,0,807000,811400,2371,808667988190
197,ADUR,531,0,133500,142300,38227,137134357914
10470,SPSB,42,0,299500,299800,34965,299570922350
7151,MGM,6317,0,363700,372200,386813,369373014609
1965,CCGWW,29,0,101,237,7389,145393016
12238,WW,757,0,101000,109700,62161,105091682887
12526,YMT,85,0,1219,1373,90956,1298269108
7439,MSTP,38,0,510000,555000,5174,537979242365
5110,HCC,1276,0,840800,855000,68025,847356801176
10197,SLG,1801,0,413400,427900,66919,423040737309
9852,SBTU,14,0,31800,37100,2586,32516860015
9056,PUMP,4400,0,167400,177100,331371,173409950478
3969,FDTX,48,0,487200,497900,3282,490761151736
5973,IVDA,105,0,3116,3600,19982,3219391051
787,ASND,1420,0,2395100,2445100,82986,2406390399585
11060,TLTP,3,0,207300,208300,282,208129787234
6890,LX,346,0,19300,20200,185368,19617569375
1704,BTCZ,281,0,37400,39200,371581,38754228284
11977,VWO,3558,0,582300,587100,337783,584958016241
10202,SLI,916,0,37400,38700,130469,38119850692
9802,SANA,1814,0,29200,31100,513516,30503868623
2702,CVR,5,0,93900,93900,249,93900000000
296,AGNCO,8,0,254600,255300,320,254915625000
10569,SSL,1932,0,133000,135500,165549,134211225075
10613,STKH,19,0,14700,15600,682,15318621700
340,AIFD,3,0,505000,510000,7,505714285714
5427,HYXF,11,0,463000,464500,784,463939413265
11085,TMFX,1,0,209500,209500,100,209500000000
812,ASYS,797,0,202500,219200,44056,209576264299
7059,MDLZ,19822,0,603000,615800,1212380,606032904947
3701,ETOR,2561,0,404700,417700,132451,409898995100
12116,WINN,26,0,324900,326500,2567,325888780677
1843,CAEP,39,0,115000,150000,3942,142207077625
6354,KGS,3710,0,728000,742700,178872,734481880898
11815,VKI,13,0,87500,88200,2702,88010954848
7031,MCK,4294,0,7497700,7658500,83118,7599279003344
12217,WTIU,10,0,177400,186400,464,183710991379
1944,CBUS,799,0,13000,15700,64600,13705001547
3035,DKS,1121,0,2148500,2200400,28278,2173816921281
4848,GOOX,17,0,1000000,1028100,322,1023636335403
8288,OPTXW,33,0,10000,11500,7929,11105700592
10740,SXTP,31,0,13900,14500,4288,14058325559
467,ALTG,783,0,61400,67000,36242,62817634236
1357,BIPC,1619,0,392500,403100,68611,398632341752
11630,UTZ,1257,0,69300,71100,129862,70500328810
9409,REI,830,0,13100,13600,650309,13402614603
4769,GLTR,37,0,2150000,2163400,2883,2155770586194
3734,EVAX,39,0,39100,41500,4321,39982851191
1113,BBOT,1582,0,81100,85500,157499,84334256090
11386,TYGO,834,0,38300,40600,60617,39601552369
6299,KBWD,310,0,125700,127400,80341,126369079299
1555,BON,19,0,12100,13000,6558,12600213479
11828,VLY,4218,0,127700,130600,822261,128808152399
992,AZI,18,0,12100,13300,926,12342116630
11265,TSLI,4,0,281100,293300,322,284324844720
4458,FUTG,165,0,82000,88300,88117,84452452988
9545,RLI,2229,0,503500,514400,135127,508220975082
7303,MNST,20843,0,858500,879000,1008896,870934151785
4743,GLGG,42,0,101300,111300,4424,103150226039
9830,SBC,255,0,29500,30200,14803,29872120516
12465,XWIN,1598,0,81400,85200,345437,82450675231
2192,CIG,151,0,21800,22100,76136,21853320374
6086,JBS,3247,0,134800,140600,397288,136296384738
3819,EXPO,1675,0,532700,545000,67403,537768805542
5247,HNGE,1041,0,535000,553600,47494,545769065566
4858,GOVX,583,0,12000,13300,29544,12334924180
9607,ROCQ,351,0,560000,568300,31116,561583339760
9870,SCCR,35,0,253200,254200,5236,253374866310
2261,CLRB,205,0,30000,32300,14877,30762109296
12534,YPF,1041,0,434300,447800,65344,437884710149
2360,CNXC,3814,0,231800,246400,227913,241031157941
6382,KLC,2433,0,37200,47000,216925,40826621643
5059,H,1526,0,1674500,1706900,49269,1690473301670
780,ASM,3860,0,69300,73100,796315,71119226939
11053,TLSA,192,0,13600,14300,14420,13901012482
865,AU,5091,0,918500,984200,238861,935759995562
11138,TOPT,152,0,339000,342400,15714,340529362352
2832,DDC,21,0,12200,12500,1137,12333685136
8768,PLUT,24,0,30000,31000,2126,30133349012
3681,ETD,794,0,188000,191300,32670,189559700030
499,AMDG,207,0,800000,874200,8725,841515931232
10772,TACO,6,0,104000,104900,20471,104001187045
8109,OARK,10,0,313300,319000,185,313996216216
11775,VGUS,12,0,755700,755800,917,755741875681
1502,BMY,13774,0,561500,571000,770002,566118684756
6589,LCII,368,0,1100800,1136500,8883,1106532646628
6401,KMPR,1708,0,295200,304700,84672,298334586404
10038,SFL,1270,0,122700,126000,83979,124023471344
4476,FWRD,2806,0,85500,95100,223935,88563942661
8584,PEBK,235,0,397000,403700,4878,399578044280
8684,PI,1472,0,1380000,1429900,45127,1399973603385
254,AFOS,2,0,432200,432300,51,432201960784
10527,SRBK,302,0,180100,182400,14213,181148694856
1321,BHRB,833,0,609800,620000,40572,613863896283
1222,BELFA,1002,0,2276400,2358200,11511,2322886204500
11495,UNB,65,0,232500,238000,521,235140882917
6408,KNDI,31,0,6500,6730,11566,6687675427
2589,CSAN,918,0,33100,36300,219998,34410685097
11427,UCON,55,0,247900,248100,10175,247941651105
1154,BCI,219,0,252700,254000,38857,253611750778
3494,EMBJ,5396,0,557500,576100,254193,563412512933
916,AVGX,438,0,625000,655800,27373,639164161765
11189,TREE,1075,0,347400,360600,40669,355467309252
7401,MSBT,37,0,226000,230000,7487,227128796580
2215,CIX,3,0,230000,232500,3,231666666666
12488,YBTY,18,0,140100,142100,662,141108006042
391,AJAN,2,0,282600,282800,400,282700000000
10664,STZ,2623,0,1397600,1431200,102222,1417250063587
9013,PST,3,0,232300,233300,51,233015686274
3382,EETH,9,0,271000,276100,721,272431622746
2535,CRDL,118,0,13000,13500,22912,13156725733
10636,STRR,25,0,97000,100000,3536,99781674208
363,AIPI,159,0,367800,374200,11959,371368935529
7403,MSCI,2054,0,5588500,5770800,24780,5647349418886
8847,POW,13,0,305000,312500,3108,307560553410
5325,HST,8146,0,211400,214300,1215301,213152078538
2523,CRBU,1186,0,20900,21900,243817,21266109007
6897,LXU,2205,0,142400,146200,115424,144392187066
9827,SBAC,2814,0,1967700,2016400,104047,1994980984555
4946,GSBD,521,0,88100,89600,42579,88859172361
294,AGNCM,9,0,248000,248800,3295,248746767830
10567,SSII,183,0,38000,41000,3262,38754598405
9951,SDGR,3428,0,119000,126300,215450,120691658389
3053,DLTR,6846,0,885100,911300,332949,898062135342
8153,ODTE,44,0,270400,280200,979,271051072522
3632,ERIE,867,0,2119800,2177200,14758,2135883520802
3694,ETHW,234,0,157800,160700,49421,158828465632
8260,OPAD,8,0,6143,6384,831,6282386281
2767,DAIO,116,0,27600,32500,35864,30912664510
7854,NOBL,303,0,1054200,1062500,22054,1056633331821
10256,SMFG,3967,0,216800,220300,383645,218714382045
9255,QTRX,1557,0,26900,28900,205337,28018293829
5659,IHI,6357,0,484100,492300,346088,487207514273
10845,TCBK,711,0,485800,492700,17767,487885844543
572,ANGI,2674,0,48500,50400,227348,49540312648
3865,FATE,696,0,17200,19100,251964,17748287850
3167,DSX,252,0,26200,27200,25279,26615162783
1780,BW,8928,0,184000,233700,902970,204465404830
12053,WDS,1732,0,224000,230100,103272,227650594546
1879,CAPR,2737,0,285300,295100,158461,288376773464
4182,FLNG,468,0,317600,321800,16153,320244765678
6556,LASE,77,0,8700,9200,29477,8969734844
12274,XBTY,70,0,66600,67400,4409,67147334996
2001,CD,474,0,71300,83100,29250,79463617094
7244,MLEC,104,0,79700,104800,7443,94068641676
7892,NPV,1,0,113500,113500,100,113500000000
2429,COR,5298,0,2567000,2645800,152565,2597186249795
2937,DFNSW,69,0,708,1500,56356,982129498
7377,MRSH,3634,0,1600100,1631400,115555,1617391853230
8330,OSK,1069,0,1194000,1250000,36842,1207305643016
3243,DVXY,1,0,231600,231600,1,231600000000
9037,PTLO,1565,0,39500,41100,246547,40342024847
2658,CTS,413,0,583200,610100,10700,589819308411
11367,TXMD,12,0,20000,20300,1512,20230489417
1094,BBDO,30,0,30600,31000,2830,30751378091
12408,XPP,1,0,230000,230000,60,230000000000
2135,CHDN,2112,0,853500,871600,77469,863988550258
1427,BLBD,2144,0,705200,720300,127483,716463371586
11700,VC,1300,0,1104900,1147400,42449,1114654236848
11799,VIOT,43,0,9643,10000,13984,9845814001
1526,BNKU,1,0,304900,304900,1,304900000000
11524,UPLD,71,0,7192,7873,6511,7339760405
1251,BFAM,2183,0,683200,708400,130585,688703268369
5416,HYNE,22,0,152400,156500,375,156399466666
11893,VRCA,68,0,62600,69500,6756,64265038484
6806,LPSN,447,0,21300,23000,24413,22430610740
3536,EMXC,8792,0,929600,942300,309743,936150595493
8623,PFG,6131,0,995000,1008000,239752,1004098336614
7087,MEMS,13,0,301200,304800,1238,302863731825
2037,CEGX,30,0,140000,144000,4019,141941254043
11715,VCYT,4915,0,370100,395100,152947,387474408782
1442,BLIV,1,0,23200,23200,1,23200000000
6529,KYTX,2039,0,93200,107400,206389,96407582283
1343,BILS,57,0,993000,993000,22709,993000000000
11616,UTEN,47,0,427200,428400,2958,427707775524
2028,CE,2395,0,558500,570200,90075,566421412156
12301,XERS,1619,0,62500,64000,167186,63133389159
9600,ROAD,2050,0,1178900,1230000,53200,1198156041353
10895,TE,5920,0,53800,59000,837218,57037854895
622,APGE,2272,0,797400,839600,98232,812125879550
5709,IMCV,15,0,875400,884400,1019,878359077526
2286,CMCM,3,0,51800,52000,3,51933333333
6216,JPO,13,0,134700,136000,177,134860451977
920,AVIV,6,0,779300,781200,405,780380987654
11193,TRGP,3498,0,2683900,2733800,94824,2710909501813
10580,SST,39,0,29100,32500,3732,30889710610
307,AGRO,470,0,129400,132400,27758,130906423373
2571,CRSR,3128,0,67000,72000,323742,68129868537
1313,BHFAO,37,0,165200,166500,2579,165781194261
11586,USHY,541,0,367800,368600,474809,368040741645
166,ADAMI,2,0,252900,253700,1975,253699594936
10439,SPHY,106,0,232800,233400,73206,233039300057
7921,NSC,1886,0,3140100,3179100,30366,3162232684581
7432,MSS,54,0,10000,11000,6587,10306725368
4618,GEN,11964,0,230600,236200,1075263,234194412901
9705,RUSC,1,0,358400,358400,4,358400000000
1367,BITI,306,0,216400,222200,47019,220104043046
11640,UWM,1395,0,578000,589600,37969,581377226158
1016,BAC-O,28,0,173600,174100,2286,173932589676
11289,TSPY,240,0,255200,257000,20485,256213512326
2966,DGRO,996,0,732800,737100,80329,734908941976
8053,NWL,2199,0,37600,39600,718453,38429666241
3708,ETU,70,0,63500,65900,3137,64288747210
12503,YETI,4506,0,400200,437100,205816,426635730458
2230,CLDT-A,3,0,200000,200000,347,200000000000
5243,HMR,50,0,9779,10600,4420,10399972624
660,APUS,4,0,13200,14800,125,13680800000
10933,TETH,550,0,110200,112400,60072,111000133173
4524,GANX,516,0,17500,18200,56317,17803849636
6677,LGPS,4,0,6000,6800,716,6639530726
12603,ZJYL,3,0,23500,23700,25,23612000000
2330,CNDT,964,0,13400,14300,457208,13766200722
7417,MSGM,90,0,43800,45500,15147,44945877071
8281,OPPJ,32,0,601000,610000,2294,603725719267
2614,CSTE,694,0,15500,17700,114708,17207639397
4533,GAU,700,0,23000,25300,254228,23651544676
4465,FVCB,994,0,152700,155000,35903,153357594072
9552,RLYB,67,0,138800,144100,6408,140481928838
9594,RNTX,472,0,10200,11000,110044,10560354040
7188,MIDU,16,0,621800,640700,3211,632440361258
1096,BBEU,67,0,751200,755000,5291,752610735210
11369,TXNM,2072,0,589400,593700,133476,591193108124
2829,DCTH,2030,0,109000,113100,123044,110966414453
7916,NRXPW,37,0,43,90,44864,64558955
1855,CAL,1659,0,109300,111800,68909,110345198740
12128,WLDN,1833,0,890000,930000,57707,913049869166
5620,IFRX,2049,0,22500,24800,302947,24100503058
434,ALIT,679,0,7790,8467,113866,7949973178
10707,SVCO,1085,0,100100,106700,83074,101858492428
10806,TAXE,14,0,507900,510100,1130,508456548672
533,AMRX,2355,0,118900,121600,212625,119850344973
9189,QNC,233,0,26800,28300,26468,27379495995
8696,PILL,45,0,115900,127000,11407,121614394669
4217,FLYW,4552,0,158100,165500,324590,161535056532
9304,RAIN,12,0,17200,17500,311,17233118971
1155,BCIC,180,0,76300,78200,15963,76971026749
6319,KDP,11473,0,287800,293300,1024913,289929739694
1232,BEPC,2191,0,356200,365800,111499,362787134413
4283,FONR,58,0,188600,188700,8886,188601755570
9370,RDI,16,0,10400,11000,426,10573004694
1421,BKT,18,0,103400,104200,3674,103714044637
11694,VBIL,19,0,755700,755800,40137,755727827191
3805,EXC,13988,0,432700,445600,1034521,436219425318
1470,BLZE,2678,0,68700,73100,209421,69829999379
11743,VERX,3758,0,122500,131200,205840,128956837835
5340,HTLD,3604,0,130800,136000,160039,133412483832
753,ARWR,5768,0,762600,792000,290724,772042487032
11026,TJGC,739,0,20800,21900,282666,21209266767
6945,MAR,5178,0,3510200,3545100,121704,3527414278906
7952,NTRS,3405,0,1624000,1649900,136740,1639314485885
10364,SOLS,5328,0,815000,860100,323778,849346159096
91,ACAD,5018,0,213600,219500,239733,215238564986
924,AVLN,150,0,293100,306900,19726,300356357092
11197,TRI,4869,0,791700,834000,287041,818886274434
11296,TSXU,7,0,500800,520400,322,505888819875
1023,BAER,398,0,16600,17100,47369,16870554582
6110,JEMA,28,0,594700,599900,1064,598111278195
9759,RYTM,1667,0,897600,930000,60053,907172439345
8366,OVV,8202,0,588000,600800,359787,596692192046
4218,FLYX,301,0,22100,23100,28086,22583828241
2398,COLAR,33,0,4400,5000,18300,4556284153
7485,MTYY,60,0,43800,44400,1999,43969834917
62,ABLV,1,0,10200,10200,1,10200000000
10335,SNTI,73,0,10100,10600,10591,10349079407
12521,YMAG,83,0,129500,131100,24212,130215954898
2248,CLOA,454,0,518900,519600,64133,519065498261
4818,GNPX,36,0,8300,8800,4223,8455943878
10022,SETM,158,0,351100,362900,15860,354729413619
6276,KALV,1363,0,267300,267800,888590,267479751628
11363,TWST,6688,0,480600,525300,394479,492151648123
8299,ORCS,41,0,245600,252000,5473,249167093002
3212,DUOT,1819,0,80000,92600,225024,89437227584
3693,ETHV,28,0,322800,328600,3639,325717999450
8754,PLTK,864,0,35700,37100,106451,36236211026
5190,HGV,2046,0,443800,456300,103632,450377363169
10336,SNWV,403,0,163600,173600,15327,166999060481
9000,PSMT,920,0,1580000,1600500,22806,1589708642462
866,AUAU,2,0,379500,380300,2,379900000000
11139,TOPW,24,0,393500,398400,1002,395054590818
7482,MTVA,47,0,11100,11800,2552,11195728840
9819,SAV,10,0,246500,249500,1501,248600599600
4732,GLDB,3,0,242200,243300,118,242521186440
9479,RGTIW,157,0,77300,84500,28308,79860742546
8056,NWS,4549,0,296300,303000,248810,298732614042
7750,NGEN,329,0,35500,37900,52659,36056442393
10940,TFC-I,8,0,193000,193300,730,193258904109
667,APYX,509,0,40400,44100,36693,42246875425
11786,VIASP,7,0,255000,256000,230,255880869565
1513,BNDI,3,0,466400,468200,67,468155223880
3172,DT,18053,0,364300,386600,884795,379204430517
10592,STBF,14,0,252500,253000,1950,252774051282
10691,SUSC,145,0,229100,230600,18047,229338360946
418,ALDX,917,0,16000,17000,200466,16581480151
3615,EQIX,2442,0,10572000,10796800,31200,10627742855769
5861,IPOD,3,0,103700,106200,152,103864473684
12641,ZUMZ,710,0,225500,238500,23287,229842100742
2368,COCO,3484,0,755200,785500,223187,774598191650
2269,CLSX,16,0,176900,197700,1519,187390256747
12542,YSWY,224,0,255000,266400,16723,260164796986
7707,NEOV,520,0,24500,27100,83642,25448466081
2620,CSWC,2267,0,234600,238000,147508,236176696179
10947,TFIN,800,0,604600,635500,19387,614348878114
674,AQST,2246,0,41600,47000,395759,43320512230
5761,INDQ,3,0,264800,265600,1001,265449350649
11807,VIST,705,0,714700,730000,42411,722832201551
1534,BNTC,514,0,110700,118500,17036,113683118102
3995,FEM,127,0,319800,322800,13740,321159170305
852,ATNM,4,0,12500,12600,336,12559523809
11125,TOI,922,0,38500,40200,178695,39546515011
1943,CBU,668,0,615000,623000,18398,619542227416
12216,WTIP,26,0,393000,403500,3018,395359907223
12295,XEL,15494,0,776800,801500,645607,783150181921
12107,WHR,4790,0,398600,427900,321582,405537593522
1834,CABA,1930,0,33100,35800,463429,33700327342
7805,NKTX,1021,0,26400,28600,131054,26919869672
2718,CWD,134,0,9997,10800,12676,10220321868
6523,KYIV,1578,0,132800,135300,141593,133923916436
6043,IZEA,113,0,37000,39700,11909,38106205390
11229,TRTN-F,1,0,246400,246400,100,246400000000
956,AVXL,1272,0,28900,30600,151693,29315017832
9353,RCMT,427,0,226700,277000,32274,241296455351
973,AXIL,50,0,67500,70000,1117,68675649059
11246,TS,3875,0,613900,625400,160316,618089221911
6159,JIVE,125,0,906000,911200,9494,907996176532
3278,DYNC,329,0,107800,108600,50105,108203350962
7067,MDWD,239,0,163500,169100,10585,164701417099
6994,MBINM,12,0,255200,257400,255,255980000000
12180,WRN,704,0,27500,29500,230967,27840790675
1907,CATY,3258,0,553000,562400,71554,556192861335
5540,ICFI,802,0,602100,618400,31750,609540818897
10726,SWK,3481,0,742200,770000,166115,749262814917
453,ALNT,1174,0,603400,637300,51089,617316142418
7748,NFXS,56,0,174500,179900,4713,178253808614
7756,NGNE,489,0,296800,309900,14003,299948496750
3858,FAMI,21,0,11700,14700,2708,12424852289
5958,ITOT,5178,0,1609200,1620600,186499,1614469543000
10017,SERA,21,0,17000,17900,1696,17274115566
12024,WBTN,814,0,120000,123800,27300,121513446886
12123,WK,1824,0,455400,478000,69710,472176838330
1850,CAI,10425,0,144200,155400,933819,146893495848
11854,VNO-N,16,0,173600,175400,2906,174846902959
1581,BPRN,42,0,340100,348000,666,344246696696
11263,TSLA,163548,0,4178800,4359500,5380933,4263202895743
990,AYTU,87,0,21600,22800,7471,22245014054
9571,RMR,1166,0,189500,192700,42374,191315063482
5043,GXAI,86,0,11900,12200,9523,12013031607
645,APPN,3756,0,190300,199800,261500,195766785086
8247,ONFO,53,0,8646,10000,11887,9413544460
8261,OPAL,686,0,18800,19900,35222,19228198285
9084,PYLD,162,0,262100,263000,92706,262348328047
4997,GTIM,14,0,12300,12500,119,12427731092
10084,SHIM,503,0,44200,53500,32539,51315722671
1913,CBFV,78,0,343000,354500,1216,345961348684
12186,WSBF,624,0,177700,181000,14336,179331731305
3645,ESCA,146,0,182500,185800,7578,184225521245
308,AGRW,3,0,321100,322600,5,322000000000
10581,SSTI,925,0,61500,66600,30445,65386651338
10680,SUNS,539,0,78300,80500,11545,79586504980
407,ALAR,56,0,72500,80000,4091,77451601075
3416,EGAN,2993,0,59400,65600,160705,62271657384
7051,MDCX,65,0,3000,3150,30291,3070320194
1135,BCAT,270,0,153300,155500,21025,154563272294
11408,UBCP,4,0,152000,153800,5,153440000000
2948,DFTX,4192,0,208000,214100,253387,210446281379
7915,NRXP,1920,0,31900,34900,171796,33408638152
2962,DGNX,207,0,9026,9859,36372,9413742549
8049,NWE,4231,0,693200,711100,116019,701091608271
4687,GIG,90,0,48300,50100,10608,49433455882
3990,FEIM,372,0,564700,580000,12968,572694486428
4214,FLYE,5,0,17100,17900,353,17220113314
291,AGMI,21,0,705000,740700,5681,722543707093
8022,NVEC,522,0,878800,905900,14561,896656101916
4340,FRSX,80,0,19800,21300,12977,20669191646
9427,RETL,343,0,68000,71900,41081,69607918502
8922,PROV,49,0,169100,170900,1659,170399517781
4915,GRMLW,7,0,2311,2600,240,2499808333
9003,PSNY,204,0,202500,220800,8694,219148481711
3916,FCNCO,34,0,212700,214000,1893,213487849973
10949,TFJL,6,0,190700,190800,500,190780000000
676,AR,7127,0,373300,384000,370761,379605100860
5763,INDV,3383,0,365000,378300,214025,369716429389
11341,TVGN,50,0,79500,94000,769,87872951885
1068,BAX,3648,0,172400,178100,266547,173916269926
969,AXGN,2283,0,400100,415300,117043,409201320027
11242,TRV,2807,0,2972000,3014600,52705,2995539662271
8790,PMM,6,0,62200,63000,788,62340101522
10628,STRA,861,0,782600,792800,28040,787131273181
355,AIN,466,0,601100,630900,15599,613642579652
256,AFRIW,2,0,7131,7131,163,7131000000
10529,SRE,8431,0,896800,920100,357771,908947748699
12469,XXV,3,0,235900,237500,29,236637931034
2196,CIIT,14,0,12200,12900,444,12646621621
2097,CGGG,3,0,287600,289300,1200,289141666666
12370,XMMO,174,0,1636600,1657600,9841,1644235626460
6046,J,1792,0,1103600,1143200,68989,1116297257533
11067,TMAT,1,0,278300,278300,100,278300000000
794,ASPS,24,0,64000,66500,7191,65197065776
1700,BTCO,31,0,783400,797800,1988,787967907444
11973,VVV,3528,0,323600,332300,173236,326915253757
52,ABEO,2028,0,54100,56800,236585,55040247691
10325,SNOY,6,0,70000,73700,106,72490566037
4751,GLNDW,55,0,11200,12200,12333,11922127625
10543,SRPU,19,0,75500,82000,1580,79279620253
270,AGG,1453,0,980100,981900,319561,980640396669
171,ADAMZ,12,0,182500,183300,481,182799792099
10444,SPIT,6,0,315000,318100,144,316356944444
3052,DLTH,300,0,29600,30800,9560,30253357740
6611,LE,1127,0,107000,111000,58094,109698273487
2919,DFGP,24,0,539800,541300,2000,540535000000
6464,KRMD,539,0,38700,40000,15725,39198944356
3543,ENGS,53,0,14800,15500,9828,15280759055
9729,RWL,62,0,1244200,1251800,3470,1245924524495
2656,CTRM,74,0,19000,19300,3718,19164497041
10935,TEX,1685,0,594600,623900,66891,600878976244
662,APWC,18,0,14000,15200,880,14144318181
4911,GRI,62,0,20300,21300,3541,20625868398
3373,EELV,7,0,283700,285100,401,284576309226
8460,PAYO,2148,0,45900,49000,790568,46876331194
3857,FALN,290,0,268000,268900,39458,268297577170
417,ALDFW,2,0,3211,3211,200,3211000000
10690,SUSB,44,0,249000,249100,2850,249026350877
6399,KMLM,99,0,296700,298600,9097,298174881829
3381,EET,5,0,1053800,1086200,28,1066603571428
7772,NHYM,2,0,248400,248400,200,248400000000
2685,CVBF,3734,0,194500,198100,268084,195758675638
534,AMRZ,4650,0,488200,504700,298041,494055218912
10807,TAXF,17,0,500200,502900,1284,501383878504
5392,HYBI,47,0,490900,491800,3526,491277821894
10479,SPTM,1239,0,893400,899600,29038,896277129967
11829,VLYPN,11,0,259000,259800,550,259488727272
1556,BOND,293,0,910800,913000,15506,911476963755
4248,FMUN,25,0,497500,500500,2230,499199641255
8205,OLLI,5193,0,779400,800000,272468,787167171190
9324,RBBN,1188,0,24400,25800,137105,25238323912
562,ANAB,1349,0,602100,643100,75122,634372367615
10835,TBUX,9,0,498500,498800,606,498566006600
10934,TEVA,8712,0,336200,348900,618806,341869637657
661,APVO,22,0,46900,47800,2779,47226232457
5748,INCM,236,0,290600,291300,8914,290916905990
1469,BLX,189,0,521500,530200,4880,524537192622
11742,VERU,59,0,20800,21400,11354,21017456403
3123,DRDB,9,0,105300,105400,315,105371111111
8210,OLPX,163,0,20300,20300,212943,20300000000
6828,LRHC,50,0,13700,15300,11663,14570633627
11915,VSDM,11,0,760400,762000,1664,760945072115
11789,VICI,5116,0,276000,279800,407892,278651776695
1516,BNDW,123,0,675700,677500,6761,676746575950
1417,BKR,21885,0,640000,650400,1246178,642930624918
11690,VBCH,2,0,750000,751300,6,751083333333
11879,VOXR,1309,0,59400,62200,92188,60978949537
1606,BRHY,42,0,508200,508700,2434,508395973705
6693,LIF,2329,0,384600,396100,79034,389326708758
12264,XBIL,7,0,501100,501500,1834,501104362050
1991,CCSB,7,0,199400,199700,1283,199523694466
1505,BNAIW,14,0,1300,1500,3913,1457421415
11778,VHC,73,0,140000,154500,1002,146739620758
9846,SBND,1,0,187400,187400,100,187400000000
3468,ELFY,24,0,437500,445300,5044,441885229976
6985,MBB,1468,0,935000,937700,172533,935905124816
8295,ORBX,133,0,609000,628700,13598,621388115899
10857,TCRT,2,0,25100,25100,5,25100000000
584,ANRO,438,0,225500,232700,19577,228842381365
10227,SLVP,110,0,360300,375900,8693,367305786264
10230,SLX,12,0,1052500,1064800,1020,1055239901960
12388,XOMO,47,0,119800,121800,7755,120602359767
2115,CGSM,32,0,262500,263000,11090,262575960324
2016,CDR-C,8,0,197500,198400,407,197757985257
12289,XDEF,1,0,206600,206600,50,206600000000
1887,CARG,4099,0,285000,303400,242390,290164932134
12160,WOOF,787,0,24500,25900,168672,25031491889
11291,TSRS,1,0,264400,264400,11,264400000000
1018,BAC-Q,19,0,167500,169400,1823,168541744377
3967,FDT,27,0,962500,971600,2447,968019084593
4898,GRAL,3657,0,584700,614300,107507,596022904555
9985,SEEM,16,0,376500,379500,2106,378378727445
3964,FDRX,3,0,216200,218300,1087,218131922723
3899,FCAL,6,0,490800,492400,438,491717351598
4803,GMUB,9,0,508400,509900,612,509161274509
1665,BSJW,12,0,252500,252900,950,252726315789
11938,VTEC,36,0,987300,992300,3875,989092670967
12535,YQ,7,0,24900,25100,771,24902594033
2262,CLRO,7,0,30700,32100,38,31334210526
12396,XP,8329,0,171300,177500,1062333,173208731348
2123,CGXU,306,0,324900,327500,33300,326047921921
5336,HTFL,4064,0,276500,302800,235792,289105204587
3132,DRIV,48,0,391700,398000,2486,393621842316
4053,FGI,96,0,44300,53600,13201,46591424892
9551,RLY,118,0,366000,371000,9876,367040046577
4384,FTAIN,17,0,254200,254700,725,254432000000
12378,XNET,188,0,58700,60700,13246,59598444813
2105,CGMM,454,0,309700,313000,66157,311304437927
2006,CDIO,113,0,15000,16800,11953,15579921358
12279,XCCC,19,0,365400,366300,1381,365875018102
7192,MILN,3,0,425000,426000,6,425250000000
365,AIQ,4966,0,603500,616700,158487,610355877138
10638,STRS,134,0,290500,298000,5493,292981649371
2466,CPIX,586,0,47800,55300,70022,52720149381
3724,EURK,24,0,113200,115000,1095,114166757990
2175,CHTR,11029,0,1367300,1487500,687008,1408488364764
12448,XTIA,651,0,17600,18900,154729,18270123894
5901,IRIX,18,0,10100,10300,1850,10206756756
11087,TMHC,1673,0,547600,569500,73460,551590127960
814,ATAT,3007,0,360000,386200,228071,379695887684
5441,IALT,176,0,279900,281900,15607,280928608957
9513,RIOX,84,0,464800,495500,4217,475772990277
12296,XELB,1,0,21100,21100,120,21100000000
2023,CDW,5759,0,1010300,1043100,283664,1020672958852
5186,HGER,121,0,324500,326400,14908,325764602897
928,AVMU,3,0,458600,458600,601,458600000000
11201,TRINZ,15,0,253500,254000,1304,253922546012
6410,KNG,51,0,480400,484500,2964,481135829959
3314,EBON,22,0,20200,22200,331,21175830815
185,ADMA,4446,0,82000,85200,590700,83072334179
10458,SPOG,28,0,57700,61000,5551,59034282111
7500,MUNI,112,0,519400,521400,9289,520055549574
2413,CONX,82,0,96000,110000,28702,101811267507
9127,QCLN,189,0,602300,620000,11634,611467870036
7198,MINO,48,0,449700,451600,7186,450383273030
4129,FIZZ,1234,0,342900,353800,57239,347278434284
3302,EART,15,0,320500,324700,839,322673778307
1221,BEKE,3627,0,178300,183000,450541,180701296885
11494,UMMA,33,0,355100,365900,2776,356467399135
9483,RGYY,16,0,89400,91500,532,90117105263
12168,WPRT,60,0,19800,20200,2273,20036075670
1895,CARZ,9,0,1103600,1120100,450,1111575555555
4798,GMOI,4,0,375900,376900,356,376394382022
8688,PID,9,0,225200,227800,1307,227582096403
8862,PPI,22,0,216600,220000,3960,219064217171
5568,IDEQ,39,0,340500,342800,3960,341402853535
11375,TXUE,13,0,337100,340500,911,338905268935
11474,ULBI,26,0,59900,60600,1051,60026450999
1201,BDX,4074,0,1420400,1453200,124349,1429957763230
8827,POAS,742,0,24800,25900,407968,25396132294
9071,PWRD,84,0,1113000,1123700,5572,1119730061019
6235,JSML,8,0,830500,848100,1974,833729432624
1049,BAND,3338,0,500000,563500,238638,547160264501
11322,TUGN,18,0,273700,275800,2528,274314398734
10586,ST,6765,0,468800,489200,289453,482087049711
313,AGZD,9,0,225500,226600,1927,225606694343
9849,SBS,3287,0,56800,57700,522861,57322135519
2612,CSRE,12,0,279700,283800,1377,282212636165
6203,JPIB,16,0,476800,477900,1398,477099284692
678,ARAY,2201,0,2650,4501,1569869,3530031764
10951,TFLR,9,0,508900,509900,24500,509299346938
2791,DBB,126,0,253500,254400,11243,253888543982
4887,GPZ,27,0,230800,235500,4755,232871377497
11687,VBCE,2,0,751800,752800,40,752675000000
1414,BKMI,4,0,260700,261900,2600,261507692307
6287,KBDC,104,0,146600,147900,2857,147209555477
11473,UL,7751,0,561900,571400,754703,564919086183
1200,BDVL,115,0,258100,259200,12340,258512965964
11688,VBCF,7,0,752900,755500,1503,754814703925
11787,VIAV,9494,0,500100,520800,570223,513056620480
1514,BNDP,17,0,735700,738000,711,737175527426
6601,LDI,148,0,12300,13200,29006,12615448527
3766,EVSD,19,0,508900,509100,1752,508990011415
1299,BGY,98,0,56000,56600,7242,56320519193
11572,USDX,41,0,256000,258200,11782,257415303004
6485,KSPY,10,0,287000,287600,475,287045894736
1419,BKSY,2816,0,387300,416800,115526,403428307913
11692,VBCJ,4,0,749500,749700,272,749677205882
11704,VCIT,2444,0,819500,822800,1029345,820101774137
1431,BLCR,121,0,495000,499300,15776,497172692697
2469,CPLS,20,0,348500,349600,1742,348996440872
7887,NPFI,16,0,259500,259800,801,259626092384
5923,ISMF,1,0,283200,283200,1000,283200000000
737,ARQT,3505,0,211100,218200,232273,215406414004
11010,TIMB,261,0,219000,222800,13539,220455461998
3404,EFRA,2,0,346400,347200,72,346511111111
7071,MDYG,10,0,1051600,1061100,1083,1056416251154
12182,WRTH,23,0,250300,251500,2652,250636500754
1909,CB,3481,0,3218700,3257800,67631,3238308124972
6996,MBIO,11,0,6030,6200,510,6100347058
5193,HIBL,71,0,970000,1001800,4027,981305711447
7,AACB,3,0,104300,104400,858,104399883449
10280,SMPL,3213,0,114400,118600,249338,115690527717
9295,RAAX,43,0,418200,421500,4328,419080683918
3421,EGGY,27,0,382000,390500,1528,385196531413
8508,PCAP,5,0,102400,102400,5,102400000000
2283,CMC,2360,0,701500,720100,90077,712210404431
12556,ZAP,155,0,330300,337500,8505,331810311581
8653,PGJ,36,0,263600,266900,3626,264980888030
8609,PEY,159,0,214900,216800,56264,216240631665
3952,FDLO,16,0,693100,694200,998,693504008016
2071,CFG-E,5,0,190000,190700,247,190245748987
12344,XLEI,16,0,270000,272300,2145,271714918414
11686,VBCD,6,0,751600,752400,976,752067213114
4423,FTQI,409,0,215200,216300,28179,215947748323
1339,BIL,86,0,915300,915400,69234,915303805933
11612,USTB,71,0,504600,504800,6220,504696398713
4210,FLXR,48,0,390400,391000,3569,390588960493
7153,MGN,35,0,1537,1600,44701,1557448267
12339,XLB,6151,0,502500,513000,1535675,505004895567
2066,CFA,19,0,942800,946900,1545,945614886731
9286,QYLG,29,0,293400,295900,3171,294816177861
4236,FMHI,54,0,476800,478700,4061,477380054173
9713,RVNL,49,0,225600,240500,8435,231599051570
3759,EVOX,4,0,99900,100000,175,99957714285
3813,EXLS,7589,0,272400,276800,461496,274818507852
7527,MVV,7,0,811500,826700,2920,825083219178
2440,COSO,168,0,251100,254400,9913,251931362856
2377,COF,6712,0,1848700,1882900,224977,1869403775941
9041,PTNQ,9,0,855500,861100,3195,855814741784
9702,RUMBW,15,0,14200,17900,567,15595943562
4615,GEME,59,0,412500,424700,2574,414923115773
3532,EMR,4475,0,1312000,1348000,176311,1328319615338
5366,HURN,919,0,1034000,1090000,26407,1060825269814
5567,IDEF,221,0,318000,323200,27772,319933173700
10753,SYPR,89,0,29400,31000,12478,29926093925
480,ALXO,668,0,19400,20600,70066,20000422458
6476,KRT,782,0,260500,270100,34997,267516312826
8331,OSPN,1808,0,120500,122800,83439,122036293579
2353,CNTA,924,0,395600,396100,88203,395945695724
1314,BHFAP,52,0,158600,159500,2859,159128646379
11587,USIG,676,0,507700,508400,56095,507966144932
9428,RETO,103,0,5363,6425,16011,5724673412
11714,VCX,451,0,1910000,2150100,12983,2006826827389
1441,BLIN,17,0,9075,9918,10248,9882687841
12092,WFRD,2333,0,1073600,1093400,107984,1085861609127
1819,BZ,5817,0,138500,142600,1036241,140374234854
7992,NUSB,2,0,252200,252400,5,252360000000
7191,MILK,5,0,243200,243700,318,243588050314
10102,SHRY,1,0,433600,433600,21,433600000000
1789,BWFG,132,0,500500,506900,2557,505016660148
12062,WEEI,17,0,240000,242900,1728,240983969907
3649,ESGD,281,0,1003300,1008500,13917,1005342660056
8156,ODVWZ,1,0,1200,1200,1000,1200000000
1032,BAK,1534,0,46200,50000,232695,48388457852
11305,TTDU,44,0,37000,39500,12184,38588017071
8496,PBPH,10,0,248700,252100,933,249571811361
10797,TARA,3201,0,50300,53900,225651,51152036108
524,AMPH,2069,0,167600,175000,139792,169728961600
9913,SCLS,1,0,254900,254900,1,254900000000
7869,NOTV,58,0,2878,3091,17542,2912811252
5073,HAP,18,0,727700,731000,730,729094931506
8312,ORKA,2590,0,608700,637400,137646,618808412885
3225,DVIN,2,0,289700,292700,25,290180000000
9538,RKNG,24,0,261800,265200,7367,263425003393
3750,EVLU,3,0,391400,393200,211,392315639810
6717,LITZ,70,0,161900,180000,17131,173025363376
6781,LOPE,1199,0,1565700,1625300,20601,1585850031551
8263,OPCH,6533,0,194500,202700,580534,195880640410
3176,DTCX,391,0,22300,23200,49751,22525921087
3079,DNLI,5976,0,185000,193400,360289,187398450688
8166,OFLX,213,0,266100,274500,6580,270400334346
6326,KELYA,3598,0,93700,99100,186755,95662537013
8639,PFSA,3,0,4175,4383,1523,4313586999
1247,BEX,709,0,587000,670600,34681,618728641042
11520,UPBD,2884,0,169700,175900,148398,171976935672
11949,VTMX,859,0,336900,343200,21982,340534632881
1676,BSMW,22,0,248600,250200,1013,248911154985
4518,GALT,717,0,21700,23600,88588,22091141012
9605,ROC,97,0,56200,60500,9262,58697214424
9950,SDG,5,0,901700,910100,193,903789119170
3313,EBND,38,0,207000,207700,3334,207260467906
9688,RTAC,96,0,103700,104300,7950,103934867924
4601,GECC,111,0,61400,62400,31987,61528586613
2462,CPHC,9,0,159000,160800,294,159414625850
7055,MDIA,9,0,9320,9500,1178,9370934634
5332,HTCR,43,0,26500,27300,10911,26914105031
5508,IBMU,1,0,252900,252900,100,252900000000
1250,BF.B,3276,0,260300,265900,154674,263631890298
11523,UPGR,5,0,278300,281000,197,279856852791
11622,UTI,1693,0,393400,411000,82140,399296305088
1349,BIO,1031,0,2456900,2500900,25052,2477532153121
444,ALLO,2147,0,19700,21800,784245,20121962014
10717,SVRN,24,0,55000,61500,795,58576981132
10816,TBBK,2138,0,536100,542700,124769,540116232397
543,AMTX,865,0,22300,23800,166405,22977816171
4427,FTRK,4,0,3600,4298,308,3972727272
7431,MSR,1,0,244100,244100,1,244100000000
4913,GRIN,11,0,305600,307800,3332,306449459783
10000,SELX,45,0,2400,2690,8849,2484745507
7949,NTRB,25,0,35100,36000,558,35727060931
9220,QQQY,90,0,240000,246200,23582,242071194131
5638,IGIB,662,0,527100,528000,150530,527393821829
6935,MAMA,1298,0,139500,144700,69449,142919191061
277,AGIG,36,0,11000,11800,3678,11204241435
10550,SRVR,17,0,337000,342000,743,337721399730
4239,FMNB,1252,0,135700,137900,83129,136702818510
9143,QDTY,5,0,417000,419400,208,419255288461
10794,TAP,5665,0,407300,414300,320987,410244052874
521,AMPG,815,0,27300,29700,112585,28391116045
2600,CSHR,663,0,59300,62500,148382,59555551886
861,ATS,88,0,319200,325300,4590,320749041394
11134,TOP,34,0,7049,8200,2397,8076103879
8268,OPENZ,62,0,2597,2863,5850,2768219316
5560,ICVT,253,0,1169200,1178000,22167,1173100581946
4685,GIF,2,0,252400,256900,700,253042857142
9628,RPAR,1,0,229800,229800,100,229800000000
11761,VGAS,54,0,17000,18600,1251,17706794564
1488,BML-L,6,0,190200,197200,411,195623357664
6575,LBTYA,1953,0,114000,116000,251590,114903438530
11662,VAC,667,0,703200,717900,21273,709031720960
5192,HHS,8,0,27700,28500,85,27756470588
9898,SCHV,741,0,325400,327800,203849,326030993038
7543,MYCI,4,0,247000,247100,215,247093023255
6957,MASI,4602,0,1783500,1785100,144923,1784194744105
10382,SOUL,1,0,103300,103300,100,103300000000
109,ACHC,4131,0,256000,264000,244077,259700422407
11359,TWO-B,6,0,246300,246700,133,246333082706
1086,BBCA,73,0,981000,987100,3278,984596339231
6173,JMID,2,0,304500,305200,160,304806250000
3216,DUSG,1,0,494400,494400,7,494400000000
7195,MIND,57,0,65100,67600,6518,66109143909
9926,SCOR,45,0,63700,67000,1375,65523781818
3436,EHLD,24,0,86400,87000,697,86511764705
4315,FPXI,3,0,714500,719200,217,717024884792
1672,BSMS,48,0,233800,234000,4084,233831831537
11945,VTHR,68,0,3244500,3262800,4071,3252329329403
6858,LTRYW,97,0,87,200,269165,153674779
3894,FBYD,172,0,105600,120800,7973,112718964003
5341,HTLM,2,0,16800,17200,21,17180952380
155,ACXP,126,0,18400,19500,7093,18993754405
10428,SPG,2557,0,1995000,2020000,84940,2001344062867
7809,NLR,227,0,1295000,1325000,22047,1310099646210
3073,DMRA,702,0,231600,253500,42214,246551598995
341,AIFF,336,0,16700,17300,35973,16907761376
10614,STKS,34,0,18800,19400,3680,19023994565
5527,IBTM,13,0,225400,225700,1953,225423143881
9123,QBY,13,0,89800,90700,833,90059063625
7768,NHPBP,14,0,207000,208800,1795,207948969359
5326,HSTM,1130,0,224200,228100,42229,225987679083
1474,BMA,54,0,698900,717800,2542,706845436664
11747,VEXC,6,0,905300,907800,260,906521153846
6660,LFWD,16,0,63000,66900,294,64985034013
9157,QGRD,20,0,290800,294900,2111,293522406442
2598,CSHI,60,0,497200,497500,30734,497223690375
4436,FTXG,14,0,221800,224200,458,222348253275
7841,NNAVW,264,0,85000,103500,40052,88224715370
9193,QNTM,559,0,66700,74000,70644,70023745824
9453,RFDI,5,0,853400,855100,176,854530113636
9397,REE,4,0,4499,4800,437,4709080091
8126,OCCI,124,0,34400,35500,23635,34830721387
5454,IBB,4442,0,1667400,1707400,350146,1675829982635
4791,GMHS,11,0,9600,9700,779,9668716302
4226,FMB,48,0,507600,510000,4122,508352814167
11461,UHAL.B,507,0,447400,454600,16435,450305670824
1188,BDGS,1,0,361300,361300,137,361300000000
6275,KALU,1140,0,1679900,1739200,24771,1698998930200
2517,CRAQR,1,0,2500,2500,1,2500000000
11239,TRUH,11,0,252700,255700,147,253717006802
11338,TVAL,29,0,399200,399700,5912,399634624492
1065,BATT,71,0,167000,169000,14419,167568936819
4068,FGSI,1,0,198500,198500,2,198500000000
4905,GRDX,595,0,36500,47200,103468,42866161518
579,ANL,227,0,135000,141600,15183,137491892247
10852,TCMD,1311,0,225500,231100,66833,227398101237
3719,EUFN,1197,0,369900,372200,49605,371045404697
10374,SOPH,243,0,45500,47500,8523,46505749149
101,ACET,1173,0,75500,82500,47130,77887112242
1773,BUZZ,164,0,363900,369700,12690,366841922773
12046,WDGF,2,0,310000,313700,2,311850000000
12145,WMG,9056,0,323800,336500,571730,332665191436
1872,CANQ,4,0,308000,308900,405,308700246913
9210,QQQG,18,0,288000,291600,511,290431702544
7003,MBS,6,0,86200,86400,1777,86332470455
7618,NBBK,2410,0,191100,195800,60272,192153548911
1479,BMEA,821,0,13200,14200,180860,13580343359
11752,VFLO,1040,0,422600,426600,72687,424797141166
11851,VNO,3192,0,300200,309400,170448,305925639491
1578,BPOP,1507,0,1423800,1450000,55752,1436190102597
4378,FSZ,16,0,797300,799200,251,798470119521
8935,PRTS,112,0,6800,7010,21607,6865020548
3848,FAAR,42,0,340200,342000,783,341598084291
4380,FTA,14,0,921400,929800,1757,927199658508
3682,ETEC,2,0,303700,305000,23,303756521739
9091,PYXS,1927,0,19600,23500,156069,21539970782
6681,LHAI,4,0,9306,9800,2882,9629961832
8372,OXBR,1,0,9000,9000,505,9000000000
965,AWRE,118,0,12300,13000,19806,12672165000
11238,TRUG,23,0,16200,17700,3824,17256589958
11683,VBCA,15,0,754500,754900,1014,754792504930
4268,FNK,3,0,577700,581400,1138,580994727592
2576,CRUX,13,0,297000,297400,1309,297208632543
9151,QEW,14,0,279000,280700,4460,279857107623
3089,DNUT,1130,0,32000,33200,270521,32426135863
4037,FFIV,2994,0,3588700,3655600,58713,3634584950522
6863,LUCY,70,0,9262,9884,11552,9555507098
3401,EFOI,53,0,40000,43000,3843,41655867811
3650,ESGE,5010,0,516500,522300,169418,519762681651
8737,PLGO,1116,0,228500,236100,54817,232565454147
1463,BLUW,2,0,102600,102800,4,102700000000
4700,GINX,9,0,338800,342300,2625,339040609523
10799,TARS,1813,0,612700,658000,69922,628079944795
526,AMPU,23,0,100900,107000,4107,104679206233
10823,TBI,683,0,56600,59200,26084,57786900015
550,AMYY,34,0,160900,163100,2285,162003413566
4345,FRWD,61,0,300600,303100,25340,302330501183
2913,DFDVW,6,0,6500,6556,154,6501818181
7636,NBN,555,0,1139600,1184000,13216,1156273638014
2549,CRH,6800,0,1023500,1055400,341305,1038477433087
6014,IWP,1984,0,1355600,1368800,71681,1363934292211
3647,ESEA,246,0,677400,696900,3273,687377146348
9844,SBLK,2112,0,261700,265400,122717,263598452537
8675,PHO,162,0,643000,650500,6947,647324183100
8123,OBTC,4,0,252800,256700,374,254099465240
10582,SSTK,695,0,160300,167900,33894,165101835133
309,AGRZ,63,0,3454,4001,55465,3794390859
5046,GXIG,2,0,247100,247100,484,247100000000
4511,GAIA,354,0,23600,25500,24410,23927398607
7424,MSLE,47,0,69500,75500,5321,70641308024
8594,PENN,5356,0,156900,163200,413891,161467297186
5876,IQLT,1059,0,482100,484800,22309,483630005827
9233,QSEA,3,0,104100,104500,239,104270711297
10587,STAA,3481,0,311800,330400,175628,322940359168
314,AHCO,2681,0,105600,108400,229754,106556276278
7982,NUKZ,16,0,690700,704500,2767,696813877846
6961,MATE,1,0,307000,307000,65,307000000000
3105,DOO,801,0,552100,563800,35371,555414475134
725,ARMG,883,0,160600,184400,245575,170150734806
10998,THYM,2,0,499200,503200,75,499680000000
5911,IRWD,1295,0,34800,35800,259238,35464305001
9592,RNRG,11,0,370000,377300,899,373454393770
9281,QXL,62,0,35900,38500,5744,37382155292
9410,REIT,20,0,292500,298200,284,293604577464
762,ASBA,4,0,246800,250000,282,247054255319
11035,TKNS,2,0,250600,254500,21,254314285714
8266,OPENL,33,0,2540,2760,7927,2629745553
9160,QHDG,1,0,299800,299800,1,299800000000
258,AFRU,1,0,95300,95300,4,95300000000
10531,SRET,25,0,221300,223500,621,221802415458
253,AFMC,10,0,383100,384800,768,384523958333
10526,SRAD,3927,0,124700,127400,309305,125643872229
10625,STOT,17,0,469400,469800,1817,469605173362
352,AIMD,11,0,16900,17500,1272,17153301886
5996,IVW,10659,0,1361700,1380400,503799,1370582919775
1356,BIP-B,1,0,165100,165100,7,165100000000
11629,UTWY,5,0,417500,418300,61,417980327868
7995,NUTX,357,0,1226900,1272200,10857,1254586552454
10519,SQLV,3,0,468800,469900,226,469158849557
1296,BGSI,79,0,1030400,1055700,2204,1042861705989
11569,USCL,1,0,831200,831200,2,831200000000
70,ABR,1636,0,56800,59800,201423,58411813943
10343,SOBO,1145,0,363900,373000,53908,370655475996
1822,BZFD,4188,0,12500,15600,793010,14559985246
12095,WGRX,434,0,833,925,164163,871937866
1654,BSCX,33,0,210100,210200,3421,210143846828
11927,VSOL,42,0,117900,120200,3086,118599675955
195,ADTN,4041,0,147100,150700,305410,149159570413
10468,SPRX,295,0,476500,488500,14741,483169703547
5381,HWBK,66,0,352600,368000,2891,362285818056
8852,POWW,389,0,19100,19400,58488,19306351730
8731,PLBY,576,0,13200,14000,193114,13628750375
10081,SHFS,34,0,4067,4652,11478,4453804147
1333,BIDU,8541,0,1347900,1390000,488056,1364913674250
11606,USRD,1,0,358700,358700,2,358700000000
2875,DECO,2,0,673900,679800,46,674156521739
2125,CHAI,26,0,10700,11700,2863,11050960530
12398,XPEG,30,0,74500,75700,6302,75556728022
6451,KQQQ,43,0,302400,306400,4020,304398333333
2590,CSB,7,0,625600,629900,1362,627826872246
11264,TSLG,3640,0,73000,79200,4570756,75552886108
991,AZ,6703,0,49700,63700,876408,55739431520
892,AVA,848,0,402600,410700,31735,404403453600
11165,TPL,1245,0,3837500,3910100,13318,3871798791109
853,ATO,2532,0,1763400,1807300,78300,1775188927203
11126,TOIIW,1,0,579,579,8,579000000
3807,EXEL,6074,0,495900,513300,324529,501219905771
799,ASRV,15,0,38200,39600,178,39055617977
11072,TMCWW,73,0,2805,3400,53953,3170521287
3786,EWJV,23,0,450400,452700,4474,451219378632
7407,MSEX,630,0,502600,515400,16241,506188436672
11559,USB-A,1,0,7780300,7780300,12,7780300000000
1286,BGLC,4,0,19900,20600,84,20421428571
3512,EMIF,13,0,274300,275700,1294,275163060278
9791,SAIA,1543,0,4478200,4630000,27504,4579176857911
4356,FSGS,1,0,302000,302000,200,302000000000
2743,CYCN,97,0,30600,31500,7125,31120364912
11602,USOI,84,0,588600,597000,8057,592473240660
1329,BIB,13,0,800000,826100,378,817803174603
6887,LWACW,16,0,2301,2301,5100,2301000000
1701,BTCS,461,0,18300,20600,169330,19147462942
11974,VVX,722,0,685700,705600,27427,694191606810
8586,PECO,3907,0,391900,398100,187409,394073789946
2114,CGSD,38,0,257600,257700,11027,257641616033
944,AVSE,5,0,767800,770900,509,770656385068
11217,TRP,3792,0,674000,682700,177430,680361700388
7027,MCHPP,65,0,797200,811100,2164,804702264325
1841,CADL,4257,0,77800,90700,422151,85461761549
12114,WINA,343,0,3510300,3648800,2760,3550381992753
3912,FCLO,1,0,502600,502600,1,502600000000
5818,INVE,257,0,37100,39400,41776,38024621792
9239,QSIX,3,0,423400,424500,61,423463934426
8267,OPENW,76,0,5062,5387,15772,5221957709
12261,XBCI,624,0,467800,476000,41110,471951554366
1988,CCRN,307,0,131300,131500,33582,131387252099
8175,OGI,75,0,10600,11000,64422,10723519915
7570,MYPSW,1,0,49,49,1,49000000
5496,IBIM,3,0,252300,254500,629,252381558028
310,AGX,1287,0,6910000,7350000,25775,7100478021338
10583,SSUS,1,0,541000,541000,2,541000000000
4337,FRPT,3657,0,478100,499800,186942,493128958179
9424,RERE,290,0,43100,44200,27323,43440797130
4916,GRMN,1326,0,2256800,2316800,39786,2280519152465
2729,CWY,8,0,219900,222100,314,220166560509
2631,CTEC,2,0,707000,715000,2,711000000000
7718,NEWP,2018,0,50800,53500,288440,52353113992
11961,VTWV,6,0,1813700,1815000,201,1814993532338
1688,BSVO,30,0,269200,271200,3417,269592800702
9202,QQHG,3,0,648300,649300,201,648354726368
12305,XFIV,5,0,484100,484400,43,484283720930
2032,CEFA,4,0,389100,390500,541,389224584103
8509,PCAPU,3,0,102800,103200,1125,103191111111
3422,EGHA,34,0,102900,103600,7882,103188759198
1059,BARK,83,0,88200,91800,1999,89498549274
11332,TVA,5,0,104800,104900,156,104803846153
9971,SDVY,1687,0,407200,410400,84035,408386743618
9495,RIFR,7,0,279800,283300,1605,281200124610
9604,ROBT,40,0,532200,540900,2095,535684725536
12153,WNEB,527,0,130600,131800,15306,131087135763
1880,CAPS,86,0,2609,3000,41161,2800103981
3336,ECPG,1140,0,784800,821400,39513,806370343937
2807,DBND,23,0,452700,453600,2022,453334668644
10880,TDS-V,9,0,200600,201400,521,201102111324
607,AOTG,5,0,595000,600500,1055,595584360189
846,ATLN,208,0,14100,15400,34218,14558171137
11119,TNXT,2,0,265500,265600,12,265516666666
4686,GIFT,40,0,8600,10500,3937,9914272288
9403,REG,3354,0,758700,768600,138444,761135867209
3230,DVOL,5,0,365000,367200,168,365995238095
5523,IBTI,7,0,221200,221200,1077,221200000000
10709,SVIVU,4,0,102500,102500,326,102500000000
436,ALKS,4369,0,373900,384900,212769,376094360080
2076,CFO,12,0,764700,767500,244,767232377049
3056,DLXY,3,0,4824,4920,2461,4900878098
10644,STSS,195,0,18600,19600,39636,19053592693
371,AIRJW,3,0,7470,8500,212,7777358490
2053,CEPT,116,0,121500,124700,25210,122534014280
4890,GQQQ,3,0,350500,351600,39,351089743589
3606,EPU,13,0,800500,807100,669,806679222720
12245,WY,4917,0,225600,233900,316197,227376029500
2678,CURV,546,0,12900,14000,46616,13217944482
5526,IBTL,5,0,200800,201000,4038,200978306092
4943,GS-D,21,0,191200,192400,3337,191683038657
11605,USPX,38,0,645700,648500,5659,647341438416
1332,BIDG,32,0,166600,174400,3904,170214728483
3907,FCFS,1116,0,2248300,2295900,26963,2271660286318
942,AVSC,14,0,663300,664800,2304,663685069444
11215,TROW,10176,0,1014600,1025700,304424,1020528812445
2747,CYH,523,0,28000,29100,75777,28301451627
7834,NMRA,516,0,18000,19500,95879,18574128849
10876,TDOG,1,0,227100,227100,66,227100000000
603,AOR,139,0,681000,683300,10288,681884117418
5690,ILIT,34,0,200500,204300,3989,203031611932
10085,SHIP,725,0,156000,160900,27823,158644736369
5752,IND,6,0,220800,222500,569,221781195079
589,ANTX,587,0,45000,48000,45664,46936328398
4729,GLBS,14,0,20500,20800,289,20654671280
3423,EGHAR,16,0,3700,4600,4798,4403565443
3480,ELSE,6,0,76300,76800,243,76681481481
5858,IPKW,14,0,582900,583900,810,583518271604
672,AQN,537,0,57200,59300,234052,57599644950
10945,TFI,121,0,450700,452600,10591,451325814370
2344,CNOB,2670,0,287500,295200,50520,289458667854
12617,ZNTL,1426,0,39400,41100,189705,40259319996
2443,COTG,15,0,162200,165600,3642,163253432180
675,AQWA,15,0,184800,187000,520,185331153846
569,ANG-D,3,0,247700,247700,300,247700000000
10842,TCAN,47,0,275600,295700,3145,285497042925
4927,GROW,13,0,25900,26500,5389,25908981258
4897,GRAG,4,0,60600,63000,184,61247282608
8533,PCLA,3,0,13000,14100,1047,13046227316
3305,EAT,1611,0,1342200,1389500,54459,1362537292274
9597,RNWWW,3,0,34,34,4475,34000000
5476,IBGL,1,0,233200,233200,1,233200000000
5297,HQI,100,0,121300,131800,1425,124320912280
3193,DTSTW,119,0,3,37,29304,24648512
9771,SAAQ,23,0,102900,103200,2188,103105621572
4684,GIC,271,0,286200,290400,13120,288011425304
6803,LPLA,2429,0,2954600,3045900,52485,3003502133943
3706,ETSY,4135,0,578200,586800,163630,581530106948
3009,DIVD,2,0,422400,424600,346,423964161849
4987,GTEC,43,0,5212,5700,15783,5410391623
8328,OSG,933,0,55600,57300,40887,56324310905
1622,BRN,9,0,11200,11300,1104,11281884057
11895,VRE,41,0,189600,189800,16507,189696716544
8868,PPSI,189,0,37800,40500,30306,39341196462
133,ACR,48,0,195100,201000,1103,198680507706
10406,SPCB,46,0,105200,108100,3969,106846006550
5319,HSIC,6809,0,715300,733000,460551,725365633122
3896,FBYY,10,0,130400,131200,743,130438896366
4113,FITB,14768,0,468000,477900,955384,472074783542
7711,NERV,469,0,51600,54600,25125,52387765174
8339,OTAI=,3,0,100000,100200,112,100001785714
6369,KITT,225,0,18300,19700,22321,18775171363
10371,SONO,3759,0,145700,151400,270079,148843445066
98,ACEL,670,0,115200,117100,21030,115716737993
3307,EBC,4134,0,191600,194900,332850,192511056331
8394,OZK,5153,0,460500,473500,172424,464890518141
4500,FYT,3,0,634000,638500,444,638461261261
11770,VGNT,991,0,426400,450000,54488,430345521949
1497,BMR,15,0,18300,18500,4377,18372195567
4020,FEX,7,0,1299900,1311400,87,1305398850574
6511,KVUE,4150,0,169800,173600,936806,170961209471
10562,SSEA,1,0,102100,102100,3,102100000000
289,AGMB,135,0,104600,110000,6654,105541824466
5262,HOLOW,13,0,615,798,11861,633247196
4537,GAVA,2,0,230000,236300,42,236150000000
9748,RY,3106,0,1815200,1834700,73967,1830381498506
6301,KBWY,132,0,167700,169800,11483,168519254550
2455,CPAG,3,0,1014600,1015800,160,1014963750000
8879,PR,5360,0,203000,208500,803843,206188173188
5557,ICU,97,0,39400,41800,9623,40458765457
4128,FIYY,1,0,247100,247100,9,247100000000
9215,QQQP,3,0,2200700,2218700,226,2202815044247
3144,DRUG,958,0,737600,816500,32768,770135620117
3898,FCA,19,0,317000,324300,2453,319431227068
5972,IVAL,6,0,352100,355000,250,353363600000
8171,OGC,292,0,303000,324800,18060,311354053156
9550,RLX,245,0,21100,21900,53411,21673157214
10168,SKIL,176,0,64800,67600,8789,65986767550
2739,CXSE,63,0,401600,404000,4592,402954899825
2748,CYN,118,0,14000,14700,29848,14226946529
2164,CHRI,5,0,880300,886200,872,881251949541
4766,GLRE,1245,0,172600,175300,42855,174374682067
3996,FEMB,25,0,289900,292500,1267,290906787687
5971,IVA,1060,0,53700,56600,122221,54802598571
3772,EVTV,274,0,21900,23300,36535,22745501573
8859,PPG,2125,0,1022600,1045500,76296,1028853563751
11435,UDN,29,0,181600,181800,18120,181683487858
1162,BCPC,560,0,1590000,1610900,10209,1597937222058
6274,KALA,84,0,29000,31500,10863,29940550492
11325,TURB,540,0,11600,16600,106186,13776188951
1052,BANL,353,0,4312,4787,25419,4455484716
3847,FAAA,20,0,502000,502200,1818,502190319031
6109,JEM,53,0,14600,15600,3175,14930110236
2773,DAN,1301,0,331000,340500,51641,333216591468
4705,GIW,2,0,100300,100300,400,100300000000
12550,YYAI,309,0,3650,4190,51239,3902067624
2277,CM,3131,0,1106300,1116800,102996,1112024751446
8970,PSCT,15,0,772600,792900,348,778207471264
10127,SILA,143,0,305400,305600,12488,305562011531
9441,RF,6550,0,261700,268300,934194,265406704174
2565,CRON,2002,0,25600,27600,730043,26252841270
9291,RAAQ,168,0,112500,115000,14431,113735451458
9209,QQQE,177,0,1123800,1131800,16904,1127721202082
4122,FIVY,11,0,261400,265200,1323,263663189720
10292,SMU,360,0,121300,135400,17408,127670278033
19,AAEQ,2,0,529300,529900,10,529840000000
11934,VT,6115,0,1532200,1544100,207505,1537791624780
1661,BSJS,7,0,218000,218300,2331,218277992277
6346,KFRC,336,0,391600,400000,8834,395445166402
4475,FWONK,3668,0,894100,915400,186042,902618909708
1818,BYSI,18,0,13600,14500,1495,13725016722
12091,WFG,394,0,589200,608500,25865,595636899284
12190,WSE,1117,0,125000,129900,129062,127367620988
1917,CBLL,1119,0,162600,166600,56229,164077840616
4781,GMAB,3824,0,265000,269100,267084,266769395770
6029,IYE,3491,0,620000,630400,143145,625124046945
5680,IJT,123,0,1584700,1600600,9272,1588425269628
10866,TDAX,1,0,255000,255000,10,255000000000
593,AOA,41,0,956600,960700,4233,958096787148
9967,SDST,150,0,21700,23500,14852,22725403985
5738,IMXI,559,0,152300,153700,75147,153112745685
1702,BTCT,35,0,11100,11800,5166,11145102593
11975,VWAV,398,0,55600,59900,45410,57996615282
3789,EWM,186,0,296800,298500,11808,297323340108
11437,UDR,5371,0,368200,375300,287340,370520313565
1164,BCRX,4855,0,90000,96000,708477,91701834216
5395,HYD,272,0,503400,507100,20971,504671908826
1058,BAR,16,0,445000,449100,419,446861336515
11331,TV,534,0,27700,28600,130348,28226984687
8856,PPC,2663,0,274000,282400,159278,276278184683
5078,HASI,1837,0,402100,414000,78724,409911742289
12580,ZENA,2017,0,14200,21200,707218,15741838443
2307,CMRC,1146,0,26700,28000,188302,27174415035
7682,NDSN,2041,0,2740800,2779900,37557,2753851609553
11917,VSECU,32,0,456600,469400,1715,461677142857
1644,BSAC,363,0,297900,302600,30383,300820656288
3281,DYNF,1849,0,662200,667200,326228,664352129492
12000,WAL,1386,0,739400,758200,57307,744246901774
1727,BTU,3795,0,237000,245900,211660,239067424643
502,AMDY,134,0,505000,521900,10604,514114805733
10775,TACT,249,0,35000,36600,36462,35481706982
6694,LIFE,1337,0,212900,247500,117087,225504360859
11768,VGM,15,0,100600,101500,1406,101151493598
1495,BMO,1323,0,1505100,1525500,52139,1520132676115
9751,RYAN,3049,0,312400,320100,127034,318112521057
12404,XPND,1,0,389900,389900,99,389900000000
2131,CHCI,60,0,161100,174000,1808,166076050884
10178,SKYE,69,0,8200,8699,25316,8385412545
4466,FVD,1042,0,466100,471000,53855,467760211679
9345,RCI,2001,0,352800,358500,133876,355156854850
1697,BTCC,1,0,169500,169500,31,169500000000
11970,VV,365,0,3385600,3418600,11761,3405170385171
10124,SII,589,0,1278100,1322700,27778,1294967539059
6261,JVA,26,0,41500,42900,474,42231012658
3565,ENZL,6,0,440100,443500,404,441186633663
6563,LAW,1215,0,35300,38200,43662,36726783014
6005,IWL,5,0,1840400,1849900,819,1842896336996
12467,XXII,112,0,6035,7451,19094,6976771603
2194,CIGI,1246,0,909500,937900,60229,922066640654
7300,MNSB,290,0,219400,225500,9106,222120019767
1740,BUFG,2,0,289600,289800,12,289616666666
12013,WAY,5580,0,178900,192400,384807,181596958475
9059,PVAL,631,0,497700,500300,106730,499299289796
7661,NCNO,9717,0,148200,152000,810354,149880249742
2574,CRTO,783,0,159500,163200,74336,160868919500
10377,SORN,8,0,99000,99100,5899,99023732836
104,ACGL,8892,0,936200,948300,671476,942218933364
756,AS,8885,0,327100,338300,460546,330695983028
11029,TJX,7328,0,1471000,1482700,359207,1475630147797
621,APG,8196,0,428700,440000,344199,432629170625
10894,TDY,819,0,6162800,6316800,11837,6214356754245
11262,TSL,3515,0,168200,176000,325081,171009828012
989,AYI,906,0,2785700,2847100,15582,2808264959568
3722,EUM,2,0,166100,166600,175,166314285714
11563,USB-R,24,0,156800,157500,5557,157238456001
1290,BGMS,17,0,10000,10700,4383,10073237508
3364,EDU,478,0,502700,511700,23288,509397195980
10341,SO,18494,0,923500,938900,915506,928518228061
68,ABOS,463,0,22600,24000,71217,23206327140
1660,BSJR,19,0,224200,224400,1397,224300286327
11933,VSTS,3219,0,119500,123500,193451,121796102372
6846,LSTR,2072,0,1679500,1771200,63101,1752669821397
5716,IMMX,1442,0,95600,100600,134533,98051045468
1114,BBP,3,0,862400,863000,100,862640000000
11387,TYL,2088,0,3020900,3120300,43684,3086012297408
9438,REYN,2876,0,211300,216100,157618,212726882716
4695,GIL,1968,0,563900,573200,114659,567881572314
5645,IGPT,48,0,870600,887200,3881,876569054367
10037,SFIX,1070,0,30100,31500,202289,30607960393
553,AMZE,364,0,1460,2330,324496,1742770536
10826,TBLA,1255,0,48900,50400,240524,49862058671
7686,NEA,137,0,113000,113600,16986,113211468267
3294,EAI,14,0,203900,207000,659,204492109256
3599,EPRT,1652,0,301200,305900,67465,302692805158
3633,ERII,3074,0,82000,85900,268676,83995794562
10122,SIGIP,35,0,165100,166200,1898,165393677555
8912,PRLD,992,0,41100,45900,73808,43681908465
3825,EYE,9104,0,171500,182500,690202,175658382038
9507,RIME,400,0,6370,7000,41137,6556633808
3140,DRS,2937,0,414000,430000,145345,417530433795
6573,LBRT,5038,0,325300,332800,339411,328936131415
9393,REAX,1577,0,16300,17500,702218,16938044738
2336,CNI,1408,0,1108500,1119900,64055,1116298434158
10969,TGS,137,0,290200,297600,4931,293105009125
696,ARDX,2170,0,62100,63900,376051,62826655161
3489,EMA,535,0,509700,524000,29459,517627112257
12621,ZOOZW,1,0,350,350,104,350000000
2348,CNQQ,12,0,248800,250900,1031,250562366634
1324,BHVN,2866,0,85800,89500,166539,86925326800
11597,USMV,3697,0,946200,952600,262312,949477721568
4571,GDDY,2460,0,856300,884500,92930,872919728828
4454,FUSB,4,0,159000,162000,220,159589090909
4924,GRNY,468,0,267500,269400,85687,268395072764
9187,QMOM,14,0,774000,782500,996,777313453815
8728,PLAY,3021,0,100600,105200,198605,101764040180
3641,ES,3390,0,668300,683900,129609,674089986034
8238,ONDU,21,0,102100,134000,2306,122362402428
1577,BPI,1,0,264100,264100,1,264100000000
9336,RC,544,0,16500,17800,76732,17258433248
9092,PYZ,16,0,1256000,1270400,1240,1262180403225
4005,FENI,507,0,390400,392300,49356,391293338195
9549,RLTY,3,0,153900,156000,3,154633333333
8880,PRA,711,0,245000,246200,61546,245477036688
12298,XEMD,9,0,445200,445700,644,445391304347
2025,CDXS,771,0,23600,25200,109595,24466824216
12199,WST,1314,0,2989600,3046600,30291,3028206685154
3666,ESOA,941,0,174900,184900,44854,181888600793
5722,IMPP,607,0,47800,49100,77553,48387024357
2530,CRCT,874,0,39100,40500,107758,39595912136
4329,FRME,2963,0,387900,397400,71350,390392442887
9416,REM,742,0,217100,219000,65115,217723713430
8225,ONB,5982,0,231400,236300,551481,232791385015
6545,LAKE,382,0,95100,103200,13339,99081685283
8341,OTF,1094,0,110100,112100,105247,111087186333
3702,ETR,5938,0,1089900,1117000,264109,1098791425131
7240,MLCI,62,0,34500,36000,6178,34658692133
4362,FSK,1198,0,106300,110300,122230,109106099157
3957,FDN,1826,0,2655300,2697000,124776,2684245692280
9500,RILY,1219,0,89000,93700,116505,91074658598
9578,RNAC,447,0,73600,82200,27903,76448747446
4497,FYC,36,0,1112200,1118000,2016,1115150148809
4172,FLJP,668,0,389700,391900,25597,390912102980
1285,BGL,131,0,9450,10300,49400,9829407327
11558,USB,14008,0,523400,534100,569190,528983550484
1384,BJ,2718,0,952400,972000,114810,960523700897
3778,EWA,994,0,286200,288300,271716,287318351882
8865,PPL,6029,0,349000,357100,352023,352040416961
9002,PSNL,3499,0,63200,65800,343379,64242592295
9386,RDY,1295,0,135900,138500,182321,136404657170
1178,BCX,89,0,118800,120200,7631,119549325121
11451,UFPI,1779,0,799800,839000,91657,812288468965
10653,STXD,3,0,378400,378800,24,378733333333
380,AIT,740,0,3055800,3134100,8967,3080258414185
1236,BERZ,61,0,240800,251900,6582,247138058340
6323,KEAT,3,0,336400,338000,21,337923809523
4006,FENY,1499,0,326200,331300,240421,329084140320
9599,RNXT,93,0,8060,8600,26880,8410893973
4846,GOOS,1222,0,95000,98400,83111,96498483955
6809,LQ,2,0,249000,250000,206,249966019417
8748,PLSE,1716,0,237400,263400,95406,245619054357
9055,PULT,2,0,503500,503700,300,503566666666
4540,GBDC,1492,0,129900,131800,209793,130578012135
3627,ERAS,6851,0,99500,102900,558777,101674106844
935,AVO,2405,0,119400,123600,218944,120923569953
9544,RLGT,926,0,81300,84500,20338,82810605762
10929,TER,16299,0,3356000,3465100,403811,3407853418059
656,APT,131,0,54600,58100,15031,55879728560
12478,XZO,267,0,134100,137300,6001,135396283952
2205,CIMP,11,0,250100,251600,597,250555946398
1312,BHFAN,45,0,130300,131300,6509,130937332923
11585,USGOW,53,0,2100,3136,6788,2272956540
11684,VBCB,2,0,754200,754200,171,754200000000
1411,BKLC,27,0,1414100,1422400,309,1418038511326
10207,SLN,949,0,60800,71500,35406,62966372931
8320,ORR,67,0,364600,368800,4814,365460739509
970,AXIA,1861,0,106900,111000,333614,107880249030
11243,TRVG,63,0,29700,30900,6389,30263891062
2488,CPSH,1895,0,45300,48600,100176,46943856812
9776,SABS,1110,0,36000,38400,96469,36757092952
2385,COHH,10,0,142900,151800,745,147712080536
4373,FSTA,24,0,538000,543200,1963,539128323993
1477,BMBL,1004,0,31400,32600,194114,31942006243
11750,VFH,981,0,1250800,1260400,32264,1254100092982
506,AMH,4915,0,304700,316300,311697,306970553774
7900,NRES,2,0,339100,339700,106,339513207547
9048,PTRN,2427,0,160000,169000,253265,164537792036
9754,RYLD,507,0,155500,156800,83593,155892084265
10700,SVAQ,6,0,99100,99300,4600,99295652173
427,ALGT,1663,0,746600,781200,66809,755363385172
1762,BURL,2638,0,2868100,2937100,58726,2914062393147
12035,WCN,2425,0,1555300,1581400,117610,1569760855369
10219,SLRC,1428,0,128900,132500,88177,130951021241
10318,SNFCA,85,0,92100,93900,3170,92927697160
45,AAXJ,1691,0,1122600,1136300,73830,1131263094947
1836,CABR,35,0,9100,9500,14986,9411117176
12109,WHWK,578,0,46200,50700,58690,47167074459
7121,MFC,4853,0,370500,377600,221625,375745896446
3414,EFZ,1,0,119900,119900,100,119900000000
8665,PHAT,3267,0,118600,129000,222941,121002972983
8746,PLRX,331,0,11400,11600,72442,11468449242
5962,ITRN,344,0,570400,583000,9984,575865354567
1443,BLK,2095,0,10500000,10990800,23942,10835499653328
11716,VDC,106,0,2307200,2330100,1699,2315591818716
4085,FIBK,7437,0,336900,343900,306101,339978160803
3184,DTIL,1122,0,72500,80100,57823,74287281877
5701,IMA,70,0,56000,58500,3961,56819666750
3714,EUAD,145,0,376500,382300,16001,377636397725
6704,LIND,1658,0,185700,190800,72985,187271610604
9423,REPX,491,0,362800,369900,13533,366098802926
5023,GUSH,847,0,381600,395900,77542,390239808103
1851,CAIE,42,0,273900,274800,4181,274469959339
12124,WKC,1383,0,281500,286000,47690,284192711260
4077,FHN,2877,0,232400,237900,168146,234681718863
3438,EHTH,429,0,17300,17900,24477,17533713281
747,ARTW,14,0,26000,26800,419,26555847255
11020,TIPT,1161,0,165900,169800,56125,167171221380
3452,EIX,3661,0,685700,702300,128105,693068669450
295,AGNCN,9,0,256800,257400,272,257052941176
10568,SSK,2,0,121900,122300,478,122174476987
2810,DBRG,237,0,156400,156800,153629,156584517246
8733,PLD,3752,0,1402300,1414800,90565,1406842164191
3646,ESE,1116,0,2884500,2944000,35935,2923599437873
1047,BANC,3756,0,182100,186200,285693,183309798629
11320,TUA,20,0,205400,205700,4691,205531379236
8188,OILU,89,0,457400,476500,7084,468524392998
10161,SJM,2693,0,990300,1008500,70977,1003594903982
10067,SGRY,3917,0,138700,146000,251112,140599583452
3517,EMLC,320,0,252000,252700,72889,252231077391
9322,RBA,2345,0,1002100,1020800,101931,1010606766341
4580,GDMA,3,0,408100,411500,124,408545161290
5417,HYP,4,0,298100,300700,316,300164873417
5266,HONG,3,0,141600,147900,44,142538636363
1045,BAMV,2,0,345800,345800,105,345800000000
11318,TTXU,16,0,277700,284900,897,281350501672
9699,RUBI,50,0,17900,19400,5639,18573647809
9382,RDVY,2645,0,736100,739700,97083,737481558048
4295,FOX,5919,0,572500,589900,164460,578023322388
5281,HOYY,92,0,60200,60800,5786,60493587970
2720,CWEN,1936,0,362600,369200,62663,365108370170
3843,F-B,24,0,211100,212000,2583,211481649245
4021,FEZ,3023,0,648700,653600,139647,650409558386
9247,QTEC,309,0,2873100,2936200,12046,2906381495932
7138,MFSV,18,0,273000,274900,4421,273303551232
11960,VTWO,5711,0,1118500,1139400,476802,1124296984073
1687,BSVN,49,0,419000,423500,1959,420079938744
6362,KIM,2725,0,229400,231500,144437,230304066824
11443,UFCS,961,0,480500,493500,33761,485561265957
4072,FHB,5217,0,261300,267300,272124,263306438608
9596,RNW,968,0,53300,54600,190739,53952432381
7190,MIGO,1,0,280600,280600,50,280600000000
10095,SHOC,11,0,1048500,1058500,392,1055141836734
10843,TCBI,1275,0,953000,970100,34494,958632646257
6614,LECO,1648,0,2598300,2655600,25992,2612452900892
2818,DCBO,463,0,164300,175800,35845,172453474682
2808,DBO,1611,0,228000,231700,99687,230318425672
5302,HRB,3438,0,358300,375300,169689,366050247806
9213,QQQJ,73,0,412200,416000,8753,414103096081
4674,GHM,371,0,945000,991600,11196,976813924615
8505,PBW,1243,0,400000,417900,90508,411943496707
5273,HOPE,2014,0,117600,120100,124562,118500284998
8233,ONCY,268,0,8450,8700,86419,8510342123
11173,TPTA,1,0,235000,235000,11,235000000000
900,AVBP,998,0,275700,283000,43186,278647520029
2435,CORT,2650,0,561000,577200,120461,566040319273
6480,KSA,452,0,382700,385300,27695,383975096587
6015,IWR,2829,0,1036200,1043300,133944,1038692182553
8212,OMAB,275,0,1017200,1038300,6080,1026778009868
12037,WCT,130,0,19400,23400,6892,21317077771
7219,MKC,4555,0,457600,471200,235599,461238301945
12405,XPO,2006,0,2008400,2046600,61186,2033012770895
2132,CHCO,476,0,1203600,1222500,11693,1211600162490
10822,TBH,70,0,7800,8650,25292,8272151826
549,AMX,1435,0,265000,268900,89959,266235206038
169,ADAMN,2,0,234700,234700,48,234700000000
10442,SPIP,23,0,259000,259300,3868,259143459152
11811,VIVO,1564,0,40100,49300,520851,42621055157
1538,BOAT,4,0,412300,420000,203,412390147783
1439,BLFS,1247,0,202900,208200,68933,206202902818
11712,VCTR,2192,0,844400,879900,96717,854903666366
764,ASBPW,2,0,147,149,11328,148982344
11037,TKR,2241,0,1138200,1159100,80036,1144571349142
93,ACCL,11,0,14100,14700,1048,14251812977
10366,SOLV,2093,0,728300,757000,65356,746762277373
9384,RDWR,450,0,272300,282500,27162,278942426919
767,ASCI,2,0,363200,366100,105,363338095238
11040,TLDR,4,0,250100,250200,69,250108695652
2212,CISS,54,0,30500,32400,2740,31952007299
12485,YBMN,42,0,147500,157000,3521,150251377449
8200,OKTG,4,0,112800,120000,117,113717948717
1373,BITW,6,0,509300,514000,443,510291422121
4428,FTS,2859,0,547100,558800,112278,550104474607
11323,TULP,24,0,36000,39000,324,38113271604
1050,BANF,789,0,1065900,1093500,20455,1071538469811
9381,RDVT,1866,0,452400,474900,60063,462177190616
9631,RPD,2247,0,62600,65700,208468,64603099276
11076,TME,1749,0,84400,86500,310098,85246532709
803,ASTH,1477,0,377600,391300,61018,383652900783
8060,NXDR,487,0,20100,20900,188627,20597618050
2328,CNCK,465,0,19500,22600,45859,21475405045
7773,NI,7828,0,461500,471300,332942,465080292062
2686,CVCO,1102,0,4553000,4729400,11613,4628355687591
10433,SPH,124,0,200600,204500,7466,202501915349
934,AVNW,1062,0,156400,163900,75424,159998306904
11207,TRN,1540,0,341200,350900,45970,343689343049
1311,BHFAM,20,0,115200,115800,1162,115462134251
11584,USGO,221,0,126100,128600,13432,127434261465
9809,SARO,3608,0,252000,260000,167260,254250553031
5820,INVH,4416,0,277700,285800,306843,279598624703
11990,VZLA,1367,0,34200,36500,572994,34813391588
1717,BTOG,7,0,17700,18600,567,18045855379
4845,GOOP,9,0,425100,470000,320,466055000000
1044,BAMU,1,0,253100,253100,12,253100000000
11317,TTXD,1,0,186700,186700,33,186700000000
11416,UBSI,7836,0,414400,420800,240945,417015862956
1143,BCE,1667,0,237900,243300,181641,239823368072
6230,JRVR,1085,0,41000,42600,95700,41696859979
12151,WNC,1299,0,66400,69200,73488,68058063901
968,AXG,111,0,35500,36200,12399,35920533914
11241,TRUT,46,0,306400,312300,4066,308741957697
11825,VLTO,3084,0,844800,864000,146183,854138301307
1552,BOKF,1173,0,1246700,1270400,29198,1257273402287
4211,FLXS,192,0,534900,551800,5746,540656247824
3437,EHLS,2,0,271200,272000,100,271208000000
3611,EQH,5937,0,419000,428800,386838,424634238621
2520,CRBG,7973,0,271600,277800,556213,274933409862
8270,OPEX,21,0,166300,174000,1215,167791028806
1890,CARR,8779,0,644100,657200,369591,647648770938
11762,VGASW,40,0,255,350,6699,336087625
1489,BMM,87,0,65800,70900,8750,67677405714
10459,SPOK,874,0,108100,109300,26793,108705258836
8159,OEF,3753,0,3685300,3720100,84366,3700738108953
10060,SGMT,1413,0,69000,73000,96090,70225423040
3886,FBP,3018,0,230600,234000,127183,232168178923
8638,PFS,2525,0,213200,217800,108799,214775758968
3816,EXP,726,0,1931200,2005400,16684,1947404759050
4551,GBX,1051,0,470300,481100,40687,475196015926
7145,MGC,109,0,2721700,2740200,3197,2727484141382
9661,RSKD,1445,0,44000,47000,154992,45412438061
8359,OVID,896,0,26100,27500,178177,26540087665
3794,EWS,899,0,287600,289800,51848,289053429254
8895,PRFX,61,0,14900,15900,3744,15419684829
2968,DGRW,1954,0,957000,962300,77994,959225492986
8055,NWPX,532,0,1086600,1130000,15534,1110339886700
770,ASGI,25,0,236000,238400,4771,238162733179
11043,TLH,967,0,977400,981200,70411,979075836161
8659,PGX,430,0,110400,110800,116719,110622650982
12209,WTFCN,6,0,264000,264900,890,264202247191
1936,CBSH,6715,0,504700,513900,321994,507987923066
492,AMBR,17,0,18500,20000,1256,19509633757
8440,PAR,1686,0,141100,148600,74900,145684982643
7574,MYSZ,10,0,5200,5647,1938,5338616615
12502,YETH,8,0,113300,113700,886,113353498871
2229,CLDT,1184,0,96700,99600,40027,98512386639
2563,CRNT,457,0,25100,26000,25816,25490544623
3832,EZET,16,0,167300,170100,3204,169025468164
4813,GNLX,589,0,28400,29900,22176,28970026154
2550,CRI,1324,0,332100,338500,61341,334618855251
1424,BKUI,1,0,497000,497000,100,497000000000
11697,VBND,4,0,433500,434300,340,434029411764
10930,TERG,117,0,426000,454500,3310,440447945619
657,APTV,7236,0,543000,569200,458952,550343503677
7766,NHP,563,0,138000,150000,61574,147170885438
2992,DIG,61,0,601000,617500,2013,610335668156
2896,DETX,96,0,37600,41800,10067,39845326313
6854,LTM,686,0,469500,480300,45836,475504378654
2776,DAPP,698,0,207800,215900,83646,209877334241
12038,WD,504,0,505700,524300,14517,516190466349
1765,BUSE,3300,0,255700,261900,94419,257344686980
781,ASMB,478,0,285200,307600,26837,290328378730
11054,TLSI,4207,0,23500,27200,348578,25304503439
8466,PBA,2100,0,482800,493600,80209,487623309104
3830,EZA,106,0,672900,680900,7898,674834920232
3482,ELTX,328,0,105000,108700,16276,106376554435
4670,GH,5002,0,925800,970100,254676,944777304889
10143,SITE,890,0,1173100,1217500,32277,1184891120612
595,AOD,135,0,103500,104200,5888,103901120923
10868,TDC,3768,0,330600,340500,166671,336611507100
10032,SFBS,867,0,745000,763400,17701,748632207219
9593,RNST,1799,0,389400,397100,85327,391644340009
3221,DVA,1242,0,1921100,1998900,34762,1967856302859
8493,PBOG,7,0,333600,338200,464,336456896551
3027,DJTWW,16,0,41700,42500,1359,41933038999
4706,GIWWR,15,0,3000,3300,1700,3252941176
3103,DOMO,1233,0,34200,35400,102882,35007445422
1074,BBAG,22,0,455000,455900,2105,455305605700
11347,TWFG,320,0,177600,183500,14264,180445036455
8624,PFGC,3714,0,953200,977800,158202,968936749851
3266,DXPE,598,0,1449400,1500000,12926,1469757009128
7068,MDXG,1106,0,35100,35900,242317,35543498392
3881,FBLA,970,0,139000,141100,21067,140251701713
10108,SHYG,466,0,422400,423200,95729,422712727595
9568,RMNI,733,0,34000,34800,78855,34476338849
7461,MTDR,2721,0,584000,604100,115196,596809580193
10482,SPTX,323,0,163100,170900,28097,167788543260
209,AEE,4329,0,1062900,1091200,158017,1072702395944
4261,FNF,2028,0,475200,479500,77017,478086458833
